is_tv_subscriber,is_movie_package_subscriber,subscription_age,bill_avg,reamining_contract,service_failure_count,download_avg,upload_avg,download_over_limit,remaining_contract_missing,actual_churn,predicted_churn,predicted_probability
1,0,2.39,18,,0,3.3,0.1,0,1,1,1,0.813809523809524
1,0,1.09,23,,0,6.8,0.5,0,1,1,1,0.9445
1,1,0.02,0,1.95,0,,,0,0,0,0,0.0
1,1,2.01,21,,0,0.0,0.0,0,1,1,1,1.0
0,0,0.02,3,0.0,0,5.9,0.3,0,0,1,1,0.99
1,0,5.99,29,,0,217.3,8.5,0,1,0,1,0.505702380952381
0,0,3.28,0,,0,5.4,9.4,4,1,1,1,0.9664166666666667
1,1,5.93,21,0.43,1,78.7,4.4,0,0,0,0,0.003333333333333333
1,0,6.52,19,1.93,1,66.9,3.6,0,0,0,0,0.05878787878787879
1,1,2.84,15,1.08,1,36.3,2.5,0,0,0,0,0.020944444444444446
1,0,1.07,4,0.0,0,0.0,0.0,0,0,1,1,1.0
1,0,0.7,14,,1,0.0,0.0,0,1,1,1,1.0
1,1,6.78,6,1.73,0,5.3,2.6,0,0,0,0,0.2863928571428571
1,0,0.65,20,,0,2.7,0.2,0,1,1,1,1.0
1,0,0.32,18,0.63,0,27.8,3.9,0,0,0,0,0.135
1,1,0.13,15,1.84,0,75.7,7.8,0,0,0,0,0.01
1,1,5.96,21,0.44,0,56.3,3.6,0,0,0,0,0.009000000000000001
1,0,0.19,13,0.0,0,13.7,0.4,0,0,1,1,1.0
1,0,3.84,15,0.0,0,22.2,2.8,0,0,1,1,1.0
1,0,6.21,20,1.04,0,175.1,10.6,0,0,0,0,0.006500000000000001
1,1,1.01,0,,0,0.0,0.0,1,1,1,1,1.0
0,0,2.85,14,,9,0.0,0.0,0,1,1,1,1.0
1,0,0.87,14,1.1,0,29.9,0.6,0,0,0,0,0.02
0,0,0.8,12,,0,0.0,0.0,0,1,1,1,1.0
1,0,4.64,22,0.08,0,36.3,1.5,0,0,0,0,0.0
1,1,3.2,16,1.52,0,102.0,26.2,0,0,0,0,0.051500000000000004
0,0,6.81,14,,0,0.0,0.0,0,1,1,1,0.9908333333333335
0,0,2.73,23,,0,0.0,0.0,0,1,1,1,1.0
1,1,0.19,16,0.0,0,48.4,3.6,0,0,1,1,1.0
1,0,1.21,14,0.76,1,34.8,2.6,0,0,0,0,0.0425
1,0,3.54,20,0.0,1,126.5,6.0,0,0,1,1,0.9891666666666665
1,0,2.42,21,0.13,0,95.9,8.9,0,0,0,0,0.03255555555555555
1,0,1.03,30,0.0,0,54.2,2.7,0,0,1,1,1.0
1,0,1.18,9,0.0,0,0.0,0.0,0,0,1,1,1.0
1,0,2.03,27,0.0,2,58.3,2.6,0,0,1,1,1.0
1,0,0.36,19,1.61,0,29.2,6.1,0,0,0,0,0.09910497835497833
1,0,1.4,22,1.09,5,225.3,17.2,0,0,0,0,0.0969047619047619
1,0,0.96,8,1.02,0,34.7,2.2,0,0,0,0,0.04488888888888889
1,0,1.54,33,0.0,1,0.0,0.0,0,0,1,1,1.0
1,1,6.88,21,0.48,0,7.7,1.2,0,0,0,0,0.05638095238095238
1,0,0.58,21,0.45,2,94.9,6.6,0,0,0,0,0.0787142857142857
1,1,1.33,17,0.56,0,142.2,9.4,0,0,0,0,0.27475
1,0,1.28,13,,0,0.0,0.0,0,1,1,1,1.0
0,0,1.42,16,0.0,0,41.3,8.3,0,0,1,1,1.0
0,0,0.54,24,1.44,0,153.3,14.9,0,0,1,0,0.4805238095238096
1,1,2.19,24,1.07,2,53.6,8.8,0,0,0,0,0.13085714285714287
1,0,2.28,0,,3,3.2,0.5,6,1,1,1,1.0
1,1,2.04,21,,0,0.2,0.0,0,1,1,1,1.0
1,1,1.95,3,0.02,0,122.0,7.5,0,0,1,1,0.9591666666666667
1,0,2.06,23,,0,8.2,0.4,0,1,1,1,0.9926666666666667
1,0,0.55,19,0.0,0,6.3,0.6,0,0,1,1,0.996
0,0,1.49,21,,0,17.0,2.0,0,1,1,1,0.9933333333333334
1,0,0.16,23,0.0,1,53.8,2.1,0,0,1,1,0.992
0,0,0.78,21,0.0,0,57.7,1.9,0,0,1,1,1.0
1,0,0.73,16,0.0,0,8.2,1.0,0,0,1,1,1.0
1,0,3.05,12,0.89,3,63.6,11.3,0,0,0,0,0.0
1,1,2.8,25,0.1,0,80.4,5.7,0,0,0,0,0.01
1,0,3.74,25,0.0,0,54.7,1.8,0,0,1,1,0.993
1,1,0.65,26,0.0,0,55.3,4.1,0,0,1,1,0.9866666666666666
1,0,0.9,20,1.07,0,108.4,17.9,0,0,0,0,0.10233333333333333
1,0,2.39,136,,0,154.1,26.1,0,1,1,1,0.6310476190476191
1,0,0.67,11,0.0,0,0.0,0.0,0,0,1,1,1.0
1,1,1.11,19,1.79,0,103.0,4.9,0,0,0,0,0.06152380952380953
1,1,6.15,22,,0,15.0,0.5,0,1,1,1,0.807904761904762
1,0,2.59,22,,0,3.0,0.2,0,1,1,1,1.0
0,0,0.05,13,1.92,0,29.8,0.9,0,0,0,0,0.03713095238095238
1,1,1.43,21,0.51,0,148.5,9.8,0,0,0,0,0.13566666666666666
1,0,3.13,12,0.82,0,72.2,6.5,0,0,0,0,0.006666666666666666
0,0,2.13,11,,1,0.0,0.0,0,1,1,1,1.0
1,1,0.71,15,1.26,0,130.1,6.9,0,0,0,0,0.010476190476190477
0,0,0.01,0,1.96,0,,,0,0,0,0,0.0
1,1,4.22,16,1.67,0,33.3,2.0,0,0,0,0,0.022333333333333334
1,0,1.25,37,0.97,0,138.3,13.3,0,0,0,0,0.023928571428571428
1,0,2.3,36,,0,10.6,1.0,1,1,1,1,0.951654761904762
1,1,1.06,22,0.92,0,54.7,3.7,0,0,0,0,0.034761904761904765
1,0,3.93,6,0.02,0,44.7,0.9,0,0,1,1,0.7976190476190478
1,1,7.42,10,0.44,0,24.1,3.1,0,0,1,0,0.37333730158730155
1,0,6.19,24,2.0,0,80.5,4.6,0,0,0,0,0.08159523809523808
1,0,1.9,20,0.0,0,92.0,6.9,0,0,1,1,1.0
1,0,0.25,2,1.97,0,36.5,2.1,0,0,1,0,0.32101587301587303
1,1,0.15,18,1.82,0,39.3,2.3,0,0,0,0,0.019166666666666665
0,0,2.27,22,,1,1.2,0.1,0,1,1,1,0.992
1,0,1.81,13,0.12,0,104.7,7.2,0,0,0,0,0.01
1,0,3.13,32,,0,23.6,1.1,0,1,1,1,0.9424166666666668
0,0,0.67,18,0.0,0,0.0,0.0,0,0,1,1,1.0
1,1,3.32,12,0.55,0,184.3,15.8,0,0,0,0,0.05833333333333334
1,0,1.47,21,0.44,1,57.4,8.8,0,0,0,0,0.0895952380952381
1,0,1.92,22,0.0,0,7.4,0.6,0,0,1,1,1.0
1,0,2.76,32,0.0,1,10.5,1.4,0,0,1,1,0.9896666666666667
1,0,2.96,12,0.98,0,36.4,3.4,0,0,0,0,0.0
1,1,2.32,23,0.0,0,157.8,5.5,0,0,1,1,1.0
1,0,4.56,25,0.0,0,25.4,3.3,0,0,1,1,0.9854761904761905
1,0,5.65,13,,1,47.9,4.5,1,1,1,1,0.8472813852813853
1,0,0.71,22,0.0,0,106.4,10.3,0,0,1,1,1.0
0,0,0.67,15,0.0,0,0.0,0.0,0,0,1,1,1.0
1,1,2.96,20,,0,113.2,5.0,0,1,1,1,0.6509166666666667
0,0,0.48,0,1.49,0,0.0,0.0,3,0,1,1,1.0
0,0,0.35,36,1.62,0,100.6,15.0,0,0,0,0,0.06513492063492063
1,0,1.01,22,0.0,0,35.4,9.9,0,0,1,1,0.995
1,0,3.82,12,0.12,0,27.7,0.6,0,0,1,0,0.3583253968253968
1,1,2.55,24,,0,10.3,1.3,0,1,1,1,0.9409047619047619
0,0,2.49,21,,0,7.3,0.7,0,1,1,1,0.98
1,0,3.02,12,0.92,0,109.5,10.5,0,0,0,0,0.0
1,0,1.02,23,0.0,1,110.9,8.0,0,0,1,1,0.995
1,1,4.53,19,0.0,0,49.1,2.4,0,0,1,1,0.9806666666666666
1,0,0.72,21,,0,12.2,2.0,0,1,1,1,0.990952380952381
1,0,0.87,17,0.0,0,15.5,2.8,0,0,1,1,1.0
0,0,0.12,19,,0,26.7,1.7,0,1,1,1,0.9279166666666666
1,0,1.28,12,,0,0.0,0.0,0,1,1,1,1.0
1,0,0.09,18,1.88,0,90.5,13.2,0,0,0,0,0.006999999999999999
0,0,6.03,8,,1,6.6,0.9,5,1,1,1,0.9066666666666667
1,0,0.92,22,1.06,1,125.9,36.2,0,0,0,0,0.07966666666666666
1,0,2.96,19,,0,2.3,0.2,0,1,1,1,0.961
1,1,1.13,36,0.0,5,0.0,0.0,0,0,1,1,1.0
0,0,5.05,24,,0,81.8,6.6,0,1,1,1,0.5795793650793651
1,1,0.71,22,1.27,0,74.3,4.5,0,0,0,0,0.0360952380952381
0,0,0.8,22,0.0,2,0.0,0.0,0,0,1,1,1.0
1,0,6.39,20,1.72,0,76.2,4.8,0,0,0,0,0.03072222222222222
1,0,0.29,18,1.68,0,36.2,4.7,0,0,0,0,0.0
0,0,6.46,23,,0,39.3,3.6,0,1,0,1,0.7779603174603176
0,0,0.88,25,0.09,0,48.9,2.6,0,0,0,0,0.04533333333333333
0,0,1.97,19,0.0,4,0.0,0.0,0,0,1,1,1.0
0,0,7.81,11,,0,,,0,1,0,0,0.06777380952380951
1,0,1.52,13,0.0,0,1.7,0.2,0,0,1,1,1.0
1,0,1.13,14,0.84,0,27.3,2.7,0,0,0,0,0.0
1,0,1.02,33,,2,102.7,7.8,0,1,1,1,0.8657738095238094
0,0,0.3,21,0.0,0,0.0,0.0,0,0,1,1,1.0
1,0,2.85,9,0.0,0,0.0,0.0,0,0,1,1,1.0
1,0,2.08,19,1.85,0,80.2,4.9,0,0,0,0,0.025
1,1,2.19,21,,0,34.5,2.4,0,1,1,1,0.8735
1,0,2.22,15,,0,15.6,1.4,0,1,1,1,0.7050753968253969
1,0,2.22,23,1.7,0,39.0,3.1,0,0,0,0,0.2081825396825397
1,0,5.82,16,,0,9.1,25.9,0,1,1,1,0.8716785714285713
1,1,6.18,21,0.49,0,38.2,3.2,0,0,0,0,0.02
1,0,5.76,10,,0,1.0,0.1,3,1,1,1,0.8944999999999999
1,1,4.85,29,0.0,0,84.7,6.2,0,0,1,1,1.0
0,0,2.04,21,,0,11.0,1.3,0,1,1,1,1.0
0,0,1.98,0,,0,0.0,0.0,7,1,1,1,1.0
1,1,5.36,21,0.41,1,24.5,5.1,0,0,0,0,0.021785714285714287
1,0,0.5,19,0.0,1,25.5,3.3,0,0,1,1,1.0
1,0,0.6,23,0.0,0,0.0,0.0,0,0,1,1,1.0
1,0,1.97,22,0.0,0,96.8,7.7,0,0,1,1,0.99
1,0,1.22,24,0.0,0,0.0,0.0,0,0,1,1,1.0
1,1,5.76,15,1.59,0,95.8,4.4,0,0,0,0,0.057095238095238095
0,0,0.15,27,1.82,0,102.3,4.0,0,0,0,0,0.03
0,0,2.41,0,,0,25.1,2.2,7,1,1,1,0.9922222222222223
1,1,3.05,24,1.12,0,127.9,8.3,0,0,0,0,0.1330952380952381
1,0,0.07,11,1.9,0,22.1,1.2,0,0,0,0,0.04383333333333333
1,0,7.1,24,,0,22.3,1.6,0,1,0,0,0.33084992784992784
1,0,0.49,12,,0,25.5,1.5,0,1,1,1,0.8774047619047619
1,1,1.13,28,1.08,0,163.5,17.3,0,0,0,0,0.02333333333333333
0,0,6.4,33,0.18,0,29.3,4.8,0,0,0,0,0.09028571428571429
1,0,2.67,22,1.04,0,31.6,4.3,0,0,0,0,0.09857142857142856
1,0,4.26,20,,0,48.0,2.9,0,1,1,1,0.921952380952381
1,1,0.39,15,1.59,0,43.4,3.4,0,0,0,0,0.06935714285714285
1,1,1.7,15,1.17,0,57.9,4.3,0,0,0,0,0.048499999999999995
0,0,2.52,14,,2,0.0,0.0,0,1,1,1,1.0
0,0,0.16,15,,0,11.7,2.7,0,1,1,1,0.9363333333333332
1,0,0.33,18,0.01,0,0.0,0.0,0,0,1,1,1.0
1,1,4.8,12,0.0,0,4.1,0.3,0,0,1,1,0.995
1,1,3.19,18,1.7,0,61.4,4.3,0,0,0,0,0.051833333333333335
1,0,1.81,21,0.12,3,33.6,5.2,0,0,0,0,0.16257142857142856
1,0,1.73,21,0.18,0,110.2,7.5,0,0,0,0,0.08004761904761905
1,1,1.45,17,0.47,0,93.6,5.8,0,0,0,0,0.23464285714285718
1,1,2.65,10,1.27,0,11.4,1.8,0,0,0,0,0.012833333333333332
1,1,1.32,17,0.98,0,74.6,12.7,0,0,1,0,0.4825551948051949
1,0,0.25,12,1.07,0,92.9,2.6,0,0,0,0,0.04977380952380952
0,0,2.98,13,0.0,0,59.1,2.2,0,0,1,1,0.9841666666666665
1,1,3.08,24,,0,2.8,0.2,0,1,1,1,0.995
1,1,0.06,10,1.92,0,44.8,1.0,0,0,0,0,0.09944444444444445
1,0,1.12,14,0.85,0,65.9,8.0,0,0,0,0,0.003333333333333333
1,0,3.06,24,,0,1.0,0.3,0,1,1,1,0.9975
1,0,5.68,10,,0,2.5,0.2,5,1,1,1,0.91525
1,1,0.16,18,1.82,0,16.6,0.7,0,0,0,0,0.01125
0,0,2.5,22,,0,7.2,0.8,0,1,1,1,0.983
1,1,5.41,18,,0,12.6,0.5,0,1,1,1,0.9173333333333333
1,0,1.98,30,,0,36.6,4.8,0,1,1,1,0.9816666666666666
0,0,3.04,24,,0,0.0,0.0,0,1,1,1,1.0
1,1,2.12,7,1.8,0,68.1,4.3,0,0,0,0,0.017
1,0,0.99,21,0.52,0,60.5,4.1,0,0,1,0,0.026642857142857142
0,0,2.52,22,,0,13.8,1.6,0,1,1,1,1.0
1,1,1.95,14,1.97,0,34.2,5.5,0,0,0,0,0.04916666666666667
1,1,2.49,15,1.44,0,103.5,5.3,0,0,0,0,0.11291269841269841
1,1,1.73,17,0.0,0,0.0,0.0,0,0,1,1,1.0
0,0,1.98,21,,0,1.9,0.1,0,1,1,1,1.0
1,1,0.38,35,1.6,3,187.2,6.4,0,0,0,0,0.18544047619047618
1,1,0.46,12,0.95,0,68.2,3.6,0,0,0,0,0.134
1,1,7.11,15,1.32,0,63.5,3.9,0,0,0,0,0.026095238095238095
1,0,1.95,21,0.0,0,7.2,0.5,0,0,1,1,1.0
0,0,3.54,24,,0,8.7,0.5,0,1,1,1,0.9592857142857142
1,0,0.15,13,0.0,1,5.2,0.4,0,0,1,1,0.9966666666666667
1,0,3.0,25,0.17,0,169.8,6.6,0,0,0,0,0.0265
1,1,0.94,10,1.14,0,76.2,6.8,0,0,0,0,0.07533333333333332
1,1,4.95,25,1.95,0,25.3,1.3,0,0,0,0,0.006999999999999999
0,0,3.33,0,,0,12.5,0.6,7,1,1,1,0.997
1,1,1.98,24,,0,11.8,1.6,0,1,1,1,0.9966666666666667
1,0,1.67,13,0.55,0,25.2,1.7,0,0,0,0,0.061666666666666675
1,0,0.89,14,1.08,0,23.2,1.6,0,0,0,0,0.0
1,1,4.8,25,0.08,1,32.8,3.0,0,0,0,0,0.024166666666666666
0,0,1.11,13,,0,1.4,0.1,0,1,1,1,0.9796666666666666
1,1,5.76,10,1.38,0,90.9,4.2,0,0,0,0,0.05416666666666666
1,0,0.04,3,1.94,0,20.7,0.9,0,0,0,0,0.09795238095238096
1,0,0.77,14,1.2,0,13.0,0.7,0,0,0,0,0.026190476190476188
1,0,0.55,14,0.98,0,19.5,1.0,0,0,0,0,0.13104761904761905
1,0,2.05,23,,0,14.3,1.5,0,1,1,1,0.9638095238095239
1,0,1.71,25,0.25,0,20.5,3.9,0,0,0,0,0.19664285714285715
0,0,4.69,7,,0,5.1,0.5,5,1,1,1,0.9326666666666668
1,1,2.39,22,,0,28.0,6.6,0,1,1,1,0.9590714285714286
0,0,0.58,22,,0,0.0,0.0,0,1,1,1,1.0
1,0,3.14,21,0.42,0,12.1,1.0,0,0,0,0,0.016666666666666666
1,0,3.01,26,,0,26.9,2.6,0,1,1,1,0.8680833333333335
1,1,0.24,15,1.73,0,82.0,4.4,0,0,0,0,0.07483333333333334
1,0,2.12,24,,3,12.7,0.9,0,1,1,1,0.99
1,0,0.95,20,0.0,0,0.0,0.0,0,0,1,1,1.0
1,1,0.7,17,0.0,0,0.0,0.0,0,0,1,1,1.0
1,1,4.88,13,1.49,0,43.5,3.9,1,0,0,0,0.06333333333333332
1,1,1.12,8,0.0,0,0.0,0.0,0,0,1,1,1.0
1,0,3.0,12,0.93,0,23.1,4.4,0,0,0,0,0.0
1,0,3.31,11,0.63,1,73.9,7.8,0,0,1,1,0.5049999999999999
1,0,0.99,19,0.0,0,0.0,0.0,0,0,1,1,1.0
1,1,2.32,22,,1,1.9,0.2,0,1,1,1,0.8819761904761905
0,0,1.68,24,,1,37.5,2.6,0,1,1,1,0.9103333333333333
0,0,0.95,23,,0,0.0,0.0,0,1,1,1,1.0
1,0,2.97,16,0.0,0,27.9,1.0,0,0,1,1,1.0
1,0,1.42,13,0.56,0,4.7,0.4,0,0,0,0,0.012
1,0,1.05,22,,0,100.8,6.6,0,1,1,1,0.8960873015873015
1,0,3.75,25,0.0,2,5.4,0.4,0,0,1,1,1.0
1,1,6.8,20,0.0,0,63.7,8.0,0,0,1,1,0.9393452380952381
1,1,6.77,41,,0,16.1,0.8,0,1,0,1,0.6055818903318904
1,0,0.39,12,1.04,0,110.2,4.6,0,0,0,0,0.04602380952380953
1,1,3.98,20,,0,0.0,0.0,0,1,1,1,1.0
1,1,0.05,3,1.91,0,10.2,0.4,0,0,0,0,0.01
0,0,4.86,26,0.0,0,66.3,3.6,0,0,1,1,0.988
1,0,0.23,16,1.74,0,12.0,2.3,0,0,0,0,0.06315079365079365
1,0,2.99,22,,0,53.6,3.0,0,1,1,1,0.9562380952380952
1,0,2.38,13,,0,0.0,0.0,0,1,1,1,1.0
1,0,1.25,14,0.72,2,73.7,5.2,0,0,0,0,0.05397619047619048
0,0,2.32,0,,0,4.0,0.4,6,1,1,1,1.0
1,1,3.28,22,0.0,0,25.1,1.1,0,0,1,1,0.998
1,1,3.69,20,0.19,0,129.4,10.5,0,0,0,0,0.03333333333333333
1,0,0.4,14,1.58,0,0.0,0.0,0,0,1,1,0.9840000000000001
1,1,2.28,17,0.57,0,15.9,1.3,0,0,0,0,0.21541666666666665
1,1,0.23,17,1.76,0,13.0,1.1,0,0,0,0,0.028666666666666667
1,0,0.42,14,0.0,1,55.9,5.9,0,0,1,1,1.0
1,1,2.06,34,,5,102.1,5.4,0,1,1,1,0.9405
0,0,1.43,20,,0,0.0,0.0,0,1,1,1,1.0
1,1,4.59,38,,1,29.6,0.8,0,1,0,1,0.7162380952380952
1,1,2.15,17,1.76,0,49.7,3.6,0,0,0,0,0.10220238095238096
0,0,0.99,26,0.0,0,12.2,0.5,0,0,1,1,1.0
0,0,2.1,1,,0,5.7,1.3,0,1,1,1,0.9551666666666666
1,0,0.93,20,1.05,1,53.1,3.2,0,0,0,0,0.0
1,0,1.9,22,0.0,0,0.0,0.0,0,0,1,1,1.0
1,1,7.08,16,1.82,0,41.6,3.1,0,0,0,0,0.02
0,0,1.08,48,,0,0.0,0.0,0,1,1,1,0.9975
1,0,6.2,27,,1,120.6,8.6,0,1,1,1,0.6169285714285716
1,0,1.25,14,0.73,0,32.6,1.6,0,0,0,0,0.08642857142857144
1,0,3.67,23,,0,2.5,0.1,0,1,1,1,0.9971428571428572
1,1,2.61,23,1.41,0,115.4,8.0,0,0,1,0,0.1047142857142857
1,0,5.87,18,0.0,0,0.0,0.0,0,0,1,1,0.9641666666666667
0,0,2.65,27,,0,31.8,2.5,0,1,1,1,0.9603928571428569
1,0,3.78,0,,0,16.6,1.8,2,1,1,1,0.9581666666666667
1,0,0.99,11,1.15,0,16.2,1.2,0,0,0,0,0.1273333333333333
1,0,3.79,63,0.0,0,1470.3,210.5,0,0,1,1,0.95125
1,0,4.45,22,0.0,0,68.7,6.2,0,0,1,1,0.8269047619047618
1,0,3.98,17,,0,28.9,2.4,0,1,1,1,0.9416666666666668
0,0,3.84,24,,0,25.9,1.7,0,1,1,1,0.9763333333333334
1,0,0.6,0,0.0,0,10.6,1.1,0,0,1,1,1.0
0,0,5.54,20,,0,20.8,1.5,0,1,1,1,0.9090714285714285
1,1,0.45,21,0.19,1,99.7,4.5,0,0,0,0,0.05716666666666667
1,1,0.46,14,1.51,0,45.3,3.2,3,0,0,0,0.23206349206349206
1,1,2.68,21,0.48,0,88.5,4.4,0,0,0,0,0.06566666666666666
1,0,2.02,22,,0,10.7,0.6,0,1,1,1,1.0
1,0,0.94,23,0.0,0,7.3,0.6,0,0,1,1,1.0
1,1,7.79,18,1.84,0,34.2,2.8,0,0,1,0,0.02
1,0,1.14,7,0.0,0,0.0,0.0,0,0,1,1,1.0
1,1,0.54,20,1.44,1,61.5,5.6,0,0,0,0,0.24091666666666664
1,1,3.12,19,1.33,0,50.5,1.1,0,0,0,0,0.30360714285714285
1,0,0.28,1,1.93,0,102.4,5.2,0,0,0,0,0.007619047619047619
1,0,0.93,15,0.0,0,5.0,0.5,0,0,1,1,1.0
1,0,2.8,22,,0,1.5,0.6,0,1,1,1,0.99875
1,0,0.1,12,0.97,1,32.0,2.7,0,0,0,0,0.051071428571428566
1,0,2.13,22,,0,11.3,1.3,0,1,1,1,0.9921428571428571
1,1,2.2,18,1.83,2,74.5,6.2,0,0,0,0,0.09040476190476192
1,1,0.5,16,1.47,0,16.6,2.0,0,0,0,0,0.16252020202020204
1,0,0.91,22,1.06,0,35.6,1.4,0,0,0,0,0.0313452380952381
1,0,1.96,14,0.0,0,14.4,0.8,0,0,1,1,0.9975
1,1,4.24,16,1.62,0,153.8,7.6,0,0,0,0,0.07916666666666666
1,0,0.39,24,1.58,0,47.2,3.4,0,0,0,0,0.030333333333333334
1,1,1.56,10,1.27,0,31.7,1.0,0,0,0,0,0.04566666666666666
1,0,6.79,13,1.74,0,97.5,8.9,0,0,0,0,0.08142857142857142
1,0,1.02,13,0.0,1,13.0,0.5,0,0,1,1,1.0
1,0,5.34,6,,0,0.0,0.0,0,1,1,1,0.9783333333333334
1,1,5.24,23,1.77,0,47.4,1.6,0,0,0,0,0.03858333333333333
1,0,1.22,14,0.0,0,6.3,0.5,0,0,1,1,0.99
1,0,0.66,14,1.31,0,40.9,2.0,0,0,0,0,0.013333333333333332
1,1,2.48,18,1.61,0,114.0,13.0,0,0,0,0,0.007666666666666666
1,0,2.21,8,,0,51.2,6.5,0,1,0,1,0.513452380952381
1,0,0.24,20,1.73,0,62.9,2.3,0,0,0,0,0.03625
1,0,1.11,23,0.0,0,0.0,0.0,0,0,1,1,1.0
1,0,0.93,14,1.04,0,73.5,4.3,0,0,0,0,0.004
1,0,4.58,25,0.38,0,14.4,3.2,0,0,0,0,0.02269047619047619
1,0,1.98,22,,1,2.8,0.3,0,1,1,1,1.0
0,0,0.68,27,,0,26.7,1.8,0,1,1,1,0.9789999999999999
1,0,1.17,23,0.0,0,17.0,1.2,0,0,1,1,1.0
1,0,3.02,12,0.92,0,49.8,2.3,0,0,0,0,0.0
1,0,1.41,22,,0,5.4,2.2,0,1,1,1,0.97
1,1,2.81,24,1.14,0,54.4,3.8,0,0,0,0,0.1385198412698413
1,0,2.22,16,,0,102.9,7.1,0,1,0,0,0.4569325396825397
1,1,2.07,25,1.81,0,85.2,11.5,0,0,0,0,0.047809523809523816
1,0,1.52,20,0.0,0,49.7,2.2,0,0,1,1,1.0
1,1,3.39,22,0.01,2,77.3,9.5,0,0,0,0,0.04072222222222222
0,0,3.39,24,,0,41.1,2.2,0,1,1,1,0.8961190476190477
1,0,4.07,0,,0,8.8,1.1,4,1,1,1,0.9778333333333334
1,1,2.98,21,0.0,0,63.5,2.3,0,0,1,1,0.99
1,0,0.61,18,0.0,0,27.4,1.0,0,0,1,1,1.0
1,1,2.62,15,1.27,0,79.2,4.0,0,0,0,0,0.0125
1,0,3.13,22,,0,8.1,0.6,0,1,1,1,0.9833333333333333
1,1,1.0,22,0.97,0,32.8,2.1,0,0,0,0,0.015
0,0,4.04,9,,0,0.0,0.0,0,1,1,1,1.0
1,0,3.92,15,0.0,1,35.4,1.2,0,0,1,1,0.99
1,0,2.11,15,,0,0.0,0.0,0,1,1,1,0.995
0,0,0.62,22,1.4,0,0.0,0.0,0,0,1,1,1.0
1,0,3.12,21,,0,22.5,0.9,0,1,1,1,0.986
1,1,2.18,11,1.79,1,29.0,1.4,0,0,0,0,0.08709523809523809
1,1,1.36,22,1.02,0,87.7,5.7,0,0,0,0,0.3666190476190476
0,0,1.16,21,,0,7.3,0.8,0,1,1,1,1.0
0,0,0.17,14,0.0,0,4.7,0.3,0,0,1,1,1.0
0,0,3.77,0,,0,1.9,0.1,0,1,1,1,0.9587142857142856
0,0,5.01,27,,0,47.3,4.4,0,1,1,1,0.7516547619047619
0,0,0.89,22,,0,0.0,0.0,0,1,1,1,1.0
1,0,7.7,12,,0,10.8,2.1,6,1,0,0,0.42021825396825396
1,0,1.85,13,0.09,0,113.6,9.9,0,0,0,0,0.039761904761904755
0,0,4.56,14,,0,1.3,0.2,0,1,1,1,1.0
0,0,3.66,33,,0,27.3,1.5,0,1,0,1,0.5431507936507936
1,0,1.23,22,0.0,2,41.9,2.8,0,0,1,1,1.0
1,0,1.43,20,,0,25.4,3.6,0,1,1,1,0.9368333333333334
1,0,4.61,26,,0,21.2,1.3,0,1,1,1,0.9679761904761903
1,1,2.22,28,,0,34.1,1.4,0,1,1,1,0.8513333333333332
1,0,3.19,12,0.76,0,8.2,0.3,0,0,0,0,0.0335
1,0,2.61,21,,0,12.3,1.8,0,1,1,1,0.955
1,0,0.78,54,,9,0.0,0.0,0,1,1,1,1.0
1,0,2.82,24,,0,24.4,1.2,0,1,1,1,0.9055595238095239
1,1,0.81,15,1.16,0,135.3,5.8,0,0,0,0,0.0
1,1,0.54,15,1.44,0,43.4,5.8,0,0,0,0,0.03766666666666666
1,1,1.39,28,0.53,0,153.4,17.7,0,0,0,0,0.13240476190476191
0,0,0.76,14,0.0,0,0.0,0.0,0,0,1,1,1.0
1,0,0.36,21,0.0,0,78.5,7.4,0,0,1,1,1.0
1,0,2.44,17,1.47,0,5.3,0.4,0,0,1,0,0.394797619047619
1,0,3.84,72,,0,40.1,4.4,0,1,0,1,0.5785238095238094
1,0,1.01,22,0.0,0,78.7,4.4,0,0,1,1,0.9928571428571429
1,0,3.1,20,0.0,0,39.2,1.8,0,0,1,1,0.9841428571428572
1,1,1.09,22,0.88,0,21.6,3.2,0,0,0,0,0.019833333333333335
1,1,0.97,23,1.01,0,33.4,2.9,0,0,0,0,0.09592857142857143
1,0,1.23,13,0.0,0,36.5,2.3,0,0,1,1,1.0
1,0,0.64,20,,0,0.0,0.0,0,1,1,1,1.0
1,0,1.97,14,1.97,0,117.6,7.1,0,0,0,0,0.06316666666666666
1,0,4.03,17,1.92,0,45.6,6.7,0,0,0,0,0.019
0,0,3.4,26,,0,58.1,2.5,0,1,1,1,0.8440714285714286
1,0,2.58,21,,0,14.4,1.0,0,1,1,1,0.9814999999999999
1,1,1.77,0,0.0,0,0.0,0.0,0,0,1,1,1.0
1,0,3.27,24,,0,10.5,0.8,0,1,1,1,1.0
0,0,0.57,37,0.0,1,2.8,1.0,0,0,1,1,0.9975
0,0,1.33,0,0.0,0,0.0,0.0,0,0,1,1,1.0
1,1,1.6,22,,0,50.2,59.7,0,1,1,1,0.6732619047619047
1,1,0.85,18,,0,3.6,0.2,0,1,1,1,0.9865714285714285
1,0,2.97,50,0.0,0,212.3,8.3,0,0,0,1,0.9592857142857143
1,0,0.1,18,0.91,0,98.8,3.6,0,0,0,0,0.13366666666666668
1,0,0.81,43,,0,67.9,25.1,0,1,1,1,0.8896666666666667
1,0,1.72,39,0.0,0,69.8,2.8,0,0,1,1,1.0
1,0,0.93,20,1.05,0,26.0,1.2,0,0,0,0,0.04999999999999999
0,0,1.92,21,0.0,0,0.0,0.0,0,0,1,1,1.0
1,1,0.82,12,,0,0.0,0.0,0,1,1,1,1.0
0,0,1.98,23,,1,0.0,0.0,0,1,1,1,1.0
1,0,4.38,24,,0,70.5,4.7,0,1,0,1,0.5162619047619047
1,1,2.93,18,,0,2.4,0.1,0,1,1,1,0.998
1,1,3.54,21,0.0,0,31.7,3.7,0,0,1,1,0.995
1,1,4.51,0,,0,0.0,0.0,7,1,1,1,1.0
1,1,1.24,12,0.0,0,75.7,4.4,0,0,1,1,1.0
1,0,2.97,0,,0,41.3,2.9,7,1,1,1,0.9634523809523808
0,0,5.77,20,,0,61.1,1.9,0,1,1,1,0.7670198412698415
1,0,1.33,21,,0,39.9,2.6,0,1,0,1,0.892047619047619
1,1,2.39,30,1.49,0,227.8,19.6,3,0,0,0,0.011666666666666667
1,0,1.98,62,,0,71.0,11.7,0,1,1,1,0.9234285714285714
1,0,1.78,29,0.0,0,97.6,9.4,0,0,1,1,0.9966666666666666
0,0,7.42,25,0.02,0,12.6,1.5,0,0,0,0,0.15935714285714284
0,0,1.2,19,,0,15.2,1.5,1,1,1,1,0.9630000000000001
1,0,3.03,12,0.91,1,28.9,1.1,0,0,0,0,0.02
1,1,0.64,15,1.33,0,53.1,2.3,0,0,0,0,0.006666666666666666
0,0,6.05,23,,0,28.7,2.9,0,1,0,1,0.8287619047619049
1,0,6.68,20,1.68,0,116.4,6.1,0,0,0,0,0.012666666666666666
1,1,3.24,21,0.73,0,123.6,11.2,0,0,0,0,0.08219047619047619
1,0,1.84,13,0.09,0,56.7,2.8,0,0,0,0,0.024317460317460314
1,1,3.42,12,0.26,0,157.6,9.3,0,0,0,0,0.03066666666666667
1,0,2.38,0,,1,0.0,0.0,4,1,1,1,1.0
0,0,3.82,14,,0,14.5,1.3,0,1,1,1,0.9975
1,0,0.36,9,0.0,0,13.0,1.1,0,0,1,1,1.0
1,1,2.81,12,0.42,0,26.5,1.3,0,0,0,0,0.09266666666666666
1,1,1.88,13,0.06,0,21.7,2.1,0,0,0,0,0.06650000000000002
1,0,2.34,26,0.0,0,21.7,2.2,0,0,1,1,0.99
0,0,2.6,0,,0,0.0,0.0,0,1,1,1,1.0
1,1,0.54,23,0.0,0,51.3,19.3,0,0,1,1,0.9933333333333334
0,0,2.86,21,,0,41.1,2.0,0,1,1,1,0.9469999999999998
0,0,1.08,20,0.0,0,43.6,1.9,0,0,1,1,1.0
0,0,4.84,25,0.05,0,31.8,2.0,0,0,0,0,0.023666666666666666
1,0,0.39,20,1.58,0,68.6,3.0,0,0,0,0,0.10233333333333335
1,1,0.96,23,1.01,0,58.2,5.0,0,0,0,0,0.06325
0,0,0.85,18,0.0,0,1.6,0.1,0,0,1,1,1.0
1,0,1.8,21,0.17,0,103.3,17.0,0,0,0,0,0.13708333333333333
0,0,1.61,24,0.0,0,0.0,0.0,0,0,1,1,1.0
0,0,6.74,26,0.24,0,43.7,3.0,0,0,0,0,0.02
1,1,5.53,17,1.75,0,26.5,1.5,0,0,0,0,0.013333333333333332
0,0,1.99,23,,0,0.0,0.0,0,1,1,1,1.0
1,0,0.39,37,0.0,3,0.0,0.0,0,0,1,1,1.0
1,0,5.99,22,1.04,0,14.5,2.0,0,0,0,0,0.02
1,0,3.42,21,0.36,0,17.7,1.5,0,0,0,0,0.013333333333333332
1,0,5.04,17,0.0,0,28.4,2.9,0,0,1,1,1.0
0,0,1.86,18,0.0,0,0.0,0.0,0,0,1,1,1.0
1,0,1.27,14,0.7,0,51.5,2.6,0,0,0,0,0.08325396825396826
1,0,2.02,22,,0,9.5,0.8,0,1,1,1,0.9983333333333334
1,1,0.1,9,,0,0.0,0.0,0,1,1,1,1.0
1,0,2.15,21,,0,13.3,1.7,0,1,1,1,0.9666666666666666
0,0,1.99,22,,0,0.0,0.0,0,1,1,1,1.0
1,0,1.99,22,,0,10.4,1.0,0,1,1,1,0.99
0,0,1.02,18,0.0,0,0.0,0.0,0,0,1,1,1.0
1,0,0.6,13,0.0,1,64.2,3.5,0,0,1,1,0.99
1,0,0.4,12,,0,11.6,0.4,0,1,1,1,0.9463214285714285
1,0,0.72,23,,2,0.0,0.0,0,1,1,1,1.0
1,1,0.06,6,1.92,0,39.7,8.7,0,0,0,0,0.027333333333333334
1,0,1.69,12,0.0,0,42.4,6.1,0,0,1,1,1.0
1,0,2.31,19,0.0,2,70.6,4.9,0,0,1,1,0.995
1,1,0.04,5,1.93,0,61.5,10.7,0,0,0,0,0.046777777777777786
0,0,2.76,23,,0,49.9,6.7,0,1,1,1,0.7643571428571428
1,0,0.22,15,1.76,0,17.4,3.2,0,0,0,0,0.1420952380952381
1,1,1.84,12,0.1,0,41.7,2.1,0,0,0,0,0.042166666666666665
1,1,0.61,15,0.0,0,34.3,3.7,0,0,1,1,1.0
1,0,2.96,12,0.97,0,132.0,6.0,0,0,0,0,0.0
1,1,0.8,20,0.0,0,66.4,3.0,0,0,1,1,1.0
1,0,2.42,21,,0,0.0,0.0,0,1,1,1,1.0
1,0,0.89,10,0.0,0,15.6,3.0,0,0,1,1,0.99
0,0,0.17,16,0.0,2,0.0,0.0,0,0,1,1,1.0
1,1,2.77,10,1.18,1,26.3,1.9,0,0,0,0,0.005
1,0,4.73,34,,0,20.8,2.3,0,1,1,1,0.8394761904761903
1,1,2.85,22,1.03,0,138.2,9.1,0,0,0,0,0.061500000000000006
1,0,7.9,22,0.86,0,10.0,1.3,0,0,0,0,0.0525
1,1,1.98,11,,0,19.5,0.4,0,1,1,1,0.8778333333333334
0,0,0.59,0,0.0,0,40.4,2.9,0,0,1,1,0.99
1,1,1.84,20,0.13,0,103.1,7.7,0,0,0,0,0.005
0,0,1.54,0,,0,0.0,0.0,0,1,1,1,1.0
1,0,1.78,13,0.19,0,0.6,0.0,0,0,0,0,0.10852453102453102
1,0,1.3,22,0.67,0,25.2,2.2,0,0,0,0,0.045
1,0,3.59,26,0.0,2,37.7,20.7,0,0,1,1,0.9963492063492063
1,1,5.25,25,0.0,0,27.8,1.1,0,0,1,1,0.9618095238095238
1,0,0.93,20,1.04,1,30.6,1.6,0,0,0,0,0.010833333333333332
1,0,1.06,22,,1,0.0,0.0,0,1,1,1,1.0
0,0,2.27,20,,0,7.6,0.9,0,1,1,1,1.0
0,0,2.36,19,,0,0.0,0.0,0,1,1,1,1.0
1,0,0.42,19,1.55,0,45.8,4.7,0,0,0,0,0.2173571428571429
1,1,3.04,24,0.88,0,76.2,6.1,0,0,0,0,0.004
1,1,5.07,17,,0,94.9,3.9,0,1,0,1,0.8027341269841269
1,0,6.04,24,,0,20.3,1.7,0,1,1,1,0.5085952380952381
0,0,2.89,21,,0,12.8,1.6,0,1,1,1,1.0
1,1,2.85,10,1.07,0,25.5,2.3,0,0,0,0,0.056999999999999995
1,1,6.72,18,1.82,0,83.1,4.4,0,0,0,0,0.0405
1,1,2.47,10,1.41,0,19.2,2.1,0,0,0,0,0.05014285714285714
0,0,0.82,32,1.15,1,31.0,3.1,0,0,1,1,0.8696428571428573
1,0,0.01,18,0.02,0,0.0,0.0,0,0,1,1,0.998
0,0,0.96,23,1.01,2,0.0,0.0,0,0,1,1,1.0
0,0,7.08,0,,0,0.0,0.0,0,1,1,1,1.0
1,0,1.1,14,0.87,0,19.5,0.8,0,0,0,0,0.05
1,0,3.13,12,0.82,0,139.5,7.9,0,0,0,0,0.01
1,1,2.88,24,1.04,1,159.5,15.1,0,0,0,0,0.06735714285714285
1,1,2.27,12,1.63,0,25.4,3.4,0,0,0,0,0.06442857142857143
1,0,0.02,0,1.95,0,,,0,0,0,0,0.0
1,0,1.27,19,0.62,0,39.3,3.0,0,0,0,0,0.2821825396825397
1,0,1.7,40,,0,72.0,3.3,0,1,1,1,0.8358333333333333
1,1,2.57,20,0.0,0,46.8,3.3,0,0,1,1,0.9849999999999999
1,1,2.42,23,,0,129.6,7.8,0,1,0,1,0.7031309523809525
1,0,2.12,12,0.08,5,35.4,2.2,0,0,1,0,0.3286865079365079
1,1,3.73,20,0.15,1,83.1,10.7,0,0,0,0,0.022000000000000002
1,1,2.32,22,,3,7.8,0.8,0,1,1,1,0.9925
0,0,0.73,22,,0,5.5,0.4,0,1,1,1,0.9854999999999999
1,0,1.49,26,0.0,0,0.0,0.0,0,0,1,1,1.0
1,0,0.05,0,0.0,0,17.1,1.5,0,0,1,1,0.9440000000000001
1,0,0.95,20,1.02,0,55.8,5.0,0,0,0,0,0.0405
1,1,5.0,21,0.31,0,70.7,3.7,0,0,0,0,0.0075
1,0,1.15,20,0.0,0,53.2,7.6,0,0,1,1,1.0
1,0,1.16,13,,0,9.3,0.9,0,1,1,1,0.8818333333333334
1,1,1.97,20,0.0,0,51.6,2.5,0,0,1,1,0.987
1,1,1.95,14,0.02,0,44.0,1.9,0,0,0,0,0.05516666666666667
1,1,1.02,14,0.0,0,29.4,4.4,0,0,1,1,0.99
1,0,3.5,11,0.45,0,7.3,6.3,0,0,1,1,0.6496666666666667
0,0,0.86,20,0.0,0,4.4,0.2,0,0,1,1,1.0
1,0,0.52,14,0.0,0,11.9,0.3,0,0,1,1,1.0
1,0,1.64,12,,0,11.7,1.3,0,1,0,1,0.9751666666666666
0,0,2.06,10,,0,2.9,0.3,5,1,1,1,0.99
0,0,0.24,31,1.73,0,111.3,49.4,0,0,0,0,0.01
1,0,2.18,36,,0,86.4,14.5,0,1,1,1,0.8210158730158732
1,0,0.79,14,1.18,0,66.7,5.8,0,0,0,0,0.012
1,1,0.84,14,0.51,0,77.3,3.8,0,0,0,0,0.2787222222222222
1,1,4.64,12,0.49,0,60.3,6.7,0,0,0,0,0.013333333333333332
1,0,2.03,12,0.84,0,6.9,7.1,0,0,0,0,0.141
1,1,0.91,42,,1,91.0,14.3,0,1,0,1,0.8790714285714286
0,0,1.03,69,,0,64.5,6.6,0,1,1,1,0.8893333333333334
1,0,0.92,33,,0,89.2,17.1,0,1,1,1,0.8658095238095239
1,0,2.03,0,,1,0.0,0.0,7,1,1,1,1.0
0,0,2.84,21,,0,17.3,1.5,0,1,1,1,1.0
0,0,1.99,22,,0,0.0,0.0,0,1,1,1,1.0
1,0,0.23,9,1.93,0,40.4,4.8,0,0,0,0,0.10416666666666666
1,0,1.99,14,,0,120.8,12.4,0,1,0,1,0.8450952380952382
1,0,0.58,11,0.0,0,16.7,1.1,0,0,1,1,1.0
0,0,1.44,23,0.0,0,32.0,4.8,0,0,1,1,1.0
1,0,1.98,24,,0,0.0,0.0,0,1,1,1,1.0
1,1,0.55,22,1.42,1,74.9,5.7,0,0,0,0,0.02583333333333333
1,0,3.98,21,,0,3.5,0.3,0,1,1,1,1.0
1,1,5.01,17,0.21,0,26.4,1.5,0,0,0,0,0.0805
1,1,1.04,0,0.94,0,31.3,2.5,0,0,1,1,0.9422222222222223
0,0,1.03,23,0.0,0,0.0,0.0,0,0,1,1,1.0
1,1,0.53,10,1.44,1,53.0,4.0,0,0,0,0,0.0935952380952381
1,0,5.41,12,1.82,0,55.9,5.0,0,0,0,0,0.07657142857142857
1,1,0.66,15,1.31,0,35.1,2.5,0,0,0,0,0.004166666666666667
1,0,1.95,22,0.0,1,13.8,0.8,0,0,1,1,1.0
1,1,1.04,0,,0,0.0,0.0,3,1,1,1,1.0
1,0,0.79,26,0.0,0,26.9,1.4,0,0,1,1,1.0
0,0,3.8,12,,0,8.0,0.9,0,1,1,1,0.98625
1,0,1.41,8,0.81,0,15.7,1.1,0,0,0,0,0.1741666666666667
1,0,2.9,12,1.01,1,41.3,4.8,0,0,0,0,0.00976190476190476
1,0,2.92,12,1.0,0,99.2,10.2,0,0,0,0,0.0
0,0,0.59,17,0.0,0,14.8,2.1,0,0,1,1,0.998
1,1,4.59,10,1.34,0,33.4,1.9,0,0,0,0,0.0014285714285714286
0,0,8.64,24,,0,0.9,0.1,0,1,1,0,0.40059920634920637
1,0,0.12,11,1.85,0,18.5,1.8,0,0,0,0,0.006666666666666666
1,1,2.08,24,0.0,6,51.7,3.4,0,0,1,1,0.9866666666666666
1,0,0.09,9,,0,61.1,3.5,0,1,0,1,0.7661428571428572
0,0,5.52,20,,0,9.0,0.7,0,1,1,1,0.9666666666666666
0,0,2.47,21,,4,21.1,2.0,0,1,1,1,0.9546666666666668
1,1,0.56,16,0.0,0,11.9,1.5,0,0,1,1,1.0
1,0,0.22,18,1.76,0,80.3,4.1,0,0,0,0,0.07004761904761905
1,0,1.98,22,,0,45.2,12.4,0,1,1,1,0.9606666666666667
1,0,3.99,16,,0,2.8,0.3,3,1,1,1,0.9638095238095238
1,0,0.92,20,1.05,0,28.3,2.0,0,0,0,0,0.02033333333333333
0,0,1.16,13,,0,0.0,0.0,0,1,1,1,1.0
1,1,1.49,12,0.47,0,49.6,4.5,0,0,0,0,0.005
1,1,1.99,24,,1,7.4,1.2,0,1,1,1,0.9912380952380953
1,1,3.55,12,0.33,0,48.1,6.3,0,0,0,0,0.016
1,0,0.49,13,0.0,0,38.1,102.2,0,0,1,1,0.9622777777777778
1,1,3.34,39,0.56,0,41.4,6.3,0,0,0,0,0.053777777777777785
0,0,1.44,0,,0,0.0,0.0,0,1,1,1,1.0
1,1,0.73,15,1.24,0,8.8,1.0,0,0,0,0,0.06726190476190476
1,1,4.62,15,1.32,0,30.0,1.6,0,0,0,0,0.15533333333333332
0,0,0.25,0,1.72,0,0.0,0.0,3,0,1,1,0.99
1,0,0.02,0,1.95,0,,,0,0,0,0,0.0
0,0,0.47,13,0.0,1,27.7,1.4,0,0,1,1,1.0
1,0,2.11,21,0.61,0,11.1,1.5,0,0,0,0,0.12025396825396827
1,0,2.17,18,1.81,0,88.3,6.3,0,0,0,0,0.08614285714285713
1,1,9.95,15,1.21,0,113.6,7.2,0,0,0,0,0.07950000000000002
1,1,0.79,23,0.0,0,7.3,0.6,0,0,1,1,1.0
1,0,0.61,22,0.74,0,108.4,18.9,0,0,0,0,0.12225000000000001
1,1,6.76,19,1.7,0,30.8,3.1,0,0,0,0,0.05266666666666667
0,0,5.87,41,0.04,1,126.6,7.7,0,0,0,0,0.0969047619047619
1,1,3.69,12,0.26,0,111.9,6.9,0,0,0,0,0.039999999999999994
1,0,0.05,1,0.0,0,44.0,1.9,0,0,1,1,0.9738333333333334
0,0,3.41,13,,0,9.8,0.6,0,1,1,1,0.9716666666666667
0,0,0.01,0,0.01,0,0.0,0.0,0,0,1,1,1.0
1,0,0.96,14,1.01,0,8.8,0.9,0,0,0,0,0.0025
1,1,1.99,21,,0,4.7,0.5,0,1,1,1,0.9975
0,0,7.9,12,,0,2.7,0.1,0,1,0,1,0.625595238095238
0,0,3.08,20,,0,8.6,0.7,0,1,1,1,1.0
1,1,0.53,30,1.44,0,44.1,9.2,0,0,0,0,0.06791666666666667
0,0,7.1,6,,0,16.1,3.0,2,1,1,1,0.6521785714285714
1,0,3.88,22,0.04,0,54.9,2.7,0,0,0,0,0.012714285714285713
1,1,6.08,16,1.72,0,54.0,3.8,0,0,0,0,0.002
1,0,1.97,0,0.0,0,0.0,0.0,0,0,1,1,1.0
1,0,0.29,35,,0,79.8,11.4,0,1,1,1,0.7004285714285714
1,0,1.17,22,0.0,0,25.3,8.6,0,0,1,1,0.986
1,1,6.07,24,0.77,0,32.1,3.4,0,0,0,0,0.03321428571428571
1,0,0.72,20,1.26,0,26.3,2.4,0,0,1,0,0.20094444444444445
1,1,6.85,21,0.14,0,42.8,4.1,0,0,0,0,0.005666666666666666
1,0,1.04,0,,3,0.0,0.0,2,1,1,1,1.0
1,0,0.93,18,,0,11.9,1.6,0,1,1,1,0.9821666666666669
1,1,4.78,21,,0,2.7,0.2,0,1,1,1,0.9617261904761905
1,1,0.14,11,1.83,0,9.3,1.3,0,0,0,0,0.1815793650793651
1,0,1.59,15,0.0,2,38.8,6.8,0,0,1,1,1.0
1,1,6.27,22,1.97,0,32.0,2.5,0,0,0,0,0.04849999999999999
1,0,1.82,10,0.0,0,88.7,8.2,0,0,1,1,1.0
1,1,3.22,24,0.72,0,53.8,2.4,0,0,0,0,0.043826839826839825
1,1,5.35,21,0.35,0,100.5,7.3,0,0,0,0,0.005
1,0,0.74,8,1.24,0,41.1,7.0,0,0,0,0,0.05366666666666666
1,0,1.05,16,0.0,0,23.8,1.6,0,0,1,1,1.0
0,0,2.39,28,,3,25.1,1.0,0,1,0,1,0.9346666666666666
1,1,4.24,16,1.64,0,82.2,5.4,0,0,0,0,0.01
1,0,0.83,22,0.0,0,90.5,5.1,0,0,1,1,1.0
1,0,1.9,14,0.07,0,30.5,3.6,0,0,0,0,0.021444444444444443
1,0,1.99,17,,0,14.6,0.9,0,1,1,1,0.8697499999999999
1,1,0.09,17,1.08,0,6.1,0.8,0,0,0,0,0.13426190476190478
0,0,4.5,0,,1,0.7,0.1,1,1,1,1,0.9615714285714286
1,0,1.32,20,0.65,0,30.1,2.3,0,0,0,0,0.049
1,0,0.28,10,0.58,0,13.8,1.3,0,0,0,0,0.23771428571428568
1,1,6.35,15,1.94,0,95.2,9.2,0,0,0,0,0.20078571428571426
1,0,1.06,38,,0,61.0,3.3,0,1,1,1,0.8304999999999998
1,0,2.05,14,1.97,0,13.7,0.6,0,0,0,0,0.09292063492063489
1,1,2.35,13,1.57,0,53.5,4.7,0,0,0,0,0.11200000000000002
0,0,1.37,22,0.0,0,28.5,2.1,0,0,1,1,1.0
1,1,8.21,24,1.2,0,44.6,1.3,0,0,0,0,0.14292857142857143
1,0,9.02,21,0.52,1,122.5,7.9,0,0,0,0,0.015
0,0,0.06,14,1.92,0,51.9,2.7,0,0,0,0,0.024499999999999997
1,1,2.34,20,,1,0.0,0.0,0,1,1,1,1.0
1,1,4.77,34,,0,22.8,3.0,0,1,1,1,0.824611111111111
0,0,1.65,28,0.0,0,17.4,1.6,0,0,1,1,1.0
1,0,3.21,22,0.73,0,57.3,1.6,0,0,0,0,0.04167857142857143
1,0,4.08,19,0.0,0,29.6,2.0,0,0,1,1,1.0
1,0,2.35,58,,0,12.9,0.5,0,1,0,1,0.9572499999999999
1,1,1.34,12,0.63,0,38.5,1.9,0,0,0,0,0.2257936507936508
1,0,2.79,22,1.16,0,145.3,7.8,0,0,0,0,0.05333333333333333
1,0,1.02,20,0.95,0,41.5,1.7,0,0,0,0,0.03813492063492064
1,1,0.5,32,1.47,0,86.1,9.6,0,0,0,0,0.0660952380952381
1,1,0.75,38,,0,18.8,1.6,0,1,0,1,0.8321190476190474
1,0,1.65,18,0.0,1,7.8,0.8,0,0,1,1,1.0
1,0,6.84,24,,0,2.8,0.6,0,1,0,0,0.28554076479076473
1,1,4.09,14,1.28,2,24.7,1.2,0,0,0,0,0.12313095238095238
1,0,5.26,21,0.34,0,42.9,3.2,0,0,0,0,0.007222222222222222
1,1,0.07,10,1.9,0,32.0,2.9,0,0,0,0,0.015285714285714284
1,1,1.83,20,0.11,0,211.8,8.2,0,0,0,0,0.005
1,1,3.19,0,,1,0.0,0.0,0,1,1,1,1.0
1,1,5.82,12,0.45,0,20.7,1.8,0,0,0,0,0.0125
0,0,0.33,0,1.64,0,0.0,0.0,4,0,1,1,1.0
1,0,4.38,21,1.65,0,20.5,2.0,0,0,0,0,0.003333333333333333
1,0,0.36,19,1.61,0,26.6,2.7,0,0,0,0,0.0736904761904762
1,0,5.16,22,1.42,0,39.8,1.7,0,0,0,0,0.05216666666666667
1,0,1.95,10,0.0,0,32.7,3.4,0,0,1,1,0.995
1,0,3.37,16,,0,1.3,0.1,0,1,1,1,0.995
1,0,1.51,13,0.46,0,103.8,6.0,0,0,1,0,0.01
1,0,1.38,13,0.59,0,20.7,1.3,0,0,1,0,0.051833333333333335
1,0,1.13,15,0.0,0,6.4,1.0,0,0,1,1,0.9983333333333333
0,0,2.3,23,,0,17.4,1.0,0,1,1,1,1.0
1,1,4.51,21,,0,56.8,3.2,0,1,1,1,0.8931904761904761
1,0,2.08,22,,0,7.6,0.9,0,1,1,1,1.0
1,1,0.53,15,1.44,0,47.4,2.9,0,0,0,0,0.0125
1,0,0.18,17,0.0,0,0.0,0.0,0,0,1,1,1.0
1,1,2.33,12,0.0,0,11.7,5.2,0,0,1,1,1.0
1,1,1.0,20,0.0,0,98.8,11.7,0,0,1,1,1.0
1,1,2.15,12,1.77,0,44.3,1.6,0,0,0,0,0.3048809523809523
1,1,1.99,6,,0,34.1,1.7,0,1,1,1,0.8366785714285716
0,0,1.22,27,0.0,1,131.9,9.1,0,0,1,1,0.99
1,0,0.63,40,,0,48.1,1.6,0,1,1,1,0.8130476190476191
1,1,3.48,15,1.44,0,147.9,11.2,0,0,0,0,0.07172619047619047
1,1,2.04,17,,0,0.0,0.0,0,1,1,1,1.0
1,0,7.33,21,0.21,0,38.9,5.0,0,0,0,0,0.017
0,0,0.88,21,0.0,1,11.0,0.9,0,0,1,1,1.0
1,0,3.06,24,,0,42.7,5.8,0,1,1,1,0.8056547619047619
1,0,6.13,25,0.21,0,55.4,2.9,0,0,0,0,0.020833333333333336
1,0,3.08,20,0.86,0,63.9,6.6,0,0,0,0,0.01
1,0,3.35,26,,0,15.1,0.9,0,1,1,1,0.8674880952380952
1,1,0.28,13,1.7,0,8.8,0.6,0,0,0,0,0.07202380952380953
1,0,1.94,14,,2,48.1,2.4,0,1,1,1,0.9346428571428571
1,1,6.14,17,1.94,0,11.3,0.9,0,0,0,0,0.032
1,0,3.94,22,0.0,0,55.8,3.1,0,0,1,1,0.995
0,0,0.94,0,0.02,0,0.0,0.0,4,0,1,1,1.0
1,0,3.04,11,,4,0.0,0.0,0,1,1,1,1.0
1,0,5.05,18,2.0,0,16.8,0.9,0,0,0,0,0.10982142857142856
1,0,0.39,22,0.17,0,0.0,0.0,0,0,1,1,0.9985714285714287
1,0,2.22,28,0.0,0,20.7,2.0,0,0,1,1,0.995
1,1,0.04,0,1.51,0,,,0,0,0,0,0.08983333333333335
1,1,0.75,24,1.22,0,32.8,2.0,0,0,0,0,0.07233333333333333
1,0,2.98,16,0.0,0,25.6,0.8,0,0,1,1,0.99
1,0,3.87,32,,1,18.1,1.0,0,1,1,1,0.9486666666666668
1,0,1.98,14,,0,5.7,0.6,0,1,0,1,0.9733333333333333
0,0,0.94,14,0.0,0,11.5,1.3,0,0,1,1,1.0
0,0,1.63,18,0.0,0,3.9,0.4,0,0,1,1,1.0
1,0,0.31,10,0.0,0,83.6,4.9,0,0,1,1,1.0
0,0,0.8,9,0.0,0,12.6,0.5,1,0,1,1,0.995
0,0,1.0,23,0.0,0,16.6,5.2,0,0,1,1,1.0
0,0,2.21,26,0.0,0,38.4,2.0,0,0,1,1,1.0
1,0,2.0,0,,0,0.0,0.0,0,1,1,1,1.0
1,1,1.09,25,0.88,0,120.6,21.2,0,0,0,0,0.019
0,0,2.78,0,,0,0.5,0.0,1,1,1,1,0.9933333333333333
1,1,2.3,16,1.62,0,78.9,6.6,0,0,0,0,0.0430952380952381
1,0,0.69,21,0.06,2,52.0,3.2,0,0,1,0,0.12782142857142859
1,0,1.98,0,,0,0.0,0.0,2,1,1,1,1.0
1,0,0.97,17,0.0,0,45.1,2.0,0,0,1,1,1.0
1,1,5.1,18,1.49,3,17.8,0.6,0,0,0,0,0.16008333333333333
1,0,1.39,0,0.0,0,0.0,0.0,0,0,1,1,1.0
0,0,1.22,15,0.0,0,0.0,0.0,0,0,1,1,1.0
1,0,1.11,14,0.86,0,51.0,2.7,0,0,0,0,0.0
0,0,1.97,24,0.0,0,43.2,3.7,0,0,1,1,1.0
1,1,0.86,21,0.0,3,0.0,0.0,1,0,1,1,1.0
1,0,5.13,12,0.84,1,60.0,3.3,0,0,0,0,0.065
0,0,1.99,37,,0,14.6,1.7,0,1,1,1,0.8316255411255411
0,0,0.03,6,0.0,1,4.0,0.1,0,0,1,1,0.95
0,0,1.98,24,,0,12.5,1.0,0,1,1,1,1.0
1,1,0.51,10,0.0,1,47.8,1.9,0,0,1,1,1.0
1,1,3.16,14,1.65,0,29.9,1.9,0,0,0,0,0.17428571428571427
0,0,2.04,0,,0,0.0,0.0,0,1,1,1,1.0
1,0,1.07,11,0.9,0,50.6,2.0,0,0,0,0,0.21523809523809526
1,0,6.26,21,0.15,0,36.2,3.5,0,0,0,0,0.005535714285714286
1,0,0.57,0,0.0,0,27.8,3.1,0,0,1,1,1.0
0,0,1.78,23,0.0,0,10.7,0.8,0,0,1,1,1.0
0,0,2.41,17,0.51,0,0.0,0.0,0,0,1,1,0.9971428571428572
1,0,1.15,21,,0,2.6,0.4,0,1,1,1,0.9954999999999999
1,0,5.53,30,1.15,0,79.4,7.7,0,0,0,0,0.03977777777777778
0,0,0.45,23,1.52,0,71.8,4.9,0,0,0,0,0.22830952380952385
1,1,3.41,0,,1,0.0,0.0,6,1,1,1,1.0
1,0,0.99,20,0.0,0,36.6,9.7,0,0,1,1,0.98
1,0,1.75,13,0.22,0,127.1,11.7,0,0,0,0,0.07426190476190477
1,1,4.48,26,0.0,0,7.4,0.4,0,0,1,1,0.9933333333333334
0,0,1.8,12,,0,5.0,0.3,0,1,1,1,0.94975
1,0,0.75,13,0.0,0,21.8,1.4,0,0,1,1,1.0
1,0,1.91,16,0.0,0,0.0,0.0,0,0,1,1,1.0
1,0,0.41,5,0.0,2,9.5,0.9,0,0,1,1,1.0
1,1,8.02,20,1.88,0,8.8,0.6,0,0,0,0,0.0
1,0,2.96,17,0.0,0,81.2,5.1,0,0,1,1,1.0
1,1,0.98,22,0.99,0,27.7,1.7,0,0,0,0,0.0175
1,0,3.57,14,0.0,0,23.2,1.5,0,0,1,1,1.0
0,0,2.56,41,,0,72.0,3.4,0,1,1,1,0.7926309523809522
1,0,1.69,13,0.28,0,82.6,7.0,0,0,0,0,0.13285714285714284
0,0,3.2,23,0.12,0,12.6,3.6,0,0,1,0,0.2955238095238095
0,0,2.3,0,,0,0.0,0.0,0,1,1,1,1.0
1,1,0.35,41,,0,41.6,3.1,0,1,0,1,0.5861706349206348
1,1,0.33,16,1.64,0,96.3,3.8,0,0,0,0,0.03525
1,0,0.16,16,1.82,0,34.1,2.1,0,0,0,0,0.01
1,0,2.85,22,0.0,0,42.6,2.0,0,0,1,1,0.9609047619047618
1,0,2.96,12,0.98,0,16.9,1.6,0,0,0,0,0.01
1,1,1.63,21,,0,0.0,0.0,0,1,1,1,1.0
0,0,0.69,16,0.0,0,0.0,0.0,0,0,1,1,1.0
1,0,5.42,12,0.9,0,58.2,3.8,0,0,0,0,0.0
0,0,6.44,23,,0,15.0,2.1,0,1,1,1,0.7666309523809525
1,0,1.87,14,0.08,0,15.5,1.4,0,0,0,0,0.006833333333333333
1,1,6.53,12,0.54,0,51.0,2.1,0,0,0,0,0.012
1,1,1.05,21,1.89,0,64.9,2.4,0,0,0,0,0.05458333333333334
1,1,0.84,15,1.13,0,31.7,2.5,0,0,0,0,0.028166666666666663
1,1,7.21,19,0.0,0,45.3,2.8,0,0,1,1,0.9626666666666667
0,0,1.07,80,0.0,10,42.5,18.6,0,0,1,1,0.9418333333333334
1,0,4.18,10,,0,0.2,0.2,0,1,1,1,0.9086255411255412
1,0,2.87,12,1.05,0,27.4,1.1,0,0,0,0,0.0
1,0,2.04,13,1.89,0,11.6,6.8,0,0,0,0,0.0895
1,1,2.98,0,,0,5.3,1.0,0,1,0,1,0.9270833333333333
1,0,0.67,14,1.3,0,30.7,1.3,0,0,0,0,0.018000000000000002
1,0,0.98,20,0.0,0,71.7,3.1,0,0,1,1,1.0
1,0,0.65,20,0.0,0,57.7,6.6,0,0,1,1,1.0
1,1,2.76,23,,0,5.0,0.4,0,1,1,1,1.0
1,1,4.22,17,1.68,0,43.1,6.7,0,0,0,0,0.04166666666666666
1,1,0.12,10,1.85,0,38.6,2.9,0,0,0,0,0.0115
1,0,5.04,24,0.0,1,78.4,2.6,0,0,1,1,0.99
1,1,7.03,17,1.93,0,158.6,6.4,0,0,0,0,0.065
1,0,1.09,21,0.0,0,10.0,0.6,0,0,1,1,1.0
1,0,2.66,23,,0,24.6,1.0,0,1,1,1,0.9877857142857143
1,1,1.14,17,0.0,0,94.6,42.2,0,0,1,1,0.995
1,1,0.79,15,1.18,0,30.7,1.7,0,0,0,0,0.0
0,0,1.98,23,,0,1.4,0.1,0,1,1,1,1.0
0,0,2.94,0,,0,0.0,0.0,1,1,1,1,1.0
1,0,2.5,63,,0,49.8,2.7,0,1,0,1,0.7417056277056276
1,1,0.06,11,1.91,0,58.9,3.0,0,0,0,0,0.02961904761904762
1,1,3.78,12,0.14,0,397.2,9.6,0,0,0,0,0.06357142857142857
1,0,2.92,24,,0,33.8,4.5,0,1,1,1,0.6209880952380953
1,0,4.27,0,,0,0.0,0.0,0,1,1,1,1.0
1,1,6.06,22,0.06,0,46.0,3.7,0,0,0,0,0.006
1,1,1.17,13,0.22,0,5.5,0.2,0,0,0,0,0.05276190476190476
1,0,1.53,15,0.44,0,101.1,6.9,0,0,0,0,0.1523452380952381
1,1,2.94,22,0.0,0,34.5,4.0,0,0,1,1,0.983
1,0,1.6,14,0.0,1,67.5,3.5,0,0,1,1,0.9771428571428572
1,1,0.78,15,1.19,2,33.3,1.1,0,0,0,0,0.016666666666666666
1,1,4.2,20,,1,17.6,5.5,0,1,1,1,0.7940952380952381
1,1,1.61,37,0.36,1,70.8,5.5,0,0,0,0,0.21404761904761904
1,1,5.87,12,0.4,0,150.0,10.5,0,0,0,0,0.02344444444444444
1,0,4.65,24,,0,52.8,2.5,0,1,0,1,0.776952380952381
1,0,1.72,13,0.19,0,30.4,1.5,0,0,0,0,0.011428571428571429
1,0,2.01,12,,0,58.4,6.3,0,1,1,1,0.6997619047619049
1,0,2.78,22,1.11,0,30.6,1.2,0,0,0,0,0.03916666666666666
1,0,4.2,14,0.0,0,17.4,5.6,0,0,1,1,0.9683333333333334
1,0,0.87,14,1.11,0,16.8,1.0,0,0,0,0,0.0
1,0,0.21,10,0.88,0,40.7,3.5,0,0,0,0,0.1028095238095238
1,0,1.25,17,0.0,1,22.4,1.2,0,0,1,1,0.99
1,0,0.58,23,1.39,0,88.0,3.9,0,0,1,0,0.09941666666666665
1,1,2.03,0,,1,0.0,0.0,6,1,1,1,1.0
1,0,1.33,8,0.0,1,15.5,1.3,0,0,1,1,1.0
1,1,1.64,12,0.33,0,107.1,6.4,0,0,0,0,0.020499999999999997
1,0,3.05,28,0.88,0,60.5,5.9,0,0,0,0,0.025
1,0,5.87,25,0.0,0,16.6,3.6,0,0,1,1,0.9396666666666667
1,0,0.85,14,1.12,0,24.9,1.4,0,0,0,0,0.01
1,1,2.66,23,,0,15.2,1.4,0,1,1,1,0.9434206349206349
1,1,3.63,10,1.23,0,59.6,2.2,0,0,0,0,0.03531746031746032
1,0,1.42,19,0.0,0,37.9,5.0,0,0,1,1,1.0
0,0,1.51,15,0.0,1,0.0,0.0,0,0,1,1,1.0
1,0,1.24,28,0.98,0,103.1,5.1,0,0,0,0,0.0225
1,0,2.45,13,0.0,0,50.6,3.5,0,0,1,1,1.0
1,1,4.29,49,,0,0.0,0.0,0,1,1,1,0.9463333333333332
1,1,2.11,30,,1,97.7,11.1,0,1,0,1,0.8939761904761905
1,1,0.36,15,1.17,0,124.9,28.8,0,0,0,0,0.03492857142857143
1,1,0.87,24,1.35,1,142.2,6.5,0,0,0,0,0.09391666666666666
1,1,2.82,20,1.12,0,32.5,1.9,0,0,1,0,0.177
1,1,2.09,14,1.78,0,30.0,2.3,0,0,1,0,0.23242857142857143
0,0,1.02,0,,0,0.0,0.0,3,1,1,1,1.0
1,0,0.81,26,1.16,0,32.8,1.7,0,0,0,0,0.24398015873015869
1,0,1.56,21,0.42,0,18.7,3.9,0,0,0,0,0.049166666666666664
0,0,0.04,0,1.93,0,,,0,0,0,0,0.0
1,0,1.3,24,,0,58.2,9.5,0,1,1,1,0.845964285714286
1,1,3.93,36,0.0,0,171.4,6.9,0,0,0,1,0.9658333333333333
1,0,4.05,19,1.85,0,29.6,2.2,0,0,0,0,0.0175
1,0,1.18,15,0.0,1,0.0,0.0,0,0,1,1,1.0
0,0,1.45,14,,0,0.0,0.0,0,1,1,1,1.0
1,0,2.06,13,1.88,0,44.7,3.5,0,0,0,0,0.024000000000000004
1,1,0.78,15,1.2,1,38.4,1.4,0,0,0,0,0.023333333333333334
1,1,0.98,22,0.99,0,350.8,26.4,0,0,0,0,0.10342857142857141
1,0,2.19,24,0.0,0,116.6,6.0,0,0,1,1,0.9866666666666666
1,0,0.9,22,0.0,0,66.2,4.4,0,0,1,1,1.0
1,0,0.46,19,0.0,1,36.9,9.2,0,0,1,1,1.0
1,1,1.45,12,0.47,0,8.5,0.4,0,0,0,0,0.08100000000000002
1,1,1.56,20,0.38,0,106.2,8.0,0,0,0,0,0.021857142857142856
1,0,6.35,18,,0,6.1,0.6,0,1,0,1,0.9607777777777777
0,0,3.39,27,0.0,0,55.0,2.1,0,0,1,1,1.0
1,1,1.98,12,0.59,0,34.6,1.6,0,0,0,0,0.1343095238095238
1,1,0.83,15,1.14,0,34.8,3.3,0,0,0,0,0.023333333333333334
1,0,2.97,12,0.96,0,44.9,6.2,0,0,0,0,0.0
1,1,2.7,10,1.22,0,27.1,0.6,0,0,0,0,0.04228571428571429
1,0,0.93,13,0.3,0,59.7,3.1,0,0,0,0,0.09016666666666667
0,0,1.98,20,,0,4.6,0.8,0,1,1,1,1.0
1,0,2.78,33,0.22,0,7.3,1.0,0,0,1,0,0.07797619047619048
0,0,3.12,0,,0,0.0,0.0,0,1,1,1,1.0
1,1,4.84,25,0.23,0,30.9,3.1,0,0,0,0,0.02625
1,1,0.0,0,1.97,0,,,0,0,0,0,0.0
0,0,0.37,17,0.0,0,11.5,0.9,0,0,1,1,1.0
1,0,3.11,12,0.83,0,61.4,4.8,0,0,0,0,0.0
0,0,0.07,21,1.9,0,23.3,1.0,0,0,0,0,0.01642857142857143
0,0,0.5,32,1.47,1,79.9,5.1,0,0,1,0,0.2607380952380952
1,0,0.94,20,1.03,0,7.4,0.7,0,0,0,0,0.045142857142857144
1,0,1.98,20,,2,2.4,0.2,0,1,1,1,1.0
1,0,1.04,20,0.93,0,70.3,7.3,0,0,0,0,0.01965079365079365
1,0,2.9,12,1.01,0,31.8,2.2,0,0,0,0,0.0
0,0,0.49,25,1.48,0,65.6,3.2,0,0,0,0,0.1055952380952381
1,1,1.37,12,0.6,0,35.0,3.1,0,0,0,0,0.0745
0,0,3.06,12,,0,1.5,0.2,3,1,1,1,0.9375
0,0,0.74,0,,0,0.0,0.0,0,1,1,1,1.0
0,0,0.66,10,,0,0.4,0.1,0,1,1,1,0.9595277777777776
1,0,2.96,24,,0,12.8,0.9,0,1,1,1,0.977
1,0,2.75,22,0.0,0,10.9,1.6,0,0,1,1,1.0
1,0,0.5,9,0.0,0,14.8,2.8,0,0,1,1,1.0
1,1,0.81,28,1.41,0,53.7,3.4,0,0,0,0,0.050214285714285704
0,0,2.13,18,,0,0.0,0.0,0,1,1,1,1.0
0,0,3.3,24,,0,36.4,2.2,0,1,1,1,0.9241666666666666
1,1,2.24,15,1.67,0,106.1,5.0,0,0,0,0,0.10072222222222223
1,0,0.22,0,2.0,1,109.2,10.0,0,0,0,0,0.055
1,1,1.48,25,0.0,0,4.1,0.2,0,0,1,1,1.0
1,1,4.07,23,0.0,0,0.0,0.0,0,0,1,1,1.0
0,0,1.93,21,,0,3.9,0.3,0,1,1,1,1.0
0,0,2.43,21,,2,15.3,1.9,0,1,1,1,0.9833333333333334
1,0,2.08,26,,0,96.9,6.6,0,1,1,1,0.8849047619047619
1,1,3.76,28,0.06,1,70.2,5.3,0,0,0,0,0.043916666666666666
1,0,7.82,22,0.01,0,96.1,7.7,0,0,0,0,0.05738095238095238
0,0,2.58,23,,0,5.0,0.3,0,1,1,1,0.9834999999999999
0,0,4.89,18,,0,11.8,1.0,0,1,1,1,0.9733333333333334
0,0,1.7,0,0.01,0,0.0,0.0,2,0,1,1,1.0
1,0,0.06,7,1.91,0,8.9,0.5,0,0,0,0,0.0025
1,0,5.7,25,1.86,0,2.5,0.5,0,0,0,0,0.08219047619047619
1,1,0.56,15,1.41,0,48.7,4.5,0,0,0,0,0.002
1,0,2.46,23,,0,0.4,0.0,0,1,1,1,0.8898333333333334
1,0,2.39,22,,0,45.7,4.1,0,1,1,1,0.7486190476190475
1,1,0.6,15,1.37,0,9.1,0.6,0,0,0,0,0.037785714285714284
1,0,6.64,22,,0,19.7,1.1,0,1,1,1,0.7410595238095239
0,0,1.38,13,,0,0.0,0.0,0,1,1,1,1.0
1,0,6.65,21,0.44,0,83.0,5.6,0,0,0,0,0.005714285714285714
1,0,1.66,24,0.0,0,90.8,5.2,0,0,1,1,1.0
1,0,1.04,29,0.0,0,36.4,1.4,0,0,1,1,1.0
1,0,1.29,14,0.61,0,40.3,2.0,0,0,0,0,0.1015
1,1,7.96,17,0.0,0,23.8,2.0,0,0,1,1,0.9646666666666667
1,1,2.05,12,1.89,0,77.9,3.4,0,0,0,0,0.06525
1,1,2.51,23,,0,46.7,6.9,0,1,1,1,0.7824880952380953
0,0,1.07,13,,1,0.0,0.0,0,1,1,1,1.0
0,0,4.0,22,,0,10.5,0.5,0,1,1,1,0.9922222222222223
1,1,6.79,20,0.09,0,55.5,1.7,0,0,0,0,0.014166666666666666
1,0,2.71,22,,0,29.5,2.5,0,1,1,1,0.9628809523809523
0,0,2.1,39,,0,21.6,8.3,0,1,1,1,0.9291666666666666
1,0,0.78,20,1.58,0,11.8,0.4,0,0,0,0,0.106
1,1,6.04,27,,0,11.5,0.8,0,1,1,1,0.8175515873015875
1,0,1.29,28,0.93,0,127.4,7.6,0,0,0,0,0.014142857142857141
1,0,3.83,22,1.07,0,61.2,7.2,0,0,0,0,0.0
1,0,0.67,14,0.0,0,41.7,4.9,0,0,1,1,0.9947499999999999
1,1,0.17,5,0.06,0,0.0,0.0,0,0,1,1,1.0
0,0,0.52,21,0.0,0,0.0,0.0,0,0,1,1,1.0
1,1,4.25,18,,0,60.6,4.4,0,1,1,1,0.8976666666666668
1,1,3.92,20,1.97,0,85.9,5.3,0,0,0,0,0.05716666666666667
1,0,0.58,22,0.0,2,112.0,11.2,0,0,1,1,1.0
1,1,2.47,55,,0,85.6,10.1,0,1,1,1,0.7669642857142855
1,1,5.17,19,,0,84.4,5.0,0,1,1,1,0.8164285714285715
0,0,0.99,18,0.0,0,14.9,2.3,0,0,1,1,0.998
1,0,1.79,37,0.18,0,111.7,3.3,0,0,0,0,0.07466666666666667
0,0,0.37,17,0.01,1,0.0,0.0,0,0,1,1,1.0
1,0,1.27,13,0.0,0,22.0,2.5,0,0,1,1,1.0
0,0,4.4,24,,0,10.5,0.9,0,1,1,1,0.9664166666666667
1,0,1.82,23,0.0,0,16.7,3.7,0,0,1,1,0.9937142857142857
1,0,1.97,3,0.0,0,2.0,0.1,0,0,1,1,1.0
1,1,4.27,16,1.62,0,28.6,43.1,0,0,0,0,0.19380952380952382
1,0,1.01,14,0.97,0,32.1,5.3,0,0,0,0,0.005
1,1,6.08,25,1.95,0,66.3,3.0,0,0,0,0,0.055
1,0,1.34,0,0.0,0,0.0,0.0,0,0,1,1,1.0
0,0,5.25,10,,1,15.7,2.5,7,1,1,1,0.8572380952380954
1,0,2.12,0,,0,0.0,0.0,1,1,1,1,1.0
1,1,1.53,12,0.44,0,160.5,12.3,0,0,0,0,0.01833333333333333
1,0,0.67,24,1.31,0,23.1,1.8,0,0,0,0,0.27479761904761907
1,0,0.21,17,1.77,0,36.7,1.3,0,0,0,0,0.034
0,0,0.56,17,0.0,0,0.0,0.0,2,0,1,1,1.0
1,0,3.08,12,0.87,0,2.1,1.9,0,0,0,0,0.0125
0,0,2.77,24,,0,0.0,0.0,0,1,1,1,0.9841666666666665
0,0,1.46,0,0.0,0,0.0,0.0,0,0,1,1,1.0
1,1,4.96,10,1.18,0,3.7,0.6,0,0,0,0,0.009333333333333334
1,0,0.39,8,1.83,3,2.7,0.6,0,0,0,0,0.2723650793650793
1,1,2.1,13,1.82,0,5.1,1.0,0,0,0,0,0.0
0,0,2.02,22,,1,0.0,0.0,0,1,1,1,1.0
1,1,2.12,18,1.8,0,98.8,5.1,0,0,0,0,0.0
1,0,1.54,13,0.38,0,87.1,2.3,0,0,0,0,0.057698412698412686
1,0,0.91,14,1.31,1,70.1,3.0,0,0,0,0,0.0115
1,0,1.23,22,0.75,0,50.4,5.7,0,0,0,0,0.005
1,1,3.94,20,0.0,1,124.8,10.2,0,0,1,1,0.9139444444444446
1,0,2.89,20,1.06,0,83.1,3.7,0,0,0,0,0.052583333333333336
1,1,8.98,22,1.74,0,14.5,0.6,0,0,0,0,0.032
0,0,0.5,12,,0,0.0,0.0,0,1,1,1,1.0
1,0,1.6,37,,0,17.4,0.9,1,1,1,1,0.9270238095238095
1,0,11.33,21,0.11,1,9.9,0.8,0,0,0,0,0.028285714285714282
1,0,2.48,26,0.6,0,107.3,6.9,0,0,0,0,0.1316904761904762
1,1,2.58,13,0.0,5,126.4,7.3,0,0,1,1,0.998
1,1,2.27,16,1.72,0,20.1,2.1,0,0,0,0,0.11053571428571429
1,0,4.8,19,1.04,0,21.7,1.8,0,0,0,0,0.22702777777777772
1,1,2.05,17,1.9,0,43.1,5.3,0,0,0,0,0.018666666666666665
1,1,2.08,13,1.84,0,20.2,1.1,0,0,0,0,0.04850000000000001
1,0,8.13,14,,0,37.9,3.6,0,1,1,1,0.7130119047619048
0,0,1.47,24,,0,0.0,0.0,1,1,1,1,1.0
1,0,1.14,64,,0,0.0,0.0,0,1,1,1,1.0
0,0,0.89,0,,0,32.5,1.6,0,1,1,1,0.9833333333333334
0,0,3.95,21,,0,106.1,10.3,0,1,1,1,0.6996785714285714
1,0,0.84,21,0.0,0,4.6,0.2,0,0,1,1,1.0
1,0,0.64,26,0.0,0,27.7,2.2,0,0,1,1,1.0
1,1,0.7,15,1.27,0,60.7,6.4,0,0,0,0,0.02
1,1,1.05,12,0.68,0,28.1,1.7,0,0,1,0,0.31731746031746033
1,0,4.83,13,,0,18.4,1.1,0,1,1,1,0.9292619047619047
1,1,2.37,31,1.96,0,96.9,4.6,0,0,0,0,0.10117857142857142
1,1,0.14,17,1.83,0,157.5,7.6,0,0,0,0,0.024
1,0,1.55,21,0.42,0,6.4,1.8,0,0,0,0,0.18865873015873014
1,0,2.97,20,0.96,0,35.0,1.9,0,0,0,0,0.0125
1,0,1.32,32,,2,41.0,2.1,0,1,1,1,0.8786666666666666
1,0,4.59,22,0.0,0,47.4,1.6,0,0,1,1,0.9965
1,1,1.08,16,0.89,1,29.1,2.8,0,0,1,1,0.5869166666666666
0,0,1.97,24,0.0,0,4.7,0.3,0,0,1,1,1.0
0,0,0.67,64,,0,87.9,15.5,0,1,1,1,0.9858333333333335
1,0,1.71,13,0.21,0,91.4,4.4,0,0,0,0,0.045
1,0,0.52,0,0.0,0,0.0,0.0,4,0,1,1,1.0
1,1,2.68,25,0.22,0,82.3,4.7,0,0,0,0,0.028714285714285713
1,1,1.08,15,,0,3.4,0.6,0,1,1,1,0.9326190476190477
0,0,2.13,17,,0,0.0,0.0,0,1,1,1,1.0
1,0,2.19,16,,0,86.3,5.7,0,1,0,0,0.45145238095238094
1,0,2.74,17,0.0,1,37.6,2.3,0,0,1,1,1.0
1,0,0.72,8,1.25,1,4.5,0.8,0,0,0,0,0.06109523809523809
1,0,2.65,25,0.25,1,72.2,6.4,0,0,0,0,0.054714285714285715
1,0,1.53,21,0.45,0,62.1,3.7,0,0,0,0,0.06699999999999999
1,0,2.95,16,0.0,0,20.9,2.2,0,0,1,1,0.9921428571428572
1,0,1.15,30,,1,37.1,11.3,0,1,1,1,0.9752380952380952
1,0,1.66,21,0.31,0,49.2,1.9,0,0,0,0,0.02791666666666667
0,0,1.46,66,,1,142.0,10.7,0,1,0,1,0.7594642857142858
1,0,2.05,13,,0,13.6,1.2,0,1,1,1,0.9538333333333333
1,1,1.96,3,0.01,0,158.5,6.5,0,0,1,1,0.7693333333333332
1,0,4.04,19,1.88,0,55.1,4.4,0,0,0,0,0.01
0,0,1.67,72,,0,189.7,88.1,0,1,1,1,0.6838095238095238
1,0,0.34,19,0.0,0,0.0,0.0,0,0,1,1,1.0
0,0,3.76,32,0.0,7,10.3,0.8,0,0,1,1,0.9883333333333334
1,1,0.91,22,0.0,4,0.0,0.0,0,0,1,1,1.0
0,0,0.67,17,,0,7.7,0.5,0,1,1,1,0.9983333333333334
1,0,0.79,14,1.18,1,59.6,2.5,0,0,0,0,0.0045000000000000005
0,0,1.04,33,,0,21.1,1.0,0,1,1,1,0.9927380952380953
1,0,1.17,21,0.0,1,16.3,0.7,0,0,1,1,1.0
1,1,4.66,12,0.42,0,33.9,4.6,0,0,0,0,0.055
1,0,1.32,21,0.0,1,9.2,0.5,0,0,1,1,1.0
0,0,0.42,60,0.0,0,71.8,5.3,0,0,1,1,1.0
0,0,1.02,18,,0,5.9,1.4,0,1,1,1,1.0
1,0,2.88,22,1.01,0,55.1,2.4,0,0,0,0,0.005333333333333333
1,1,5.85,22,0.05,0,82.6,5.2,0,0,0,0,0.0
0,0,1.54,30,0.0,1,36.7,6.0,0,0,1,1,0.9985714285714287
1,0,0.82,0,0.0,0,0.0,0.0,0,0,1,1,1.0
1,0,0.02,0,1.95,0,,,0,0,0,0,0.0
1,1,0.27,22,0.84,0,114.3,9.0,0,0,0,0,0.04033333333333333
0,0,3.39,14,0.0,1,30.0,0.7,0,0,1,1,0.9940000000000001
1,1,3.9,12,0.13,0,42.7,5.5,0,0,0,0,0.08633333333333333
1,0,0.87,11,,1,17.2,2.3,0,1,1,1,0.7908571428571427
0,0,4.24,22,,0,5.6,0.5,0,1,1,1,1.0
1,1,2.35,36,1.59,0,82.6,87.8,0,0,0,0,0.0535
0,0,4.06,15,,0,10.9,1.0,0,1,1,1,0.9934920634920635
1,0,1.21,14,0.0,0,36.7,2.1,0,0,1,1,0.98
0,0,0.15,14,1.83,0,0.0,0.0,0,0,1,1,0.99
1,1,0.32,23,1.65,0,161.8,3.6,0,0,1,0,0.1386904761904762
0,0,0.28,11,0.0,0,11.9,0.4,0,0,1,1,1.0
1,1,2.09,18,1.92,0,107.7,5.3,0,0,1,0,0.02375
1,1,4.27,23,0.97,0,113.0,11.9,0,0,0,0,0.13656349206349205
1,0,1.93,15,0.0,0,20.3,1.2,0,0,1,1,0.9975
1,0,1.61,22,0.0,1,21.5,2.1,0,0,1,1,0.9940000000000001
1,0,1.05,14,0.92,0,89.7,9.3,0,0,0,0,0.004
1,0,8.33,21,1.26,0,32.6,1.2,0,0,1,0,0.20130952380952383
1,0,1.48,13,0.44,0,10.5,0.8,0,0,0,0,0.05
1,1,0.4,19,1.66,1,0.0,0.0,0,0,1,1,0.995
1,0,2.08,0,,0,0.0,0.0,7,1,1,1,1.0
1,0,2.42,21,,0,6.3,0.7,0,1,1,1,0.993
1,1,0.66,23,1.32,1,113.8,4.5,0,0,0,0,0.14163852813852812
0,0,1.59,27,,1,76.6,5.9,0,1,1,1,0.87975
0,0,4.7,24,,0,23.8,1.5,0,1,1,1,0.9774999999999998
1,1,6.53,42,,0,98.0,5.1,0,1,1,0,0.403015873015873
1,1,3.27,24,0.68,0,108.0,6.0,0,0,0,0,0.015
0,0,0.01,3,0.0,0,0.0,0.0,0,0,1,1,1.0
0,0,0.66,18,0.0,0,5.4,0.6,0,0,1,1,1.0
1,0,2.38,5,0.0,0,186.4,6.4,0,0,1,1,0.9565
1,1,2.94,24,1.01,5,113.4,9.6,0,0,0,0,0.0630952380952381
0,0,0.45,30,1.53,0,53.8,3.0,0,0,0,0,0.28707142857142864
1,0,1.68,13,0.29,0,96.9,7.4,0,0,0,0,0.3232936507936509
1,0,1.8,13,0.13,0,6.6,1.4,0,0,0,0,0.011785714285714283
1,1,2.84,15,1.1,0,130.5,6.3,0,0,0,0,0.03708333333333333
1,0,2.07,22,,1,9.3,1.1,0,1,1,1,0.98
1,0,0.37,28,0.62,0,34.9,3.1,0,0,0,0,0.11859523809523809
1,0,1.98,22,,1,22.9,2.5,0,1,1,1,0.9550476190476189
1,1,0.76,17,1.21,1,91.7,4.4,0,0,1,0,0.382
1,0,3.06,42,,0,26.2,2.7,0,1,1,1,0.8378484848484846
1,1,0.3,20,1.67,0,31.5,1.8,0,0,1,0,0.04575
1,1,2.21,23,0.0,0,44.3,2.0,0,0,1,1,0.99875
1,0,2.73,26,0.0,0,25.3,0.7,0,0,1,1,1.0
1,1,0.86,0,0.0,0,25.0,2.2,0,0,1,1,0.998
0,0,2.23,0,,0,0.8,0.2,2,1,1,1,1.0
0,0,0.73,17,0.0,0,0.0,0.0,0,0,1,1,1.0
0,0,6.79,12,,0,3.2,0.5,6,1,1,0,0.2383809523809524
1,1,5.6,30,1.62,0,207.8,13.8,0,0,1,0,0.08204761904761904
1,0,1.33,15,0.0,0,26.4,0.7,0,0,1,1,1.0
1,1,0.45,10,0.22,0,51.2,3.6,0,0,0,0,0.11591666666666668
1,0,1.75,13,0.18,0,14.1,2.6,0,0,0,0,0.003333333333333333
1,0,2.21,17,,0,5.9,1.0,0,1,1,1,0.9041666666666666
1,0,0.21,7,1.76,0,0.0,0.0,0,0,1,1,1.0
0,0,2.42,20,,4,0.0,0.0,0,1,1,1,1.0
0,0,1.09,0,,0,1.2,0.1,3,1,1,1,1.0
1,0,0.82,0,0.0,0,5.4,0.3,0,0,1,1,1.0
1,1,2.04,23,,0,0.0,0.0,0,1,1,1,1.0
1,1,1.25,13,0.72,0,65.4,4.2,0,0,0,0,0.3540555555555555
0,0,0.62,28,0.0,0,14.7,1.1,0,0,1,1,0.998
1,1,0.96,28,0.0,0,71.3,5.2,0,0,1,1,1.0
1,0,1.59,21,0.34,0,66.1,5.1,0,0,0,0,0.011666666666666665
1,1,5.85,22,0.02,0,26.1,2.5,0,0,0,0,0.0025
0,0,0.43,23,,0,0.0,0.0,0,1,1,1,1.0
1,0,2.55,22,1.26,0,50.8,3.0,0,0,0,0,0.07733333333333334
1,0,0.96,12,0.55,0,153.3,22.4,0,0,0,0,0.25196536796536795
1,1,0.56,18,0.0,0,0.0,0.0,0,0,1,1,1.0
0,0,1.9,17,0.12,0,0.0,0.0,0,0,1,1,1.0
1,1,2.19,0,,1,0.0,0.0,6,1,1,1,1.0
1,1,2.16,18,,0,19.6,0.6,0,1,1,1,0.7604999999999998
1,1,1.98,23,,0,0.0,0.0,0,1,1,1,1.0
1,1,6.87,19,1.7,0,28.5,0.7,0,0,0,0,0.0675952380952381
1,0,1.68,72,0.0,1,76.0,13.0,0,0,1,1,1.0
1,0,0.42,18,0.0,0,49.3,2.0,0,0,1,1,1.0
1,1,1.35,22,,1,0.0,0.0,0,1,1,1,1.0
1,0,2.36,18,1.51,0,41.7,1.4,0,0,0,0,0.4890119047619048
1,0,2.63,21,0.11,0,30.6,2.7,0,0,0,0,0.15158333333333332
1,1,3.82,13,,0,43.8,2.0,0,1,1,1,0.8653650793650793
0,0,2.93,0,,0,0.0,0.0,3,1,1,1,1.0
0,0,1.46,27,0.0,0,4.9,0.8,0,0,1,1,1.0
1,0,0.1,22,1.87,0,35.3,1.2,0,0,0,0,0.022261904761904764
1,0,1.98,30,,0,7.0,0.3,0,1,1,1,1.0
1,1,3.58,24,,0,17.9,1.0,0,1,1,1,0.8762857142857143
1,0,1.51,4,0.0,0,13.4,0.8,0,0,1,1,1.0
1,0,0.82,0,0.0,0,0.7,0.0,1,0,1,1,0.99
1,0,3.78,28,0.0,1,96.8,5.6,0,0,1,1,0.998
1,1,2.9,0,,0,0.0,0.0,0,1,1,1,1.0
1,0,1.11,22,0.86,0,40.5,15.2,0,0,0,0,0.012095238095238095
0,0,4.27,8,,0,0.0,0.0,0,1,1,1,1.0
1,0,2.56,11,0.0,0,8.6,0.5,0,0,1,1,1.0
0,0,3.68,20,,0,10.4,0.7,0,1,1,1,0.9939999999999999
1,1,3.37,21,0.57,0,50.1,5.7,0,0,0,0,0.05466666666666667
1,1,3.13,24,0.78,0,139.8,12.2,0,0,0,0,0.0025
1,0,1.52,13,0.41,1,67.0,5.7,0,0,0,0,0.10799999999999998
1,0,2.01,24,,0,14.3,0.8,0,1,1,1,0.9963333333333334
1,0,3.08,12,0.5,0,110.5,8.4,0,0,0,0,0.12525
1,0,3.21,8,,0,6.7,0.4,0,1,1,1,0.8895714285714286
1,1,0.74,15,1.48,0,132.0,9.9,0,0,0,0,0.005
0,0,8.39,24,,0,29.5,1.7,0,1,0,0,0.4229007936507937
1,0,5.09,26,1.01,3,31.8,1.9,0,0,0,0,0.11264285714285713
1,0,6.55,24,0.0,0,41.2,6.4,0,0,1,1,0.917
1,0,0.74,20,0.94,0,41.3,4.2,0,0,1,0,0.09219444444444445
1,1,1.02,12,1.59,0,41.1,2.8,0,0,1,0,0.12701190476190477
1,0,4.45,20,,3,3.3,0.7,0,1,1,1,0.9806428571428571
1,0,0.1,16,1.88,0,26.3,0.9,0,0,0,0,0.012857142857142855
1,1,0.61,7,0.0,0,20.8,1.1,0,0,1,1,0.99
1,0,1.27,13,0.0,0,18.9,2.8,0,0,1,1,1.0
1,0,1.85,21,0.0,0,40.9,7.8,0,0,1,1,0.99
0,0,0.51,59,0.0,0,17.8,5.7,0,0,1,1,0.9925
1,0,5.1,28,0.0,0,69.0,9.2,0,0,1,1,0.9925
1,1,3.64,15,1.27,1,31.4,3.0,0,0,0,0,0.0195
1,0,0.27,25,0.0,4,46.2,2.1,0,0,1,1,0.9753333333333333
1,0,4.12,19,1.79,0,24.8,5.4,0,0,0,0,0.050222222222222224
0,0,5.9,39,,0,15.8,4.9,0,1,1,1,0.7255952380952383
1,0,5.14,25,0.0,0,27.1,2.8,0,0,1,1,0.9946428571428573
1,0,1.98,25,,0,30.0,3.1,0,1,1,1,0.9721428571428571
1,1,0.58,24,1.39,0,21.2,2.2,0,0,0,0,0.2200595238095238
1,0,8.29,22,0.94,0,92.4,4.8,0,0,0,0,0.1044126984126984
1,0,3.85,14,,0,8.4,0.5,0,1,1,1,0.9786666666666668
1,0,4.89,20,1.2,0,22.0,1.9,0,0,0,0,0.01
0,0,0.0,1,,0,0.0,0.0,0,1,1,1,1.0
1,0,2.56,21,,0,15.5,0.9,0,1,1,1,0.991
1,0,2.89,19,1.23,0,24.9,1.3,0,0,0,0,0.2986388888888889
1,0,1.47,13,0.0,0,77.6,12.3,0,0,1,1,1.0
1,1,6.23,21,0.29,0,75.7,6.4,0,0,0,0,0.0025
0,0,0.11,37,1.86,1,80.1,7.2,0,0,0,0,0.03283333333333333
1,0,4.52,24,,0,52.0,2.1,0,1,1,1,0.8292857142857143
1,0,0.97,22,1.0,0,57.8,4.2,0,0,0,0,0.02
0,0,0.12,22,1.85,1,32.2,2.9,0,0,0,0,0.011000000000000001
1,0,3.87,40,,0,17.4,3.0,0,1,0,1,0.8610476190476192
1,1,6.8,16,1.61,0,41.9,2.1,0,0,0,0,0.07025
1,0,0.67,14,1.3,0,50.3,4.9,0,0,0,0,0.011696969696969697
1,0,0.92,14,0.0,0,35.5,2.8,0,0,1,1,1.0
1,1,7.08,16,1.87,1,46.5,4.8,0,0,0,0,0.005
1,0,1.08,14,0.9,0,26.7,2.7,0,0,0,0,0.01
1,1,7.22,15,1.62,0,68.6,3.8,0,0,0,0,0.03027777777777778
0,0,7.13,24,1.97,0,13.5,1.3,0,0,1,0,0.15015007215007214
1,0,0.83,14,1.15,0,30.4,56.2,0,0,0,0,0.08127380952380953
1,0,1.92,0,0.0,0,2.6,0.2,3,0,1,1,1.0
1,1,1.7,13,0.28,1,271.3,36.5,0,0,0,0,0.09564285714285715
1,1,7.21,15,1.12,0,37.8,3.9,0,0,0,0,0.026111111111111113
0,0,5.93,10,,1,1.9,0.5,4,1,1,1,0.8692500000000003
1,1,3.17,24,0.75,1,70.2,7.2,0,0,0,0,0.021
1,1,0.42,12,1.63,0,86.9,8.9,0,0,1,0,0.06779761904761905
1,1,0.22,13,1.75,0,36.0,0.6,0,0,0,0,0.15201190476190474
0,0,1.07,33,,0,44.0,4.3,0,1,1,1,0.6894007936507937
0,0,1.79,0,0.0,0,0.0,0.0,0,0,1,1,1.0
1,0,0.92,21,0.0,0,47.3,3.1,0,0,1,1,1.0
1,1,2.22,21,,0,12.1,1.0,0,1,1,1,0.996
1,0,3.02,16,0.0,0,5.9,2.1,4,0,1,1,0.992
1,1,0.01,3,0.48,0,1.7,0.1,0,0,1,1,0.6493214285714285
1,1,1.02,0,0.01,0,0.0,0.0,6,0,1,1,1.0
1,1,0.39,11,0.4,0,86.3,8.1,0,0,0,0,0.10928571428571426
0,0,0.72,22,,0,0.0,0.0,0,1,1,1,1.0
1,0,0.67,13,0.0,0,27.1,0.9,0,0,1,1,1.0
1,0,3.14,19,,0,42.6,2.3,0,1,1,1,0.9637499999999999
0,0,2.07,14,0.0,0,24.3,1.2,0,0,1,1,1.0
1,0,4.61,17,0.0,0,36.7,1.6,0,0,1,1,1.0
1,1,3.95,20,,0,48.7,2.4,0,1,1,1,0.6049761904761906
1,0,1.16,14,0.82,0,36.3,2.0,0,0,0,0,0.0496547619047619
1,1,5.87,10,1.11,0,10.6,0.9,0,0,0,0,0.06561111111111112
1,0,1.42,21,0.0,1,18.9,2.3,0,0,1,1,1.0
1,0,3.89,22,0.05,0,66.9,5.0,0,0,0,0,0.03166666666666667
1,1,0.56,15,1.41,0,18.2,2.5,0,0,0,0,0.0
1,0,8.13,0,,0,0.0,0.0,0,1,1,1,1.0
1,0,0.42,10,1.79,0,66.3,3.3,0,0,0,0,0.08470238095238095
1,0,2.98,12,0.89,0,20.6,2.1,0,0,0,0,0.0025
0,0,0.47,22,0.0,0,43.1,15.7,0,0,1,1,1.0
1,1,0.56,21,0.0,1,37.6,2.8,0,0,1,1,0.99
1,1,2.53,21,,0,6.3,0.6,0,1,1,1,0.985
1,1,6.52,20,1.0,0,64.4,3.9,0,0,0,0,0.17426984126984127
1,0,2.42,22,1.53,0,62.4,4.0,1,0,0,0,0.028333333333333335
1,1,1.51,20,0.46,0,66.8,3.8,0,0,0,0,0.13422619047619047
1,0,2.9,20,1.02,0,84.3,5.2,0,0,0,0,0.03791666666666667
0,0,0.61,15,0.0,0,19.3,1.0,0,0,1,1,1.0
1,0,0.12,13,1.85,1,16.5,4.0,0,0,0,0,0.023011904761904765
1,0,0.4,17,1.57,0,28.5,1.8,0,0,0,0,0.0636111111111111
0,0,1.98,56,,0,62.8,7.0,0,1,1,1,0.8276626984126983
1,1,3.99,26,,0,74.3,3.3,0,1,1,1,0.8618333333333332
0,0,0.21,14,,0,0.0,0.0,0,1,1,1,1.0
1,0,0.9,14,1.07,0,7.3,1.3,0,0,0,0,0.002
0,0,0.61,26,0.0,0,32.8,2.4,0,0,1,1,1.0
1,1,1.18,18,0.0,0,0.0,0.0,0,0,1,1,1.0
1,1,3.88,20,0.07,0,20.7,1.5,0,0,0,0,0.006
1,0,6.09,10,,0,0.0,0.0,0,1,1,1,1.0
1,1,4.85,22,1.04,0,35.5,2.7,0,0,1,0,0.05455555555555556
1,0,0.3,16,1.68,0,56.0,5.4,0,0,0,0,0.010666666666666666
1,1,7.66,24,0.78,0,55.9,5.2,0,0,0,0,0.07361904761904763
1,0,0.68,19,0.0,0,3.0,0.2,0,0,1,1,1.0
1,0,2.24,16,,0,40.9,3.3,0,1,0,1,0.8199166666666668
1,0,0.46,10,0.0,0,11.0,0.5,0,0,1,1,1.0
1,1,2.73,24,,0,11.2,2.6,0,1,1,1,0.9084880952380954
1,1,5.11,15,1.27,0,31.8,3.2,0,0,0,0,0.025595238095238098
1,0,0.46,37,1.51,0,99.8,6.6,0,0,0,0,0.029047619047619048
1,0,0.91,23,1.06,0,9.7,0.6,0,0,1,0,0.17916269841269838
1,1,1.15,0,0.0,0,3.9,0.7,0,0,1,1,1.0
0,0,0.16,35,0.52,0,138.3,7.9,0,0,0,0,0.13867857142857143
1,0,5.8,21,0.2,0,60.8,6.7,0,0,0,0,0.0
1,1,1.34,21,1.42,0,99.0,6.4,0,0,1,0,0.3480714285714286
1,0,6.27,21,,0,39.6,4.9,0,1,1,1,0.7031111111111111
1,0,0.48,9,0.0,0,85.5,2.9,0,0,1,1,1.0
1,0,4.04,20,,0,27.1,3.1,0,1,1,1,0.8341666666666667
1,0,3.76,24,,0,24.5,2.3,0,1,1,1,0.809674603174603
1,0,6.08,22,1.01,0,12.6,0.4,0,0,0,0,0.0075
1,0,2.1,21,,2,12.5,1.7,0,1,1,1,0.9688333333333332
1,0,2.03,0,,0,0.0,0.0,0,1,1,1,1.0
1,0,2.86,26,0.0,0,18.6,1.4,0,0,1,1,1.0
1,0,4.53,10,,0,3.1,0.2,5,1,1,1,0.995
0,0,2.25,0,,3,0.0,0.0,2,1,1,1,1.0
1,1,6.58,22,0.04,0,80.0,7.3,0,0,0,0,0.0
1,1,2.65,15,1.3,0,105.6,9.5,0,0,0,0,0.050630952380952374
1,0,1.33,17,0.0,0,0.0,0.0,0,0,1,1,1.0
1,0,3.59,0,,0,0.0,0.0,3,1,1,1,1.0
1,0,0.97,11,0.35,0,8.3,0.7,0,0,1,0,0.29661904761904767
1,0,2.87,12,1.05,0,17.0,1.4,0,0,0,0,0.0
1,1,8.23,10,1.44,0,0.3,0.0,0,0,0,0,0.04208333333333334
1,1,2.82,7,,0,19.2,1.0,0,1,1,1,0.6231071428571429
1,0,0.45,18,0.0,0,37.1,3.1,0,0,1,1,1.0
1,1,3.36,20,0.0,0,30.8,1.5,0,0,1,1,0.9896666666666667
0,0,7.22,24,,0,1.5,0.1,0,1,1,0,0.29958730158730157
1,1,0.33,14,0.59,6,123.0,8.7,0,0,0,0,0.1695714285714286
1,1,0.54,13,1.43,1,26.2,1.4,0,0,0,0,0.0625
0,0,2.3,23,1.66,0,103.7,6.7,0,0,0,0,0.10033333333333333
1,0,3.97,29,0.0,0,45.8,3.4,0,0,1,1,1.0
1,1,0.22,10,0.0,0,6.3,0.7,0,0,1,1,0.9846666666666667
0,0,0.76,23,0.0,1,0.0,0.0,0,0,1,1,1.0
1,1,2.46,12,0.0,0,65.2,5.8,0,0,1,1,1.0
1,1,3.12,19,1.84,1,25.4,1.1,0,0,0,0,0.07385714285714286
1,0,3.08,12,0.87,0,100.0,9.5,0,0,0,0,0.0
1,0,0.96,20,1.77,0,159.4,10.3,0,0,0,0,0.07625
1,0,2.48,19,0.0,0,53.1,2.9,0,0,1,1,1.0
1,0,1.19,19,0.0,0,0.0,0.0,0,0,1,1,1.0
1,0,5.17,20,1.11,0,8.6,0.8,0,0,0,0,0.03
0,0,2.21,19,,0,0.0,0.0,0,1,1,1,1.0
1,0,1.98,13,,0,13.6,0.9,0,1,1,1,0.9216666666666667
0,0,2.01,49,,2,30.1,0.8,0,1,1,1,0.9233333333333335
1,0,2.47,28,,0,22.5,2.9,0,1,1,1,0.9701428571428572
1,0,1.65,13,0.28,0,229.8,9.7,0,0,0,0,0.018916666666666665
1,0,0.18,22,1.79,0,48.5,3.8,0,0,0,0,0.004
0,0,2.7,22,,0,2.6,0.3,0,1,1,1,0.99
0,0,2.74,36,,0,0.0,0.0,0,1,1,1,1.0
1,0,3.88,22,0.07,0,55.2,2.9,0,0,0,0,0.006999999999999999
0,0,0.48,12,,0,2.5,0.3,0,1,1,1,1.0
1,1,1.06,20,1.16,0,2.9,0.1,0,0,1,0,0.03946428571428571
1,0,2.9,12,1.02,0,22.9,1.6,0,0,0,0,0.0
1,0,0.88,22,1.09,0,81.7,7.1,0,0,0,0,0.014047619047619047
0,0,3.19,0,,0,0.0,0.0,0,1,1,1,1.0
1,1,4.03,48,1.29,0,23.6,2.0,0,0,0,0,0.07177777777777777
1,0,5.92,25,0.1,0,22.0,16.5,0,0,0,0,0.0175
1,1,2.99,28,1.37,1,149.0,8.2,0,0,0,0,0.08633333333333333
1,1,0.64,10,0.0,0,80.4,3.8,0,0,1,1,1.0
1,0,1.41,12,0.87,0,14.4,1.2,0,0,0,0,0.1591904761904762
0,0,0.58,26,0.19,0,12.2,1.2,0,0,0,0,0.09358333333333334
1,0,1.62,13,0.31,0,19.5,1.6,0,0,0,0,0.022857142857142857
0,0,0.87,22,,0,9.8,1.4,0,1,1,1,0.9866666666666666
1,0,0.21,26,0.77,0,83.0,12.6,0,0,0,0,0.23639285714285715
0,0,1.13,24,,0,0.2,0.0,0,1,1,1,0.9872817460317461
1,0,1.07,26,0.0,0,80.2,4.1,0,0,1,1,0.9914285714285714
1,1,2.0,26,0.0,2,13.4,2.3,0,0,1,1,1.0
1,0,4.53,24,,0,7.0,0.5,0,1,1,1,0.9398333333333333
1,0,0.43,33,2.53,0,98.4,19.3,0,0,0,0,0.02
0,0,0.72,18,0.0,2,24.2,1.6,0,0,1,1,1.0
1,1,3.87,12,0.0,0,62.6,4.9,0,0,1,1,1.0
1,0,1.99,21,,1,100.7,11.9,0,1,1,1,0.955
0,0,0.8,13,,0,0.0,0.0,0,1,1,1,1.0
0,0,3.72,14,,0,0.0,0.0,0,1,1,1,1.0
1,0,2.77,18,,0,0.0,0.0,0,1,1,1,1.0
0,0,5.07,21,0.0,0,11.3,0.5,0,0,1,1,0.9791666666666667
1,0,1.44,23,0.0,0,0.0,0.0,0,0,1,1,1.0
0,0,0.6,22,0.0,0,0.0,0.0,0,0,1,1,1.0
0,0,3.68,24,,1,14.0,1.3,0,1,1,1,0.9243571428571429
0,0,1.74,21,,0,3.8,0.7,0,1,1,1,1.0
1,1,1.81,12,0.28,0,70.0,3.8,0,0,0,0,0.03071428571428571
1,1,8.61,21,0.36,0,70.7,4.7,0,0,0,0,0.03333333333333333
1,1,3.29,13,0.0,0,26.5,1.2,0,0,1,1,1.0
1,0,0.58,13,0.0,0,28.9,0.9,0,0,1,1,1.0
1,0,0.11,12,0.0,0,10.2,6.1,0,0,1,1,0.9754999999999999
1,0,0.8,14,1.17,0,9.3,0.6,0,0,0,0,0.0
0,0,0.04,6,1.94,0,0.2,0.0,0,0,0,0,0.39299999999999996
1,1,1.97,28,0.0,0,49.9,6.3,0,0,1,1,1.0
1,0,0.64,13,0.0,0,6.0,0.6,0,0,1,1,0.986
0,0,0.68,21,0.0,1,0.0,0.0,0,0,1,1,1.0
1,1,0.3,14,1.67,1,46.4,9.2,0,0,0,0,0.029500000000000002
1,1,0.75,15,0.61,0,39.5,6.9,0,0,0,0,0.3069761904761904
1,0,5.06,21,,0,41.0,4.7,0,1,1,1,0.7861309523809523
1,0,0.18,21,1.79,0,24.7,7.0,0,0,0,0,0.03833333333333333
1,0,1.97,17,0.0,0,6.1,0.2,0,0,1,1,1.0
0,0,1.45,13,,0,0.0,0.0,0,1,1,1,1.0
1,0,0.49,20,0.0,0,26.2,4.5,0,0,1,1,1.0
1,1,0.88,22,1.09,1,206.9,58.5,0,0,0,0,0.026833333333333334
1,0,2.32,38,,0,271.1,16.9,0,1,0,1,0.6147857142857142
1,0,1.09,39,,0,47.9,3.0,0,1,1,1,0.8989285714285714
1,1,2.53,15,1.38,1,50.1,4.6,0,0,0,0,0.025785714285714283
0,0,3.07,22,,1,0.0,0.0,0,1,1,1,1.0
0,0,0.81,24,0.0,0,0.0,0.0,0,0,1,1,1.0
0,0,2.88,21,,0,21.3,1.3,0,1,1,1,0.966
0,0,2.41,23,,2,0.0,0.0,0,1,1,1,1.0
0,0,2.01,19,,0,0.0,0.0,0,1,1,1,1.0
1,0,0.35,23,0.0,0,86.7,13.0,0,0,1,1,0.99
1,1,5.59,21,0.42,0,24.1,1.1,0,0,0,0,0.029166666666666664
1,0,1.81,15,0.0,0,24.4,1.0,0,0,1,1,1.0
1,0,0.11,9,0.0,0,102.9,6.1,0,0,1,1,0.9732222222222221
1,0,6.52,24,0.0,0,58.0,5.7,0,0,1,1,0.96
1,0,3.19,9,,0,0.6,0.1,0,1,1,1,0.9544444444444443
1,1,0.01,2,0.58,0,12.8,0.4,0,0,1,1,0.7291547619047618
0,0,2.08,0,,0,0.0,0.0,0,1,1,1,1.0
1,0,4.0,20,,0,31.6,1.1,0,1,1,1,0.9359999999999998
1,1,1.66,20,,0,25.0,2.4,0,1,1,1,0.9499642857142857
1,0,4.63,21,1.28,0,28.4,3.7,0,0,1,0,0.13773809523809524
1,1,0.66,15,1.32,0,20.8,1.3,0,0,0,0,0.011666666666666667
1,0,2.01,21,,0,1.0,0.1,0,1,1,1,1.0
1,0,6.81,21,0.0,3,97.6,18.6,0,0,1,1,1.0
1,0,0.67,20,,1,179.8,6.3,0,1,1,1,0.646845238095238
1,0,1.19,21,0.0,0,28.7,1.0,0,0,1,1,1.0
1,1,0.33,33,1.37,0,22.7,1.3,0,0,0,0,0.08072222222222222
1,0,6.06,33,,0,122.7,10.2,0,1,0,1,0.5486904761904762
1,1,1.1,30,1.87,0,28.5,2.6,0,0,0,0,0.12649999999999997
0,0,0.81,77,,0,26.8,4.4,0,1,1,1,0.9411111111111112
1,1,2.25,12,1.66,0,23.9,3.7,0,0,0,0,0.043
1,0,6.95,21,0.4,0,60.6,6.5,0,0,0,0,0.0
1,0,0.9,20,1.07,0,24.3,1.6,0,0,0,0,0.0
1,1,0.25,24,1.31,1,150.9,8.3,0,0,0,0,0.07578571428571429
1,0,0.57,12,,0,17.9,0.7,0,1,1,1,0.863547619047619
1,0,1.05,37,0.92,1,32.3,1.9,0,0,0,0,0.1103968253968254
1,0,2.42,24,1.63,0,24.5,2.7,0,0,0,0,0.30567063492063495
1,0,1.36,19,,0,0.0,0.0,0,1,1,1,1.0
1,1,5.11,20,1.63,0,66.2,3.9,0,0,0,0,0.032857142857142856
1,1,6.9,21,1.84,0,31.7,1.5,0,0,0,0,0.022777777777777775
1,0,6.16,49,,2,80.2,29.8,0,1,0,1,0.5911666666666666
1,0,1.97,19,0.0,0,30.9,1.4,0,0,1,1,1.0
0,0,0.13,110,,0,132.5,22.1,0,1,1,1,0.7799761904761903
1,0,0.75,47,,0,56.9,2.2,0,1,1,1,0.821952380952381
1,0,0.98,11,0.0,0,14.4,0.8,0,0,1,1,1.0
1,1,2.01,19,,0,0.0,0.0,0,1,1,1,1.0
1,0,1.97,22,0.0,0,3.0,0.6,0,0,1,1,1.0
1,0,0.24,0,0.0,0,0.0,0.0,0,0,1,1,1.0
1,0,6.67,24,,7,10.1,0.5,0,1,1,1,0.6894686147186146
1,1,0.45,21,0.0,0,0.0,0.0,0,0,1,1,1.0
0,0,1.27,19,0.0,0,0.0,0.0,0,0,1,1,1.0
1,0,1.97,30,0.0,1,88.7,4.6,0,0,1,1,0.995
1,1,2.06,37,1.89,4,41.2,4.7,0,0,0,0,0.13776190476190478
1,0,2.67,22,,0,13.4,1.7,0,1,1,1,0.9771428571428571
1,1,2.76,15,1.17,0,80.4,6.0,0,0,0,0,0.021916666666666664
1,1,2.39,22,0.0,0,81.8,6.3,0,0,1,1,0.998
1,0,3.18,0,,0,1.3,0.1,3,1,1,1,1.0
1,1,5.85,18,1.93,1,29.8,2.7,0,0,0,0,0.0115
1,1,0.98,24,0.99,0,59.0,3.0,0,0,0,0,0.09023809523809524
0,0,0.93,23,0.01,1,0.0,0.0,0,0,1,1,1.0
0,0,3.61,9,0.0,1,8.3,6.4,5,0,1,1,0.996
1,1,5.16,15,1.62,0,42.6,2.8,0,0,0,0,0.02351190476190476
0,0,0.0,0,1.97,0,,,0,0,0,0,0.0
0,0,1.64,18,0.0,0,0.0,0.0,0,0,1,1,1.0
1,1,5.56,15,,0,10.5,0.5,7,1,1,1,0.8909761904761906
1,1,0.05,7,1.93,0,15.8,7.7,0,0,0,0,0.05135714285714285
1,0,4.54,9,0.0,0,3.2,0.1,0,0,1,1,1.0
0,0,3.12,18,,0,0.7,0.2,0,1,1,1,0.9890000000000001
0,0,1.04,22,0.01,0,0.0,0.0,0,0,1,1,1.0
1,0,1.31,24,,2,5.2,0.4,0,1,1,1,0.96175
1,1,4.31,16,1.59,0,171.1,5.9,0,0,0,0,0.07066666666666667
1,0,3.51,22,0.0,0,58.9,2.4,0,0,1,1,0.9887142857142857
0,0,1.14,17,0.0,0,0.0,0.0,0,0,1,1,1.0
1,0,0.32,3,0.0,1,43.3,1.7,0,0,1,1,0.992
0,0,4.02,16,0.0,0,24.1,1.1,0,0,1,1,1.0
1,0,2.88,25,0.02,0,46.9,3.7,0,0,0,0,0.033119047619047624
1,0,2.16,0,,2,12.5,1.8,0,1,1,1,0.9003333333333333
1,0,1.11,20,0.86,0,93.1,5.7,0,0,0,0,0.025595238095238098
1,0,1.5,21,0.47,0,83.3,9.8,0,0,0,0,0.0025
0,0,1.13,12,1.99,0,0.0,0.0,1,0,1,1,0.9640000000000001
1,0,0.9,24,,0,7.8,1.0,0,1,1,1,0.9725833333333332
0,0,0.68,20,0.22,0,0.0,0.0,0,0,1,1,0.99
1,0,0.75,13,0.0,0,30.1,1.1,0,0,1,1,1.0
0,0,1.11,17,0.0,0,4.4,0.2,0,0,1,1,1.0
1,0,8.76,21,0.17,0,38.6,3.9,0,0,0,0,0.0
1,0,0.7,21,0.0,0,0.0,0.0,0,0,1,1,1.0
1,0,0.14,10,1.11,0,47.2,3.6,0,0,0,0,0.024619047619047617
1,1,0.22,15,0.08,0,15.1,2.3,0,0,0,0,0.1583968253968254
1,0,0.75,19,1.22,0,36.0,2.2,0,0,1,1,0.5746666666666668
1,0,3.36,21,0.13,0,90.2,3.4,0,0,0,0,0.020285714285714285
0,0,0.87,37,1.1,0,28.8,2.4,0,0,1,1,0.9236666666666666
1,0,3.07,12,0.87,0,34.9,7.5,0,0,0,0,0.0
1,0,2.95,20,0.97,0,89.9,8.0,0,0,0,0,0.01
1,0,0.5,26,0.0,0,14.0,0.4,0,0,1,1,0.992
1,1,3.33,12,0.57,0,22.3,1.1,0,0,0,0,0.041772727272727274
1,0,1.12,13,,0,41.3,4.7,0,1,1,1,0.7700378787878789
0,0,4.44,24,,0,13.8,0.9,0,1,1,1,0.9896666666666667
1,1,5.19,35,1.74,1,124.6,7.6,1,0,0,0,0.08064285714285716
1,1,1.58,12,0.39,0,118.9,4.8,0,0,0,0,0.06390476190476191
1,0,4.29,0,,0,0.2,0.0,0,1,1,1,1.0
1,0,4.21,20,1.7,1,70.7,3.0,0,0,0,0,0.03333333333333333
1,1,1.98,36,,0,15.4,1.2,0,1,1,1,0.951738095238095
1,1,7.17,33,0.61,0,219.4,8.0,0,0,0,0,0.15959523809523807
1,0,2.64,0,,0,0.0,0.0,0,1,1,1,1.0
0,0,0.8,33,,0,187.6,10.0,0,1,1,1,0.6848095238095239
1,1,1.19,24,0.77,0,12.7,0.9,0,0,0,0,0.1100952380952381
0,0,2.25,23,,1,14.0,1.4,0,1,1,1,0.9816666666666666
1,0,3.13,12,,0,0.0,0.0,0,1,1,1,1.0
1,1,3.08,24,0.84,0,87.3,15.5,0,0,0,0,0.024575757575757574
1,1,6.73,19,,0,61.4,12.7,0,1,0,1,0.6248809523809521
1,1,5.24,24,0.96,0,35.4,2.2,0,0,0,0,0.09242857142857144
1,0,0.48,12,0.79,0,17.7,2.0,0,0,1,0,0.09904761904761904
0,0,3.53,9,0.0,1,17.6,1.7,0,0,1,1,1.0
0,0,3.88,22,,0,2.3,0.1,0,1,1,1,1.0
1,0,0.5,20,1.47,1,34.6,2.6,2,0,0,0,0.037142857142857144
1,1,1.44,12,0.0,0,87.5,10.0,0,0,1,1,1.0
1,1,6.09,10,1.42,0,29.1,0.9,0,0,0,0,0.03111111111111111
1,1,4.05,25,,0,49.9,3.0,0,1,0,1,0.8515833333333334
1,1,0.83,15,1.14,0,26.5,2.8,0,0,0,0,0.041833333333333333
1,0,1.43,14,0.0,0,32.4,2.9,0,0,1,1,1.0
1,0,8.07,25,0.0,0,64.8,3.5,0,0,1,1,0.9942857142857143
1,0,1.02,14,0.95,0,54.3,2.3,0,0,0,0,0.004
1,0,4.18,21,1.58,0,76.9,2.6,0,0,0,0,0.21338888888888888
1,0,1.22,14,0.76,0,68.8,4.3,0,0,0,0,0.0
1,1,3.93,5,0.01,0,33.6,1.2,0,0,1,1,0.7772619047619048
1,0,0.28,18,1.7,1,47.8,5.6,0,0,0,0,0.029333333333333333
1,1,7.83,0,,0,40.3,4.5,0,1,0,0,0.4582738095238096
1,0,1.68,7,0.29,2,43.8,2.1,0,0,1,0,0.41237301587301595
0,0,0.35,35,1.62,0,74.1,6.3,0,0,0,0,0.08194444444444444
1,1,1.85,24,0.13,0,28.7,5.3,0,0,1,0,0.0836190476190476
0,0,6.18,26,,0,0.8,0.3,0,1,1,1,0.7090476190476191
0,0,0.81,0,,0,0.0,0.0,6,1,1,1,1.0
0,0,2.52,23,,1,55.5,4.2,0,1,1,1,0.8607813852813851
1,1,0.14,10,1.84,0,14.1,0.6,0,0,0,0,0.11788888888888888
1,1,2.78,2,,0,0.0,0.0,0,1,1,1,1.0
0,0,0.73,13,0.0,0,27.9,2.5,0,0,1,1,1.0
1,0,0.16,19,1.81,0,12.5,1.2,0,0,0,0,0.030000000000000006
1,1,1.54,12,0.43,0,18.6,0.9,0,0,0,0,0.014428571428571428
1,1,1.38,12,0.59,0,3.5,0.3,0,0,0,0,0.09781060606060604
1,0,1.73,19,0.18,0,90.0,6.1,0,0,0,1,0.5431984126984127
1,0,2.91,20,,0,19.9,1.7,0,1,1,1,0.99
1,0,1.65,22,0.0,0,0.0,0.0,0,0,1,1,1.0
1,0,0.75,20,1.22,0,73.7,4.8,0,0,1,0,0.09853571428571428
1,0,5.41,21,,0,58.8,6.6,0,1,1,1,0.7704956709956708
1,0,3.69,15,,0,1.7,0.1,0,1,1,1,1.0
1,1,0.65,15,1.33,0,274.5,11.5,0,0,0,0,0.03333333333333333
1,1,4.36,22,1.65,0,43.1,2.3,0,0,0,0,0.03316666666666667
1,0,2.09,0,,2,11.0,2.2,1,1,1,1,0.8793333333333331
1,0,5.06,81,,0,43.3,2.9,0,1,1,1,0.6775079365079365
1,0,1.7,16,0.0,1,8.7,0.5,0,0,1,1,1.0
0,0,0.5,0,,0,3.3,0.4,0,1,1,1,1.0
1,0,2.92,12,1.01,0,17.3,2.2,0,0,0,0,0.005714285714285714
1,1,0.4,23,1.57,0,119.6,17.9,1,0,0,0,0.013928571428571427
1,1,2.01,0,,0,0.0,0.0,2,1,1,1,1.0
1,1,3.32,15,1.44,0,76.9,5.8,0,0,0,0,0.085
1,0,1.22,9,0.76,0,10.8,2.0,0,0,0,0,0.23748412698412696
1,0,1.76,13,0.16,0,52.6,4.1,0,0,0,0,0.0
0,0,0.64,16,0.0,0,14.0,1.1,0,0,1,1,1.0
0,0,1.98,0,,0,0.0,0.0,7,1,1,1,1.0
1,1,3.56,20,0.34,0,158.6,41.7,0,0,0,0,0.04083333333333334
1,0,1.23,18,0.0,0,0.0,0.0,0,0,1,1,1.0
1,0,3.56,15,0.0,1,7.3,0.5,0,0,1,1,1.0
1,0,5.1,26,0.0,0,43.0,1.9,0,0,1,1,0.9890000000000001
1,0,0.65,14,1.32,0,61.2,1.9,0,0,0,0,0.035333333333333335
1,0,4.39,12,1.76,0,133.6,6.1,1,0,0,0,0.05646428571428572
1,0,3.36,0,,0,0.0,0.0,0,1,1,1,1.0
1,1,2.95,24,,1,156.6,7.5,0,1,1,1,0.7760714285714286
1,1,6.82,20,,0,10.4,1.0,0,1,1,1,0.6629801587301587
0,0,2.28,10,,0,0.0,0.0,0,1,1,1,1.0
0,0,1.13,23,0.0,0,0.0,0.0,0,0,1,1,1.0
1,1,3.97,10,1.07,0,118.7,4.6,0,0,0,0,0.045
1,0,0.3,16,1.67,0,32.7,2.1,0,0,0,0,0.02777777777777778
1,1,4.63,20,0.19,0,89.1,3.8,0,0,0,0,0.03333333333333333
1,0,0.74,23,,0,14.6,1.2,0,1,1,1,0.9946666666666667
1,1,0.66,19,0.0,0,81.0,5.4,0,0,1,1,1.0
1,0,2.07,11,0.0,0,30.7,5.2,0,0,1,1,1.0
1,1,7.99,16,1.64,0,25.7,2.8,0,0,0,0,0.028333333333333335
1,0,1.22,14,0.75,0,113.4,16.2,0,0,0,0,0.036333333333333336
0,0,1.88,0,0.0,0,3.4,0.8,7,0,1,1,1.0
1,1,5.49,24,,0,86.3,8.5,0,1,1,1,0.7240000000000001
1,1,2.6,23,,0,23.9,3.3,0,1,1,1,0.9586666666666668
1,0,0.29,11,1.34,0,30.9,1.9,0,0,0,0,0.1796111111111111
0,0,0.51,18,0.0,0,1.3,0.1,0,0,1,1,1.0
1,1,5.87,12,1.43,0,27.7,1.6,0,0,0,0,0.10825
1,0,3.18,26,0.0,0,19.4,1.0,0,0,1,1,1.0
1,0,1.48,13,0.43,0,32.4,5.6,0,0,0,0,0.03883333333333333
0,0,3.48,52,,8,0.0,0.0,0,1,1,1,1.0
1,0,2.01,0,,0,0.0,0.0,6,1,1,1,1.0
0,0,2.38,57,,0,0.0,0.0,0,1,1,1,1.0
1,0,1.1,22,0.88,0,53.8,5.1,0,0,0,0,0.0
1,0,1.01,22,0.0,0,0.8,0.8,0,0,1,1,1.0
0,0,1.52,23,,0,0.0,0.0,0,1,1,1,1.0
1,0,3.21,17,,0,15.9,1.1,0,1,1,1,0.9341666666666667
1,1,0.25,21,1.73,0,13.8,1.0,0,0,0,0,0.019325396825396822
1,1,2.04,20,,0,253.6,7.3,0,1,1,1,0.6750400432900433
1,0,0.0,0,0.0,0,0.0,0.0,0,0,1,1,1.0
1,0,2.17,20,0.0,0,0.0,0.0,0,0,1,1,1.0
1,1,2.21,24,1.97,0,86.8,6.0,0,0,0,0,0.030476190476190476
0,0,3.0,13,,0,0.0,0.0,0,1,1,1,1.0
1,0,0.57,18,,2,0.0,0.0,0,1,1,1,1.0
1,1,6.71,12,0.46,1,78.3,9.8,0,0,0,0,0.015
1,0,1.92,10,0.05,1,40.3,1.7,0,0,0,0,0.36125
1,0,0.93,12,0.0,0,7.4,0.7,0,0,1,1,1.0
0,0,5.86,24,0.0,0,28.4,2.7,0,0,1,1,0.9701666666666665
1,1,6.92,14,1.59,0,29.8,2.5,0,0,0,0,0.15833333333333333
1,1,6.32,23,1.53,0,83.8,6.0,0,0,0,0,0.05911111111111111
1,0,2.28,16,,0,0.0,0.0,0,1,1,1,1.0
0,0,0.09,15,1.88,1,171.7,12.4,0,0,0,0,0.24579761904761901
0,0,0.24,31,1.74,0,66.2,1.6,0,0,0,0,0.04866666666666667
1,0,2.25,6,,0,12.4,1.3,0,1,1,1,0.9192380952380952
1,1,2.2,6,1.72,0,5.3,1.4,0,0,0,0,0.3109166666666667
1,1,1.65,21,0.33,0,38.6,2.1,0,0,0,0,0.22366666666666668
1,0,1.27,12,,0,0.0,0.0,0,1,1,1,1.0
1,0,0.08,13,1.89,0,2.0,0.2,0,0,0,0,0.051083333333333335
0,0,2.46,22,,0,0.0,0.0,0,1,1,1,1.0
0,0,1.39,25,0.0,0,23.8,1.4,0,0,1,1,1.0
0,0,1.74,22,,0,0.0,0.0,0,1,1,1,1.0
1,1,1.33,28,0.89,0,167.1,19.1,0,0,0,0,0.17450757575757575
1,1,1.1,30,1.12,0,85.6,7.4,0,0,1,0,0.0675
0,0,4.08,0,,0,0.0,0.0,6,1,1,1,1.0
1,0,1.95,20,0.0,0,5.8,1.0,0,0,1,1,0.998
1,0,1.04,21,,0,7.0,1.1,0,1,1,1,0.9933333333333333
1,0,4.99,25,1.97,0,46.7,3.9,0,0,0,0,0.1803134920634921
1,0,1.14,14,0.83,0,43.4,2.5,0,0,0,0,0.0016666666666666666
1,0,0.57,0,1.4,0,0.0,0.0,1,0,1,1,0.9760714285714286
1,0,3.74,61,,0,57.3,12.0,0,1,0,1,0.5102738095238094
1,1,0.6,15,1.37,0,76.0,3.2,0,0,0,0,0.016
1,0,2.07,13,1.87,0,35.7,2.0,0,0,0,0,0.03838888888888889
1,1,3.29,16,0.0,0,46.9,2.7,0,0,1,1,1.0
1,1,3.74,32,,0,113.1,4.7,0,1,1,1,0.8485476190476191
1,0,0.34,22,1.63,1,5.7,0.6,0,0,0,0,0.08460714285714285
1,0,0.99,25,0.0,1,36.9,2.2,0,0,1,1,0.9975
1,1,2.69,24,1.22,0,15.4,1.0,0,0,0,0,0.07633333333333334
1,1,2.56,15,1.35,0,25.2,3.3,0,0,0,0,0.14044444444444446
1,1,1.98,36,,2,137.1,41.2,0,1,1,1,0.8180952380952381
1,0,2.47,48,,1,95.0,4.4,0,1,0,1,0.8978333333333332
0,0,3.05,24,,0,19.5,3.2,0,1,1,1,0.9616666666666666
1,1,5.95,16,0.79,0,20.2,1.8,0,0,1,0,0.44498809523809535
1,0,3.13,12,0.82,0,38.2,2.6,0,0,0,0,0.0
0,0,5.2,21,0.0,0,4.2,0.1,0,0,1,1,0.99875
1,0,1.05,0,0.0,0,4.0,0.2,6,0,1,1,1.0
1,0,1.99,53,,1,27.6,4.9,0,1,1,1,0.9901666666666666
1,1,0.18,15,1.79,0,34.8,2.7,0,0,0,0,0.009166666666666667
0,0,1.35,10,0.0,1,15.8,1.8,0,0,1,1,1.0
1,1,2.5,24,,0,18.5,1.3,0,1,1,1,0.9701666666666666
1,0,0.75,8,1.22,0,1.5,0.1,0,0,0,0,0.09656349206349205
1,0,2.9,12,1.02,0,131.6,6.4,0,0,0,0,0.0
1,0,1.41,6,0.56,0,100.9,21.1,0,0,0,0,0.1613968253968254
1,0,2.65,23,,0,5.5,0.3,0,1,1,1,0.9777380952380952
1,0,1.7,22,1.66,0,40.8,5.7,0,0,0,0,0.07855555555555555
1,0,1.99,14,,0,15.5,2.8,0,1,0,1,0.9618095238095239
1,0,0.33,20,1.04,1,47.7,3.5,0,0,0,0,0.01842857142857143
1,0,1.0,14,0.98,0,4.4,0.2,0,0,0,0,0.0
1,0,3.03,12,0.9,1,18.8,0.8,0,0,0,0,0.013333333333333332
0,0,2.74,79,,0,71.8,106.2,0,1,1,1,0.6067857142857143
0,0,1.0,26,,0,44.6,11.1,0,1,1,1,0.9896666666666667
1,0,1.33,23,0.0,0,6.5,0.6,0,0,1,1,1.0
1,0,2.7,29,0.0,0,56.7,17.5,0,0,1,1,1.0
1,0,0.18,15,1.79,0,25.2,1.1,1,0,0,0,0.06416666666666666
1,0,1.36,6,0.61,0,22.5,2.4,0,0,0,0,0.05469047619047619
0,0,4.15,20,,0,44.8,3.4,0,1,1,1,0.873
1,1,0.14,25,0.5,3,11.5,2.1,0,0,0,0,0.19339285714285714
1,0,0.6,13,0.0,0,17.5,0.7,0,0,1,1,1.0
1,1,1.3,21,0.0,0,5.3,0.5,0,0,1,1,0.9933333333333333
1,0,0.74,8,1.24,1,23.0,1.4,0,0,0,0,0.06371428571428572
1,0,0.67,14,0.0,0,87.2,4.6,0,0,1,1,1.0
0,0,1.32,13,,0,0.0,0.0,0,1,1,1,1.0
0,0,1.31,18,0.0,1,70.5,3.9,0,0,1,1,0.998
1,1,4.38,16,1.62,0,72.3,3.1,0,0,0,0,0.03166666666666667
1,1,0.99,22,0.98,0,62.2,4.4,0,0,0,0,0.033357142857142856
1,0,3.87,22,0.0,0,0.0,0.0,0,0,1,1,1.0
1,1,2.01,38,1.93,0,149.7,6.9,0,0,0,0,0.13738095238095235
1,0,1.98,0,,0,0.0,0.0,0,1,1,1,1.0
1,0,3.19,41,,0,92.7,7.4,0,1,0,1,0.7208225108225106
1,1,1.48,22,0.0,0,4.5,0.3,0,0,1,1,1.0
1,1,1.21,38,0.76,0,233.9,9.4,0,0,0,0,0.08880952380952381
1,0,1.37,45,0.0,0,131.3,22.4,0,0,1,1,1.0
0,0,1.67,18,0.0,0,0.0,0.0,0,0,1,1,1.0
1,1,2.44,27,1.92,0,0.9,0.1,0,0,0,0,0.03471428571428571
1,0,1.89,22,0.0,0,52.2,3.6,0,0,1,1,1.0
1,0,8.48,21,0.3,0,78.6,4.5,0,0,0,0,0.002
1,0,3.69,10,,0,3.5,1.1,7,1,1,1,0.9842142857142856
1,1,3.58,9,0.34,0,5.6,0.2,0,0,1,0,0.24511904761904763
0,0,0.0,2,0.96,0,0.0,0.0,0,0,1,1,1.0
1,0,4.05,26,,0,40.3,8.7,0,1,1,1,0.9125714285714285
1,1,4.8,24,1.23,0,100.4,4.2,0,0,0,0,0.14133333333333334
1,1,1.75,0,,0,0.0,0.0,2,1,1,1,1.0
0,0,3.4,14,,0,0.0,0.0,0,1,1,1,1.0
1,0,2.24,0,,0,0.0,0.0,5,1,1,1,1.0
1,0,1.76,22,0.0,1,5.4,0.4,0,0,1,1,1.0
1,0,5.78,12,0.91,1,67.5,4.7,0,0,0,0,0.03276190476190476
1,1,0.18,23,1.8,0,134.8,12.4,0,0,0,0,0.006666666666666666
0,0,0.94,36,0.0,0,94.2,9.4,0,0,1,1,1.0
1,0,0.64,11,0.0,0,46.0,3.2,0,0,1,1,0.9966666666666666
1,1,1.98,0,,0,0.0,0.0,0,1,1,1,1.0
1,0,5.34,24,,0,3.3,0.4,0,1,1,1,0.778015873015873
1,1,0.49,20,0.0,0,65.5,4.8,0,0,1,1,1.0
1,1,2.27,12,1.63,0,25.3,3.4,0,0,0,0,0.07442857142857143
0,0,1.99,36,,0,38.6,1.8,0,1,1,1,0.975
1,0,1.0,34,,1,109.3,11.8,0,1,1,1,0.9583333333333333
0,0,3.02,17,,0,1.9,0.2,0,1,1,1,1.0
1,0,1.2,22,,0,11.1,0.8,0,1,1,1,1.0
0,0,2.37,24,,0,30.8,3.0,0,1,1,1,0.8569761904761906
0,0,1.16,14,,0,0.0,0.0,0,1,1,1,1.0
1,1,4.2,32,,0,25.6,1.2,0,1,1,1,0.8522817460317461
1,0,4.36,24,0.0,1,94.2,7.6,0,0,1,1,0.99
1,0,3.89,25,,6,13.8,0.6,0,1,1,1,0.9626190476190475
1,1,4.56,20,,0,18.7,1.5,0,1,1,1,0.9067500000000003
1,0,2.87,12,1.05,0,50.9,5.7,0,0,0,0,0.0
1,0,0.88,25,0.08,0,44.4,1.0,0,0,0,0,0.20416666666666664
1,1,2.26,9,1.67,0,49.1,3.2,0,0,0,0,0.1474285714285714
1,0,0.92,20,1.05,0,111.1,30.1,0,0,0,0,0.07983333333333333
0,0,0.94,25,0.0,0,48.0,7.0,0,0,1,1,0.9975
1,0,1.46,17,,0,22.3,1.3,0,1,1,1,0.9616904761904762
1,0,3.94,15,,0,38.9,6.4,3,1,1,1,0.9014761904761903
1,0,2.87,12,1.1,0,32.0,2.9,0,0,0,0,0.01
1,1,0.33,17,1.65,0,15.1,1.3,0,0,0,0,0.0225
1,0,2.06,0,0.0,0,4.7,0.6,0,0,1,1,0.996
1,0,2.38,21,1.56,0,234.5,15.7,0,0,0,0,0.10690476190476192
1,0,0.04,5,1.93,0,8.2,0.6,0,0,0,0,0.013333333333333332
0,0,3.75,16,,0,2.6,0.3,0,1,1,1,0.9858333333333333
1,0,1.51,12,0.87,0,47.3,2.2,0,0,0,0,0.06396428571428571
1,1,0.13,11,1.84,0,28.7,2.9,0,0,0,0,0.002
0,0,0.89,14,0.0,0,0.0,0.0,0,0,1,1,1.0
1,1,3.0,24,,0,0.0,0.0,0,1,1,1,1.0
1,1,3.56,10,1.39,0,59.5,6.1,0,0,0,0,0.006
1,0,8.54,20,1.1,0,74.8,9.1,0,0,0,0,0.05166666666666666
1,1,2.4,19,,0,125.9,11.6,0,1,0,1,0.8108055555555554
1,0,0.48,13,0.0,0,18.0,0.6,0,0,1,1,1.0
1,0,4.28,12,0.0,0,16.0,1.0,0,0,1,1,1.0
1,1,0.27,15,1.93,0,62.9,3.7,0,0,0,0,0.05
1,0,5.11,21,0.38,0,32.3,2.0,0,0,0,0,0.004285714285714285
1,0,3.08,12,0.87,0,1.4,0.1,0,0,0,0,0.02952380952380952
1,0,3.01,12,0.93,0,57.0,3.5,0,0,0,0,0.004
1,1,0.9,22,1.07,0,89.4,17.5,0,0,0,0,0.005
1,1,2.44,21,,0,0.0,0.0,0,1,1,1,1.0
1,1,7.72,25,0.07,0,250.0,25.7,0,0,0,0,0.06633333333333334
1,0,1.26,21,0.0,1,118.5,4.0,0,0,1,1,1.0
1,0,0.95,24,,0,16.5,1.2,0,1,1,1,0.9655
1,0,2.51,20,,0,31.8,1.2,0,1,1,1,0.985
1,0,0.94,22,1.03,0,81.0,6.4,0,0,0,0,0.006500000000000001
1,1,0.59,16,1.38,0,12.6,2.4,0,0,0,0,0.26005555555555554
1,1,2.36,12,1.52,0,53.0,5.3,1,0,0,0,0.0789047619047619
1,0,0.52,9,0.0,0,22.2,0.6,0,0,1,1,1.0
1,0,0.37,11,0.0,0,27.5,2.9,0,0,1,1,0.9971428571428572
1,0,0.02,0,0.0,0,2.4,0.1,0,0,1,1,0.9983333333333334
1,1,0.06,7,1.91,0,18.5,4.9,0,0,0,0,0.021785714285714283
1,0,6.25,12,1.09,0,64.6,6.3,0,0,0,0,0.01
1,0,0.61,25,0.0,1,0.0,0.0,0,0,1,1,1.0
1,0,3.81,21,0.1,0,53.5,3.9,0,0,0,0,0.016666666666666666
1,0,0.86,14,1.12,0,23.6,1.7,0,0,0,0,0.026333333333333334
1,0,0.04,4,1.93,0,5.3,0.2,0,0,0,0,0.0
1,0,1.99,12,1.93,0,59.3,16.1,0,0,0,0,0.1313452380952381
1,0,1.79,13,0.18,1,8.8,1.0,0,0,0,0,0.038
1,0,0.85,21,0.0,0,0.0,0.0,0,0,1,1,1.0
1,0,7.7,21,0.46,0,1.2,0.0,0,0,0,0,0.09076190476190478
1,0,3.03,12,0.91,0,63.6,7.7,0,0,0,0,0.003333333333333333
1,0,1.88,34,0.0,0,123.5,12.4,0,0,1,1,1.0
1,1,1.13,23,1.17,0,110.6,11.5,0,0,0,0,0.04644444444444445
1,0,2.82,21,0.1,0,9.3,0.7,0,0,0,0,0.04800000000000001
1,0,2.42,20,1.97,0,123.5,5.3,0,0,0,0,0.07061904761904762
1,1,6.55,15,0.0,0,70.3,3.0,0,0,1,1,0.9282222222222223
1,0,1.33,24,0.0,0,11.9,0.8,0,0,1,1,1.0
1,1,2.94,21,0.09,2,179.1,9.1,0,0,0,0,0.0360952380952381
1,0,3.06,12,0.88,0,17.7,1.8,0,0,0,0,0.012000000000000002
1,1,11.93,23,1.85,0,17.5,5.9,0,0,0,0,0.05416666666666667
1,0,0.5,7,0.78,0,43.7,3.8,0,0,0,0,0.21666666666666667
1,0,0.19,11,0.0,0,39.6,4.3,0,0,1,1,0.9715714285714285
1,0,1.25,29,0.0,0,62.5,2.6,0,0,1,1,1.0
0,0,3.25,67,,1,152.3,27.2,0,1,1,1,0.7529087301587302
0,0,1.97,22,,0,45.0,4.5,0,1,1,1,0.924404761904762
1,0,3.72,27,,0,0.4,0.0,0,1,1,1,0.9971428571428571
0,0,6.31,22,,0,26.0,1.0,0,1,1,1,0.7492658730158732
1,0,0.1,54,1.87,0,714.4,114.1,0,0,0,0,0.11791666666666666
1,0,3.12,12,0.84,1,12.8,0.7,0,0,0,0,0.01
0,0,0.69,22,,0,19.4,2.5,0,1,1,1,0.985
0,0,1.12,22,1.31,0,0.0,0.0,0,0,1,1,1.0
1,1,1.15,20,0.0,0,66.8,5.7,0,0,1,1,1.0
1,0,1.72,52,0.3,0,0.0,0.0,0,0,1,1,0.9916666666666667
1,1,3.2,17,0.0,0,32.4,2.8,0,0,1,1,0.9951428571428572
1,1,6.0,22,0.03,1,77.7,3.5,0,0,0,0,0.019285714285714285
1,0,0.81,58,0.13,0,143.2,20.6,0,0,0,0,0.13640476190476192
1,0,2.34,12,1.14,0,23.6,2.0,0,0,0,0,0.11116666666666665
1,0,6.14,20,,0,1.4,0.1,0,1,1,1,0.9520714285714285
1,1,1.73,10,1.36,0,209.3,16.5,0,0,0,0,0.10305555555555555
1,1,2.67,22,,1,10.0,1.9,0,1,1,1,0.96875
1,0,1.6,6,0.32,0,34.5,2.3,0,0,0,0,0.15633333333333335
1,0,7.5,4,,1,4.0,0.5,1,1,0,1,0.6766031746031748
1,0,3.13,22,0.0,1,150.5,12.2,0,0,1,1,0.99
1,0,2.85,12,0.84,1,53.3,4.1,0,0,0,0,0.036000000000000004
1,0,1.98,55,,2,261.2,51.0,0,1,1,1,0.6534484126984126
1,0,1.2,14,0.03,0,19.8,1.0,0,0,0,0,0.10833333333333332
1,0,1.98,11,,0,15.9,3.7,1,1,1,1,0.8781190476190477
1,1,1.15,19,0.0,0,0.0,0.0,0,0,1,1,1.0
1,0,2.79,18,0.0,4,48.9,3.2,0,0,1,1,0.99
1,0,0.22,12,0.0,0,15.9,1.3,0,0,1,1,1.0
1,0,2.59,22,0.0,0,13.6,1.3,0,0,1,1,0.9866666666666666
1,1,2.86,15,1.33,1,74.9,4.2,0,0,0,0,0.036944444444444446
1,0,0.73,14,1.24,0,28.7,5.5,0,0,0,0,0.015
1,1,5.68,10,0.0,0,26.6,4.6,0,0,1,1,0.996
1,0,3.2,21,0.4,0,0.0,0.0,0,0,1,1,0.9754999999999999
1,0,1.04,20,0.94,0,22.0,1.5,0,0,1,0,0.024666666666666667
1,1,6.81,7,0.31,0,23.2,3.7,0,0,0,0,0.41507936507936516
1,1,3.8,13,1.12,1,26.6,2.4,0,0,1,0,0.10291666666666666
1,1,6.32,23,,2,28.7,3.0,0,1,1,1,0.8315833333333331
0,0,0.9,26,0.0,0,92.9,12.2,0,0,1,1,1.0
1,0,1.74,32,,0,87.0,10.7,0,1,1,1,0.8717063492063493
1,0,2.58,15,0.0,0,65.5,3.9,0,0,1,1,0.99
1,0,1.05,14,0.92,0,24.3,1.2,0,0,0,0,0.009000000000000001
1,0,2.8,26,,0,51.7,3.0,0,1,1,1,0.8821428571428572
1,1,7.93,22,,0,52.1,11.9,0,1,0,1,0.6677619047619047
0,0,0.05,11,1.92,0,8.8,0.6,0,0,0,0,0.026000000000000002
1,0,4.78,21,0.12,0,126.6,9.6,0,0,0,0,0.005833333333333333
1,0,0.75,13,0.0,0,9.6,1.5,0,0,1,1,1.0
0,0,3.67,23,0.0,0,0.0,0.0,0,0,1,1,1.0
1,1,5.19,12,0.17,1,22.2,2.2,0,0,0,0,0.0
1,0,2.7,12,0.0,0,58.4,3.5,0,0,1,1,1.0
1,0,3.46,38,,0,0.0,0.0,0,1,1,1,0.98
1,0,1.28,13,0.7,0,9.0,0.7,0,0,1,0,0.19685714285714287
1,0,2.59,12,0.0,0,135.1,6.6,0,0,1,1,1.0
1,1,1.15,31,0.82,0,35.4,1.8,0,0,0,0,0.07216666666666667
1,1,2.23,20,1.7,0,26.5,2.3,0,0,0,0,0.08423809523809524
1,0,4.55,20,,0,1.6,0.8,0,1,1,1,0.9458333333333333
0,0,1.6,17,0.0,0,0.0,0.0,0,0,1,1,1.0
0,0,1.01,53,,0,44.9,4.8,0,1,1,1,0.8587222222222224
1,1,0.5,16,1.47,0,39.7,1.6,2,0,0,0,0.19705952380952382
1,0,0.49,22,,0,5.9,0.5,0,1,1,1,0.9758333333333334
1,0,0.66,24,0.0,0,0.0,0.0,0,0,1,1,1.0
0,0,2.86,23,,0,4.9,0.9,0,1,1,1,1.0
1,0,2.16,24,,1,32.6,1.8,0,1,1,1,0.8497619047619047
0,0,0.98,19,,0,4.0,0.4,0,1,1,1,1.0
1,0,3.18,18,,2,21.8,1.3,0,1,1,1,0.9681666666666666
1,0,3.35,20,,0,4.7,0.3,0,1,1,1,1.0
1,1,0.74,30,1.23,1,158.8,19.0,0,0,0,0,0.012
0,0,1.35,23,,1,47.6,4.5,0,1,1,1,0.9553333333333334
0,0,4.21,19,,0,54.8,3.6,0,1,1,1,0.8289642857142858
1,0,0.25,13,0.0,0,97.5,23.6,0,0,1,1,0.9441666666666666
1,0,1.5,22,0.0,0,41.8,1.5,0,0,1,1,1.0
1,0,1.87,18,0.0,0,18.1,1.0,0,0,1,1,1.0
0,0,3.62,15,,1,5.2,0.5,0,1,1,1,1.0
1,1,1.08,32,0.0,0,0.0,0.0,0,0,1,1,1.0
1,0,2.86,12,0.98,0,60.1,4.1,0,0,0,0,0.0
1,0,0.25,30,0.74,0,47.4,4.5,0,0,0,0,0.053476190476190476
1,1,9.24,24,1.22,0,0.0,0.0,0,0,0,1,0.7440555555555557
0,0,2.66,24,,0,16.5,1.1,0,1,1,1,0.99
1,0,0.5,18,0.0,0,67.4,4.5,0,0,1,1,0.9966666666666666
1,0,4.37,25,0.37,0,5.5,0.4,0,0,0,0,0.0075
1,0,0.92,15,0.0,0,0.0,0.0,0,0,1,1,1.0
1,0,2.21,9,,0,57.3,3.4,0,1,0,1,0.6249285714285715
0,0,2.53,20,,0,12.1,0.6,0,1,1,1,0.9699047619047618
1,0,4.76,26,0.0,0,30.4,0.8,0,0,1,1,1.0
1,1,0.44,14,0.0,0,15.2,2.3,0,0,1,1,1.0
1,0,4.22,26,0.0,2,40.5,2.2,0,0,1,1,1.0
1,0,2.89,12,1.03,0,101.1,7.9,0,0,0,0,0.0
1,0,2.5,21,0.09,0,21.8,1.3,0,0,0,0,0.14502380952380953
1,1,0.62,15,1.35,2,42.1,1.8,0,0,1,0,0.028333333333333335
1,0,1.98,30,,0,19.4,1.1,0,1,1,1,1.0
1,0,2.1,23,,0,0.0,0.0,0,1,1,1,1.0
1,0,2.27,20,1.66,0,17.5,1.3,0,0,0,0,0.05294444444444444
1,1,2.59,45,0.42,1,294.8,15.7,0,0,0,0,0.09744047619047617
0,0,1.98,21,,0,0.0,0.0,0,1,1,1,1.0
1,1,2.16,25,1.94,0,49.8,1.6,0,0,0,0,0.07138492063492063
1,0,5.37,15,,0,5.5,2.1,0,1,1,1,0.9220833333333331
1,0,2.01,14,,0,58.4,3.5,0,1,1,1,0.8888571428571429
1,1,1.61,12,0.33,1,100.1,3.4,0,0,0,0,0.039
1,1,2.65,24,,0,22.9,2.3,0,1,1,1,0.8770714285714285
0,0,1.84,21,0.0,1,67.0,2.7,0,0,1,1,1.0
1,0,1.01,18,0.0,0,0.0,0.0,0,0,1,1,1.0
1,0,2.92,12,1.01,0,3.1,0.5,0,0,0,0,0.0
1,0,1.31,13,0.28,0,84.3,8.7,0,0,0,0,0.1378611111111111
0,0,1.45,0,0.0,0,0.0,0.0,0,0,1,1,1.0
1,0,1.1,14,0.88,0,20.6,1.5,0,0,0,0,0.009857142857142856
1,0,1.02,14,0.95,0,46.5,2.1,0,0,0,0,0.02057142857142857
0,0,0.58,35,0.0,0,14.1,0.9,2,0,1,1,0.99
1,0,2.38,20,1.55,0,17.4,0.6,0,0,0,0,0.07758333333333334
1,0,1.45,13,0.47,0,29.7,1.1,0,0,0,0,0.0
1,1,3.77,20,0.18,1,147.2,15.5,0,0,0,0,0.01476190476190476
0,0,5.39,24,,0,5.6,0.7,0,1,1,1,0.6974285714285715
1,1,4.53,18,0.0,0,16.7,2.2,0,0,1,1,0.9941666666666668
1,1,7.41,16,1.45,1,92.6,6.4,0,0,1,0,0.24705555555555553
1,0,0.64,11,0.0,0,74.6,6.4,0,0,1,1,1.0
0,0,2.0,0,,0,0.0,0.0,2,1,1,1,1.0
1,1,0.69,24,1.28,0,105.6,12.0,0,0,0,0,0.018333333333333333
1,1,4.42,17,0.0,0,12.5,0.8,0,0,1,1,0.9866666666666667
1,0,0.1,15,1.87,1,64.2,4.6,0,0,0,0,0.014166666666666666
1,0,0.12,13,1.85,0,66.1,6.5,0,0,0,0,0.03333333333333333
1,0,0.14,16,1.84,1,59.5,4.6,0,0,0,0,0.013333333333333332
1,1,0.5,20,1.52,0,75.1,7.6,0,0,0,0,0.19613095238095238
1,1,3.94,20,1.95,0,37.4,5.0,0,0,0,0,0.027000000000000003
1,1,1.4,35,0.82,0,194.9,20.1,0,0,1,0,0.13951190476190478
1,0,2.35,23,,0,10.8,0.6,0,1,1,1,1.0
1,1,4.64,18,,2,26.7,1.9,0,1,1,1,0.9448333333333332
0,0,2.32,38,,0,9.4,0.5,1,1,1,1,0.9884166666666665
1,1,0.17,41,0.11,0,71.5,8.2,0,0,0,0,0.15461904761904763
1,1,0.14,12,1.83,0,23.6,2.0,0,0,0,0,0.013333333333333332
1,0,6.92,22,0.78,0,15.4,1.3,0,0,0,0,0.003333333333333333
1,1,1.2,22,0.78,2,64.4,8.2,0,0,0,0,0.07864285714285715
1,1,0.28,19,0.0,0,0.0,0.0,0,0,1,1,1.0
0,0,0.92,37,1.05,0,22.2,1.6,0,0,1,1,0.8286666666666666
1,0,0.28,7,0.0,0,11.8,0.7,0,0,1,1,1.0
1,0,1.79,13,0.14,0,29.1,6.0,0,0,0,0,0.014857142857142857
1,0,1.57,29,,0,11.2,0.2,0,1,1,1,0.9618333333333332
1,1,0.79,24,1.18,0,48.0,3.2,0,0,0,0,0.08773809523809524
0,0,2.48,17,,0,22.7,2.3,0,1,1,1,0.9726190476190476
0,0,1.03,20,,0,87.5,7.3,0,1,0,1,0.9401666666666665
0,0,1.99,24,,0,2.9,0.2,0,1,1,1,1.0
0,0,1.04,22,,0,95.3,15.8,0,1,1,1,0.8525833333333331
1,0,1.49,13,0.48,0,92.3,2.9,0,0,0,0,0.0225
1,0,3.06,12,0.9,0,66.9,5.0,0,0,0,0,0.006666666666666666
1,0,4.7,21,1.5,1,59.1,4.1,1,0,0,0,0.06735714285714285
1,0,0.92,20,1.05,1,207.2,40.3,0,0,0,0,0.08650000000000001
1,1,1.72,12,0.25,1,48.7,4.8,0,0,0,0,0.062142857142857146
1,0,1.73,37,0.18,0,259.1,36.4,0,0,0,0,0.12067460317460316
0,0,1.53,21,0.0,0,80.1,7.9,0,0,1,1,0.9942857142857143
0,0,1.61,21,0.0,0,8.6,0.6,0,0,1,1,1.0
1,0,1.05,14,0.92,0,23.9,2.5,0,0,0,0,0.013333333333333332
1,0,4.62,12,0.0,0,8.4,1.0,0,0,1,1,0.99225
1,0,0.26,59,0.0,0,0.0,0.0,0,0,1,1,1.0
1,1,2.72,23,,0,18.5,0.7,0,1,1,1,0.9515158730158731
1,1,0.39,24,1.58,0,83.3,4.3,0,0,0,0,0.042
0,0,0.26,0,0.0,0,28.4,1.1,1,0,1,1,1.0
1,0,0.87,14,0.94,0,46.7,4.7,0,0,0,0,0.006190476190476191
0,0,2.04,21,,1,0.0,0.0,0,1,1,1,1.0
1,1,6.23,26,0.39,0,35.4,4.0,0,0,0,0,0.022000000000000002
0,0,3.31,22,,1,2.6,0.3,0,1,1,1,1.0
0,0,2.25,21,,0,0.0,0.0,0,1,1,1,1.0
1,1,5.22,12,0.2,3,47.7,3.2,0,0,0,0,0.05166666666666666
1,1,2.74,10,1.19,0,30.1,2.2,0,0,0,0,0.006666666666666666
1,0,2.36,16,0.0,0,17.6,0.8,0,0,1,1,1.0
1,0,2.39,12,0.9,0,19.4,1.1,0,0,0,0,0.07600000000000001
1,0,1.97,22,0.0,0,16.6,1.1,0,0,1,1,1.0
1,0,0.21,13,0.0,0,44.3,2.9,0,0,1,1,0.9825
1,1,3.23,24,,0,4.1,0.3,0,1,1,1,0.9750833333333334
1,1,6.59,36,1.95,0,207.2,25.6,0,0,0,0,0.07285714285714284
0,0,2.44,13,,2,0.0,0.0,0,1,1,1,1.0
0,0,0.77,0,0.0,0,0.0,0.0,5,0,1,1,1.0
1,0,1.02,14,0.95,0,13.2,1.5,0,0,0,0,0.021666666666666664
1,1,3.84,20,0.11,0,46.1,2.9,0,0,0,0,0.018333333333333333
1,0,3.79,26,,2,41.6,2.2,0,1,1,1,0.973
1,1,3.0,0,,0,17.8,1.7,7,1,1,1,0.9775
0,0,0.66,25,0.0,0,22.4,2.1,0,0,1,1,0.99
1,0,2.18,27,,0,40.1,1.9,0,1,1,1,0.9052738095238096
1,0,1.26,4,0.0,0,5.1,0.5,0,0,1,1,1.0
1,0,0.76,21,0.0,0,4.1,0.1,0,0,1,1,1.0
1,0,0.53,14,0.8,0,144.6,7.9,0,0,0,0,0.1671926406926407
1,1,5.36,15,0.0,1,17.4,0.7,0,0,1,1,0.98
1,0,3.03,12,0.94,0,30.0,1.6,0,0,0,0,0.0
1,0,3.5,33,,1,32.4,2.5,0,1,0,1,0.685095238095238
1,0,1.07,20,0.9,0,44.5,3.5,0,0,0,0,0.023666666666666662
1,0,6.1,22,0.78,1,59.8,3.5,0,0,0,0,0.008666666666666666
1,1,0.8,15,1.17,0,131.3,6.4,0,0,0,0,0.0
1,0,0.2,14,1.01,0,98.7,10.8,0,0,0,0,0.07583333333333334
1,1,2.48,37,1.87,0,54.7,4.1,0,0,0,0,0.07602380952380954
1,0,4.81,28,,0,21.0,0.8,0,1,1,1,0.933686507936508
1,0,2.82,12,0.0,0,68.0,3.2,0,0,1,1,0.9941666666666668
0,0,0.58,22,0.0,0,0.0,0.0,0,0,1,1,1.0
1,1,5.96,22,1.95,0,38.0,1.8,0,0,0,0,0.013333333333333332
1,0,2.52,20,1.66,0,59.5,4.0,0,0,0,0,0.07926190476190476
1,1,0.3,20,1.67,0,34.2,1.7,0,0,0,0,0.022083333333333333
0,0,1.75,24,,3,4.6,0.3,0,1,1,1,0.98
1,0,3.07,12,0.87,0,30.5,6.6,0,0,0,0,0.0
1,0,3.17,33,,3,57.2,12.4,0,1,1,1,0.7723134920634921
1,1,2.74,32,,0,86.4,10.7,0,1,1,1,0.6328452380952381
1,0,2.48,49,,0,62.1,4.5,0,1,1,1,0.8391111111111113
1,0,0.65,14,0.0,0,0.0,0.0,0,0,1,1,1.0
1,0,5.28,26,0.0,0,24.8,8.9,0,0,1,1,0.9544047619047619
1,0,7.41,22,1.97,0,23.6,2.1,0,0,0,0,0.05566666666666666
1,0,5.03,20,,0,3.5,0.6,0,1,1,1,0.9746666666666667
1,0,0.24,32,0.51,1,70.3,7.5,0,0,0,0,0.11454761904761904
1,1,0.12,9,1.85,0,32.7,1.4,0,0,0,0,0.010333333333333332
0,0,2.25,99,,0,17.4,1.0,0,1,0,1,0.8437222222222224
1,0,2.39,31,,2,65.0,7.5,0,1,1,1,0.8033333333333335
1,0,5.35,22,0.77,0,49.2,4.6,0,0,0,0,0.003333333333333333
1,0,0.91,20,0.0,0,73.3,6.6,0,0,1,1,1.0
1,1,1.99,40,,0,0.0,0.0,0,1,1,1,1.0
1,0,0.41,9,1.81,0,51.8,2.1,1,0,0,0,0.18655952380952381
1,1,3.21,32,,0,14.5,1.4,0,1,1,1,0.9928571428571428
1,1,1.23,25,,1,51.1,2.7,0,1,1,1,0.8927063492063493
1,0,2.65,19,,0,0.0,0.0,2,1,1,1,1.0
1,0,1.82,13,0.15,0,65.1,3.8,0,0,0,0,0.005
0,0,1.19,20,0.0,0,5.6,0.4,5,0,1,1,0.993
1,1,4.32,17,1.62,0,21.9,2.2,0,0,0,0,0.12301190476190475
1,1,2.67,18,1.62,5,107.7,9.2,0,0,1,0,0.07283333333333333
0,0,1.91,22,,0,0.0,0.0,0,1,1,1,1.0
1,1,0.27,23,0.0,0,13.7,0.6,0,0,1,1,0.98
1,1,4.97,18,,0,14.3,1.6,0,1,1,1,0.6931673881673881
1,1,7.62,15,1.77,0,186.2,8.7,0,0,0,0,0.08774999999999998
1,0,2.94,12,1.01,0,4.0,0.1,0,0,0,0,0.003333333333333333
1,0,1.2,25,0.0,0,8.4,0.2,0,0,1,1,1.0
1,0,0.99,24,,0,25.5,3.4,0,1,1,1,0.9228809523809522
1,0,1.78,13,0.14,0,18.3,2.5,0,0,0,0,0.012
1,0,1.05,13,0.0,0,79.4,5.8,0,0,1,1,0.9966666666666666
1,1,1.02,24,0.95,0,130.8,34.9,0,0,0,0,0.011666666666666665
0,0,3.15,0,0.0,0,0.0,0.0,0,0,1,1,1.0
1,0,3.12,12,0.82,0,116.5,17.0,0,0,0,0,0.0016666666666666666
1,0,0.92,20,1.05,0,14.0,5.9,0,0,0,0,0.04683333333333334
1,1,1.37,37,0.61,2,201.0,12.5,0,0,0,0,0.059833333333333336
1,0,1.97,3,0.0,0,1.7,0.1,0,0,1,1,1.0
1,0,3.89,13,,0,5.4,0.7,0,1,1,1,0.9883333333333334
1,0,0.08,12,1.89,0,18.6,3.2,0,0,0,0,0.010857142857142859
0,0,1.98,39,,0,44.1,10.1,3,1,1,1,0.9336666666666668
1,0,1.18,20,0.79,0,7.5,0.4,0,0,0,0,0.013714285714285714
1,0,3.37,23,,6,9.9,0.6,0,1,1,1,1.0
1,0,1.48,21,0.48,0,32.4,1.6,0,0,0,0,0.037142857142857144
0,0,1.24,21,0.0,1,0.7,0.1,0,0,1,1,1.0
1,1,0.97,21,0.0,0,0.0,0.0,0,0,1,1,1.0
1,0,0.13,12,1.84,0,43.7,3.0,0,0,0,0,0.026666666666666665
0,0,0.65,0,0.0,1,1.6,0.2,7,0,1,1,1.0
0,0,0.22,15,,0,0.0,0.0,0,1,1,1,1.0
1,0,0.76,13,0.0,0,14.4,0.9,0,0,1,1,1.0
1,0,0.71,10,0.0,0,12.6,1.5,0,0,1,1,1.0
1,0,1.75,13,0.17,0,99.0,6.1,0,0,0,0,0.034499999999999996
1,0,0.13,13,1.84,0,120.0,5.5,0,0,0,0,0.0025
1,0,3.19,12,0.76,0,106.6,3.6,0,0,0,0,0.04601190476190476
1,1,6.34,31,0.0,1,67.8,4.7,0,0,1,1,0.9116410256410258
1,1,1.44,29,,0,56.3,3.6,0,1,1,1,0.7045952380952382
0,0,1.42,22,0.0,0,0.0,0.0,0,0,1,1,1.0
1,0,0.69,24,,3,17.6,1.1,0,1,1,1,0.9510714285714286
1,1,4.37,16,1.63,0,69.6,3.8,0,0,0,0,0.025428571428571425
1,1,2.5,10,1.42,0,24.0,2.3,0,0,0,0,0.023333333333333334
1,1,2.15,7,1.76,0,38.8,6.0,0,0,0,0,0.19267857142857142
1,0,2.17,21,0.0,0,8.1,1.3,0,0,1,1,1.0
0,0,2.38,23,,0,5.0,0.8,0,1,1,1,0.996
0,0,1.09,0,0.0,0,0.0,0.0,0,0,1,1,1.0
1,0,0.06,9,0.59,0,18.9,0.8,0,0,0,0,0.33977380952380953
1,1,3.86,34,0.33,0,55.8,4.5,0,0,0,0,0.021
1,0,2.34,21,,0,16.5,1.9,0,1,1,1,0.9620000000000001
1,0,1.13,21,0.0,0,0.9,0.0,0,0,1,1,1.0
0,0,1.67,23,0.0,0,0.0,0.0,0,0,1,1,1.0
1,1,1.77,17,1.5,0,68.7,4.8,2,0,0,0,0.09523809523809523
0,0,0.05,6,0.0,0,1.2,0.1,0,0,1,1,1.0
0,0,0.85,8,,0,0.0,0.0,0,1,1,1,1.0
1,0,1.65,14,0.32,0,83.4,31.7,0,0,1,0,0.33248809523809525
1,0,2.13,23,,0,23.6,3.3,0,1,0,1,0.9819999999999999
1,0,3.81,21,0.17,0,289.9,15.8,0,0,0,0,0.03730952380952381
1,1,2.52,0,,0,0.0,0.0,5,1,1,1,1.0
0,0,0.81,10,0.0,0,0.0,0.0,0,0,1,1,1.0
1,1,2.32,0,,0,0.0,0.0,4,1,1,1,1.0
1,0,2.14,12,0.88,0,85.3,6.6,0,0,0,0,0.0677857142857143
1,0,1.97,13,0.0,0,9.1,0.5,0,0,1,1,1.0
1,1,4.08,23,,0,42.3,1.7,0,1,1,1,0.7818809523809523
1,0,0.71,11,0.0,0,30.7,5.8,0,0,1,1,1.0
1,0,6.08,12,0.87,1,51.3,4.1,0,0,0,0,0.03166666666666666
1,0,2.6,20,0.0,0,18.9,1.0,0,0,1,1,1.0
0,0,5.8,15,0.0,0,3.5,0.2,0,0,1,1,0.9838888888888888
1,0,6.41,40,0.0,0,57.2,4.3,0,0,1,1,0.995
1,0,1.37,21,0.0,0,28.1,1.9,0,0,1,1,1.0
1,0,3.95,12,0.0,0,161.5,6.0,0,0,1,1,1.0
1,1,4.28,18,1.63,0,33.2,2.1,0,0,0,0,0.05341666666666666
1,0,0.63,29,0.0,0,0.0,0.0,0,0,1,1,1.0
1,0,0.06,8,1.92,0,12.8,0.4,0,0,0,0,0.013333333333333332
1,0,2.24,24,,0,69.1,5.0,0,1,1,0,0.3480833333333333
1,1,5.3,21,0.32,0,81.0,7.6,0,0,0,0,0.018333333333333333
1,0,1.05,22,0.92,0,35.4,5.1,0,0,0,0,0.004166666666666667
0,0,0.94,22,0.0,0,74.8,3.8,0,0,1,1,0.99
0,0,1.25,19,0.0,0,0.0,0.0,0,0,1,1,1.0
0,0,0.84,21,0.0,0,10.4,0.9,0,0,1,1,1.0
1,1,2.2,12,1.87,3,26.4,2.0,0,0,0,0,0.14141666666666666
1,0,0.99,14,0.99,0,105.3,7.7,0,0,0,0,0.012
1,0,6.23,21,0.3,0,68.2,12.0,0,0,0,0,0.0
0,0,2.12,17,,0,1.7,0.1,0,1,1,1,0.9793333333333333
0,0,2.14,21,,0,8.6,0.8,0,1,1,1,1.0
1,1,2.07,13,1.86,0,31.9,1.7,0,0,0,0,0.05072222222222222
1,0,2.11,21,,0,0.0,0.0,0,1,1,1,0.995
1,1,0.21,10,1.97,0,66.0,8.3,0,0,0,0,0.17984126984126983
1,0,2.06,16,,0,25.7,2.6,0,1,1,1,0.853969696969697
1,1,8.31,21,0.22,0,44.3,3.3,0,0,0,0,0.022666666666666665
1,0,5.38,19,0.0,0,153.7,15.7,0,0,1,1,0.98
0,0,2.33,0,,0,6.5,2.1,7,1,1,1,0.99625
1,1,1.48,20,0.44,1,51.5,5.4,0,0,0,0,0.12879761904761902
1,0,1.99,14,,0,97.2,7.0,0,1,0,1,0.7328253968253969
0,0,1.67,24,,0,28.5,3.2,0,1,1,1,0.9378333333333333
1,0,2.89,12,1.05,0,3.8,1.2,0,0,0,0,0.011222222222222222
0,0,1.27,1,,0,5.8,1.3,0,1,1,1,0.9816666666666667
1,0,1.87,19,0.0,0,0.0,0.0,0,0,1,1,1.0
1,0,4.68,22,,0,19.7,1.2,0,1,1,1,0.9426666666666667
1,0,0.98,12,1.01,0,131.8,5.3,0,0,0,0,0.07933333333333334
0,0,0.69,15,1.28,0,0.0,0.0,0,0,1,1,1.0
1,1,8.32,24,1.02,0,45.1,2.8,0,0,0,0,0.12526190476190474
1,0,1.08,37,0.89,0,131.6,34.8,0,0,0,0,0.08873809523809525
1,1,1.67,103,1.67,0,87.6,19.0,0,0,1,0,0.2690238095238095
1,1,1.81,39,,0,86.6,7.9,0,1,1,1,0.758452380952381
1,1,2.18,18,0.0,0,48.6,3.8,0,0,1,1,0.99
1,1,4.32,31,1.55,0,234.3,10.2,1,0,0,0,0.09164285714285715
1,0,3.13,0,,0,7.2,0.6,4,1,1,1,0.9466666666666665
1,1,4.87,22,0.11,0,44.3,4.0,0,0,0,0,0.018000000000000002
1,1,0.04,3,1.94,0,5.8,0.4,0,0,0,0,0.0
1,1,8.06,25,,0,159.5,10.9,0,1,0,0,0.465626984126984
1,0,4.81,22,,2,25.4,3.2,0,1,1,1,0.927595238095238
1,1,4.64,26,0.45,0,32.7,1.7,0,0,0,0,0.053222222222222226
1,0,1.98,39,,2,15.4,1.0,0,1,1,1,0.96625
1,0,0.99,26,,0,87.5,6.5,0,1,1,1,0.9703571428571428
1,0,0.74,16,0.0,0,14.6,3.1,0,0,1,1,0.99
1,0,1.12,14,0.85,0,18.5,1.4,0,0,0,0,0.010833333333333332
1,0,0.85,21,0.0,0,86.3,8.8,0,0,1,1,1.0
1,1,0.56,20,0.06,1,71.5,2.9,0,0,0,0,0.08746428571428572
1,1,6.68,45,1.97,1,81.1,6.3,0,0,0,0,0.18127777777777776
1,1,1.07,23,0.9,1,84.9,4.8,0,0,1,0,0.014499999999999999
1,0,0.44,14,0.0,0,43.2,2.3,0,0,1,1,1.0
1,1,2.67,10,0.51,0,30.6,25.2,0,0,0,0,0.24600000000000002
1,0,2.19,15,,0,119.0,21.7,0,1,0,1,0.6669880952380951
1,1,4.54,26,0.0,0,46.9,3.5,0,0,1,1,1.0
1,1,0.83,15,1.14,0,76.6,2.8,0,0,0,0,0.042904761904761904
1,0,0.83,0,,1,1.0,0.1,2,1,1,1,1.0
0,0,0.45,30,1.53,0,76.0,4.2,0,0,0,0,0.16697619047619047
1,1,0.21,30,1.76,0,37.9,3.9,0,0,0,0,0.009333333333333334
1,0,3.44,21,0.43,0,13.5,1.0,0,0,0,0,0.03666666666666667
1,1,0.54,30,1.43,0,22.9,1.6,0,0,0,0,0.13102380952380954
1,1,1.98,10,,0,6.1,0.4,0,1,1,1,0.998
0,0,1.98,22,,0,9.0,0.7,0,1,1,1,1.0
1,0,2.08,20,,0,8.5,1.0,0,1,1,1,1.0
1,0,1.79,20,0.18,0,21.4,1.6,0,0,1,0,0.38685714285714284
1,1,2.27,22,1.64,1,75.9,6.3,0,0,0,0,0.10116666666666667
1,1,6.58,15,1.63,0,23.2,1.4,0,0,1,0,0.0425
1,1,0.31,14,1.66,0,90.2,11.9,0,0,0,0,0.013095238095238096
1,0,2.87,12,1.17,0,62.8,7.9,0,0,0,0,0.09499999999999999
0,0,0.59,21,,1,0.0,0.0,0,1,1,1,1.0
1,0,0.71,19,0.0,0,0.0,0.0,0,0,1,1,1.0
1,1,2.16,20,1.91,0,42.6,2.5,0,0,0,0,0.04544444444444444
0,0,1.17,13,,0,2.9,0.4,1,1,1,1,0.9611904761904762
1,1,1.36,13,0.61,0,30.8,2.3,0,0,0,0,0.13973809523809524
1,0,4.16,34,0.0,0,45.0,3.6,2,0,1,1,1.0
1,1,8.69,20,1.65,0,129.7,19.9,0,0,0,0,0.14341666666666664
1,1,6.66,15,1.52,0,25.7,2.4,0,0,0,0,0.05916666666666666
1,1,6.74,22,,0,32.2,2.6,0,1,1,1,0.8238571428571428
1,1,1.36,20,,0,0.0,0.0,0,1,1,1,1.0
1,1,6.8,24,0.96,2,133.4,6.0,0,0,0,0,0.032595238095238094
1,1,2.2,16,1.72,0,64.2,5.0,0,0,0,0,0.005666666666666666
1,0,0.55,17,0.0,0,0.0,0.0,0,0,1,1,1.0
1,0,1.0,0,0.0,0,54.1,6.7,1,0,1,1,1.0
1,1,1.07,22,0.9,0,73.6,2.3,0,0,0,0,0.04716666666666667
0,0,0.33,27,,0,37.7,0.6,0,1,1,1,0.9555
0,0,2.07,12,,0,0.0,0.0,0,1,1,1,1.0
1,1,2.57,12,0.46,0,58.7,10.3,0,0,0,0,0.06830158730158731
1,0,3.08,21,0.0,0,23.0,2.0,0,0,1,1,0.98
1,0,1.73,42,,0,104.2,4.4,0,1,1,1,0.7884166666666669
1,1,6.08,44,1.95,1,141.9,12.1,0,0,0,0,0.06899999999999999
1,0,0.14,0,2.08,0,49.5,4.6,0,0,0,0,0.04442857142857143
1,0,3.58,19,0.0,0,14.9,0.8,0,0,1,1,1.0
1,0,2.87,22,1.13,0,109.7,9.0,0,0,0,0,0.05533333333333333
1,1,6.53,26,,0,34.8,2.8,0,1,1,1,0.544063492063492
1,1,1.53,45,0.4,0,39.2,1.5,0,0,0,0,0.2925952380952381
1,1,1.57,20,0.36,0,75.5,4.9,0,0,0,0,0.047452380952380954
0,0,2.47,0,,0,0.0,0.0,0,1,1,1,1.0
1,1,4.47,21,0.1,6,69.6,5.3,0,0,0,0,0.04916666666666667
1,1,0.81,15,1.16,0,99.7,7.8,0,0,0,0,0.02333333333333333
1,1,4.21,25,,1,36.7,3.8,0,1,1,1,0.8970793650793651
1,1,6.78,30,0.0,0,134.6,6.4,0,0,1,1,0.9393672161172161
1,0,1.42,35,,0,51.6,3.2,0,1,1,1,0.8760714285714286
1,0,0.43,14,0.0,0,16.6,5.0,0,0,1,1,1.0
0,0,0.79,41,0.19,1,56.4,4.1,0,0,0,0,0.1183015873015873
1,0,2.42,16,0.76,0,1.5,1.5,0,0,0,0,0.3213095238095238
1,1,2.02,20,,1,91.5,8.0,0,1,1,1,0.8770357142857143
1,0,0.94,20,1.04,0,45.5,3.5,0,0,0,0,0.0
1,1,1.82,42,0.16,0,22.3,0.9,0,0,0,0,0.14733333333333334
1,1,0.13,15,1.84,0,72.9,6.3,0,0,0,0,0.0
1,1,0.92,13,0.0,0,0.0,0.0,0,0,1,1,0.99
1,0,1.09,22,0.88,0,34.2,2.0,0,0,0,0,0.041499999999999995
1,0,2.87,12,1.05,0,70.9,3.8,0,0,0,0,0.005
1,1,3.9,23,0.02,0,120.0,17.9,0,0,0,0,0.0455
1,0,1.35,11,0.0,0,24.0,0.8,0,0,1,1,1.0
1,0,1.44,13,0.53,0,16.9,1.9,0,0,0,0,0.08227777777777778
0,0,0.67,22,,0,0.0,0.0,0,1,1,1,1.0
0,0,4.33,25,,1,171.2,10.5,0,1,1,0,0.46975
1,1,0.65,15,1.32,0,49.6,4.1,0,0,0,0,0.031
1,1,4.3,54,,0,47.0,11.4,0,1,1,1,0.8176666666666668
0,0,1.97,24,,0,56.3,4.4,0,1,1,1,0.8653095238095239
0,0,7.35,24,,1,34.4,3.0,0,1,1,0,0.4725952380952381
1,0,1.55,22,0.01,1,28.7,1.4,0,0,0,0,0.2566190476190477
1,0,0.65,13,1.32,0,8.4,0.7,0,0,1,0,0.12116666666666667
1,0,3.09,21,0.0,0,22.6,1.5,0,0,1,1,1.0
1,0,1.19,13,0.0,0,14.2,0.7,0,0,1,1,1.0
0,0,0.9,25,0.08,0,17.9,1.4,0,0,0,0,0.06366666666666668
1,0,3.83,10,,0,2.6,0.2,5,1,1,1,1.0
1,0,6.81,9,0.59,1,138.8,6.8,0,0,0,0,0.34350793650793654
1,1,4.44,15,1.64,0,100.5,8.2,0,0,0,0,0.05
1,0,6.36,21,0.0,2,47.8,4.7,0,0,1,1,0.99
0,0,0.87,24,,0,12.3,0.7,0,1,1,1,0.99
0,0,1.31,55,0.0,0,80.3,4.6,1,0,1,1,0.9922222222222223
1,0,2.32,21,0.0,0,8.3,1.1,0,0,1,1,1.0
1,0,6.47,21,,0,144.6,28.0,0,1,1,0,0.4591428571428572
0,0,8.44,24,,0,34.3,1.8,0,1,0,0,0.4435753968253969
1,0,0.99,22,0.0,0,21.9,0.8,0,0,1,1,1.0
1,1,3.47,9,0.45,0,134.2,12.3,0,0,1,1,0.5228690476190477
1,1,1.22,22,0.75,0,30.1,0.6,0,0,0,0,0.1434642857142857
0,0,0.0,2,0.0,0,0.1,0.0,0,0,1,1,1.0
1,0,0.91,26,0.0,0,89.5,3.9,0,0,1,1,1.0
1,0,2.09,14,1.83,0,89.0,9.3,0,0,0,0,0.09519047619047619
1,0,5.47,21,0.0,0,17.2,2.9,0,0,1,1,0.99
1,0,2.38,18,1.56,0,34.1,4.6,0,0,0,0,0.36871428571428566
1,1,3.95,24,,0,0.5,0.0,0,1,1,1,0.9643095238095237
1,0,5.75,22,0.89,0,28.8,1.8,0,0,0,0,0.02166666666666667
1,1,3.5,50,0.15,0,180.3,43.1,0,0,0,0,0.042
1,1,0.32,22,0.0,0,66.5,5.6,0,0,1,1,0.99
1,1,7.07,15,1.26,0,34.0,2.2,0,0,0,0,0.0
1,0,1.9,14,0.08,0,97.0,3.9,0,0,0,0,0.0495
1,0,10.55,22,0.0,0,5.0,0.4,0,0,1,1,0.9488571428571427
1,1,1.6,21,0.0,0,0.0,0.0,0,0,1,1,1.0
1,1,5.14,10,1.36,1,131.5,14.1,0,0,0,0,0.004
1,0,6.33,25,0.0,1,47.4,11.3,0,0,1,1,0.966
1,1,2.77,10,1.15,0,108.2,8.0,0,0,0,0,0.02495238095238095
1,0,4.95,66,0.3,0,38.0,3.1,0,0,0,0,0.08035714285714285
1,0,2.19,26,,0,26.5,1.7,0,1,1,1,0.971
0,0,3.52,24,,0,90.2,6.6,0,1,1,1,0.7467619047619048
1,0,5.95,12,0.89,0,13.2,0.9,0,0,0,0,0.04594444444444444
1,0,2.12,23,,1,16.3,1.1,0,1,1,1,0.9807142857142856
1,1,2.1,18,1.82,0,18.5,1.8,0,0,0,0,0.015
1,1,2.65,15,1.51,0,15.1,1.8,0,0,0,0,0.14054761904761903
0,0,3.28,24,,0,60.2,6.2,0,1,1,1,0.7600238095238097
1,1,1.38,20,0.51,0,182.0,11.7,0,0,0,0,0.04766666666666666
1,0,1.89,14,0.08,0,61.4,3.0,0,0,0,0,0.10985714285714283
1,1,6.36,16,,0,0.0,0.0,0,1,1,1,1.0
0,0,2.28,13,,0,0.0,0.0,0,1,1,1,1.0
0,0,5.84,8,,0,0.0,0.0,0,1,1,1,1.0
1,0,4.3,25,0.0,0,3.9,0.3,0,0,1,1,0.99
0,0,4.29,0,,0,0.7,0.1,0,1,1,1,0.9782380952380951
1,0,1.33,23,0.0,0,0.0,0.0,0,0,1,1,1.0
0,0,3.13,0,,0,1.3,0.1,4,1,1,1,1.0
1,0,0.97,55,0.0,0,196.4,16.0,0,0,1,1,1.0
1,1,2.76,17,1.16,0,60.7,4.5,0,0,1,1,0.6378571428571429
1,0,2.65,63,,0,69.9,21.6,0,1,1,1,0.8058928571428574
1,1,0.17,15,1.8,2,39.5,3.3,0,0,0,0,0.029380952380952383
0,0,0.88,23,1.09,0,0.0,0.0,0,0,1,1,1.0
1,1,6.76,19,1.92,0,45.9,3.4,0,0,0,0,0.006428571428571428
1,0,0.24,15,0.0,1,17.7,0.5,0,0,1,1,1.0
1,1,0.62,15,1.36,0,66.4,4.4,0,0,0,0,0.01952380952380952
1,0,1.94,10,0.03,0,36.5,10.5,0,0,0,0,0.4136904761904762
1,0,5.65,29,,0,22.1,1.3,0,1,1,1,0.7536269841269844
1,0,0.51,17,0.0,1,15.3,2.6,0,0,1,1,1.0
1,0,2.9,12,1.02,0,45.0,5.6,0,0,0,0,0.0075
1,1,2.51,16,1.62,0,116.1,14.8,0,0,0,0,0.01633333333333333
1,1,1.38,22,0.03,1,33.4,1.3,0,0,0,0,0.098
1,0,3.8,20,,0,7.8,0.6,0,1,1,1,0.9808333333333334
1,0,1.7,21,0.0,0,39.0,2.1,0,0,1,1,1.0
1,0,1.58,21,0.39,3,44.8,3.1,0,0,0,0,0.1343452380952381
1,0,0.89,24,1.08,0,58.8,8.3,0,0,1,0,0.34640476190476194
1,0,1.39,21,0.58,0,11.5,0.7,0,0,0,0,0.07873809523809525
1,0,0.74,18,0.0,0,13.4,1.2,0,0,1,1,1.0
1,0,0.3,21,0.0,0,57.5,3.9,0,0,1,1,1.0
1,1,2.17,21,,0,7.6,0.3,0,1,0,1,0.9420476190476191
1,0,0.88,0,0.0,0,0.9,0.3,1,0,1,1,1.0
1,0,1.68,8,0.0,0,2.5,0.2,0,0,1,1,1.0
1,0,0.82,10,,0,33.3,4.5,0,1,1,1,0.8681984126984128
1,1,5.87,12,,0,93.6,13.9,0,1,1,1,0.656595238095238
1,0,1.65,24,,1,16.5,1.5,0,1,1,1,0.9706666666666667
1,0,5.25,21,0.23,1,77.1,6.5,0,0,0,0,0.0
1,0,1.41,17,0.0,0,48.5,1.3,0,0,1,1,1.0
0,0,2.36,23,,0,18.6,0.9,0,1,1,1,0.9966666666666667
0,0,1.16,14,0.0,0,0.0,0.0,0,0,1,1,1.0
1,0,1.11,0,,0,0.0,0.0,0,1,1,1,1.0
1,1,0.5,20,1.48,0,133.4,6.1,1,0,0,0,0.09475
1,0,2.15,10,,0,5.3,0.4,7,1,1,1,0.9866666666666667
1,0,1.66,13,0.0,0,46.8,2.4,0,0,1,1,0.9975
0,0,6.55,24,,1,32.1,4.7,0,1,1,0,0.42592857142857143
0,0,3.74,14,,0,0.0,0.0,0,1,1,1,1.0
1,0,0.93,22,1.04,1,20.5,2.0,0,0,0,0,0.015
1,1,3.45,22,,0,0.0,0.0,0,1,1,1,0.98
1,1,2.88,28,1.23,3,133.7,15.7,0,0,0,0,0.06033333333333333
1,1,1.48,22,,0,0.0,0.0,0,1,1,1,1.0
1,1,2.01,0,,0,0.0,0.0,0,1,1,1,1.0
1,0,2.18,8,,0,53.2,2.5,0,1,0,1,0.7520595238095237
1,0,4.76,25,,0,53.6,3.8,0,1,1,1,0.9043333333333333
1,0,8.08,21,0.53,0,38.0,3.9,0,0,0,0,0.025
1,1,1.3,28,0.92,0,47.4,1.7,0,0,0,0,0.08350000000000002
1,1,6.3,10,1.28,0,23.8,9.1,0,0,0,0,0.037333333333333336
1,1,4.7,0,,0,0.0,0.0,0,1,1,1,1.0
1,1,3.27,18,1.66,0,45.7,5.3,0,0,0,0,0.03166666666666666
1,0,2.2,18,0.0,0,44.0,7.2,0,0,1,1,1.0
1,0,0.85,17,0.0,1,11.6,0.7,0,0,1,1,1.0
1,0,2.13,22,,0,16.5,1.6,0,1,1,1,0.9903571428571428
1,1,6.78,16,1.61,1,31.4,2.1,0,0,0,0,0.028583333333333336
0,0,0.98,21,0.0,0,0.0,0.0,0,0,1,1,1.0
1,0,0.58,14,0.0,0,24.7,3.5,0,0,1,1,1.0
1,0,1.84,13,,2,19.7,3.1,1,1,1,1,0.9081666666666668
1,0,1.98,30,,0,22.0,0.5,0,1,1,1,1.0
1,0,1.39,13,0.52,0,28.4,2.7,0,0,0,0,0.005
1,0,1.81,13,0.13,0,20.4,2.6,0,0,0,0,0.006666666666666666
1,0,3.12,12,0.83,0,29.6,2.9,0,0,0,0,0.008
1,1,2.53,30,1.34,1,140.9,11.2,0,0,0,0,0.04083333333333333
1,1,0.44,17,1.51,0,47.7,0.5,0,0,0,0,0.4477222222222222
1,1,3.18,14,0.73,0,102.7,6.0,0,0,1,1,0.7707500000000002
1,0,1.14,13,0.0,0,0.0,0.0,0,0,1,1,1.0
1,1,2.03,0,,0,4.3,0.4,7,1,1,1,0.9916666666666667
1,0,2.11,22,,0,16.9,2.6,0,1,1,1,0.9571666666666665
0,0,1.08,51,,3,265.0,28.8,0,1,0,1,0.6402023809523808
1,0,6.04,18,1.57,0,27.0,1.7,0,0,0,0,0.17616666666666664
0,0,5.07,23,,0,12.1,0.7,0,1,1,1,0.9254166666666667
1,1,2.08,17,1.84,0,169.3,69.2,0,0,0,0,0.03892857142857143
1,1,3.85,21,0.0,1,56.8,2.9,0,0,1,1,0.9783333333333334
0,0,2.38,18,,0,0.0,0.0,0,1,1,1,1.0
1,0,1.0,14,0.97,1,74.3,3.9,0,0,0,0,0.0
0,0,10.27,24,,0,143.1,6.0,0,1,0,0,0.32933333333333337
1,1,5.36,14,1.69,1,19.4,1.2,0,0,0,0,0.1259920634920635
1,0,2.05,22,,0,30.5,3.2,0,1,1,1,0.9708333333333333
1,0,0.67,20,1.04,1,119.0,4.9,0,0,0,0,0.23578174603174604
1,1,2.02,24,,0,4.6,0.8,0,1,1,1,0.986
0,0,2.53,25,0.33,0,59.9,4.3,0,0,0,0,0.01804761904761905
1,0,3.44,24,,1,20.7,2.1,0,1,1,1,0.9165476190476189
1,1,0.78,12,1.15,0,26.9,2.7,0,0,1,0,0.15826190476190474
1,1,3.37,13,0.0,5,61.7,6.4,0,0,1,1,0.9846666666666666
1,0,2.86,12,1.08,0,30.0,8.2,0,0,0,0,0.0
1,0,3.01,12,0.0,0,74.2,5.4,0,0,1,1,1.0
1,0,1.97,14,0.0,0,13.8,2.8,0,0,1,1,0.9966666666666667
1,1,2.51,53,,0,0.0,0.0,0,1,1,1,1.0
1,0,1.27,10,0.0,0,0.0,0.0,0,0,1,1,1.0
1,1,0.33,16,1.64,0,17.2,0.7,0,0,0,0,0.013999999999999999
1,1,3.19,15,0.0,1,39.4,5.1,0,0,1,1,0.9925
1,0,4.52,24,,0,16.6,0.8,0,1,1,1,0.8287341269841271
1,1,1.42,9,0.49,0,97.7,7.3,0,0,0,0,0.4090357142857142
1,0,0.15,24,0.0,0,88.3,6.1,0,0,1,1,0.9642857142857143
0,0,3.53,15,,0,84.0,6.5,0,1,1,1,0.7130238095238096
1,1,0.07,0,2.15,0,22.9,0.8,0,0,0,0,0.3792435064935065
1,0,1.65,21,0.28,0,48.9,2.4,0,0,0,0,0.04475
0,0,0.81,18,0.0,2,52.9,1.8,0,0,1,1,1.0
1,0,3.86,113,,0,147.1,11.2,0,1,1,0,0.28101190476190474
1,0,0.94,14,1.03,0,49.3,2.8,0,0,0,0,0.0
1,1,3.61,27,,0,105.4,4.1,0,1,1,1,0.8598809523809524
0,0,0.45,21,1.52,0,0.0,0.0,0,0,1,1,1.0
1,1,1.44,12,0.0,0,44.1,3.6,0,0,1,1,0.9975
0,0,0.16,22,0.01,0,0.0,0.0,0,0,1,1,1.0
1,1,5.85,15,1.28,0,38.9,2.6,0,0,0,0,0.03810606060606061
0,0,5.6,0,,0,0.0,0.0,0,1,1,1,1.0
1,0,0.58,13,0.0,0,29.6,1.1,0,0,1,1,1.0
1,1,0.6,5,0.05,0,0.0,0.0,0,0,1,1,1.0
1,1,1.88,20,0.06,0,12.7,2.3,0,0,0,0,0.10492857142857144
1,0,4.17,20,0.0,0,123.6,123.3,0,0,1,1,0.9714285714285714
1,1,6.37,20,,0,99.2,7.7,0,1,0,0,0.39028571428571435
0,0,0.6,10,,0,0.0,0.0,0,1,1,1,1.0
1,1,2.98,15,1.3,0,13.3,1.2,0,0,0,0,0.057785714285714294
1,1,0.12,7,0.5,0,80.6,5.1,0,0,0,0,0.1508095238095238
1,0,2.7,37,,0,5.2,0.8,0,1,0,1,0.8366666666666667
1,1,1.46,16,0.46,0,77.8,4.6,0,0,0,0,0.14285714285714285
1,0,6.88,21,0.32,0,47.3,3.6,0,0,0,0,0.006000000000000001
1,0,1.75,32,,0,39.5,1.6,0,1,1,1,0.9329285714285713
1,0,1.08,14,0.89,1,6.8,11.4,0,0,0,0,0.08928571428571429
0,0,1.98,24,,0,5.3,0.7,0,1,1,1,1.0
1,1,2.41,10,1.55,0,26.7,2.3,3,0,0,0,0.1191904761904762
0,0,0.82,28,,0,93.4,6.6,0,1,1,1,0.9164880952380952
1,0,0.42,24,,0,38.1,4.5,0,1,1,1,0.747
1,0,0.88,14,1.09,0,95.2,8.6,0,0,0,0,0.025000000000000005
0,0,3.32,0,,1,9.4,0.8,7,1,1,1,1.0
1,0,1.9,12,0.07,0,20.2,1.7,0,0,1,0,0.4897222222222222
1,0,0.49,8,,0,109.5,10.4,0,1,1,1,0.7550458152958153
1,0,0.84,21,0.0,0,0.0,0.0,0,0,1,1,1.0
1,0,2.69,22,,0,9.7,2.6,0,1,1,1,0.9832142857142857
1,1,1.94,21,0.59,0,83.3,3.7,0,0,1,0,0.19150000000000003
1,1,0.98,15,0.99,0,9.7,0.8,0,0,1,1,0.5194087301587301
1,1,4.1,30,0.79,0,52.3,2.3,0,0,0,0,0.07483333333333335
1,1,1.17,7,0.1,0,19.8,2.4,0,0,0,1,0.5460714285714285
1,1,5.35,14,,0,0.0,0.0,0,1,1,1,0.9875
1,0,0.52,20,1.04,0,77.5,6.8,0,0,0,0,0.17697222222222225
1,0,0.94,15,0.0,0,0.0,0.0,0,0,1,1,1.0
1,0,5.07,28,1.04,0,136.8,12.6,0,0,0,0,0.18615873015873013
1,0,1.79,28,0.18,0,249.5,9.8,0,0,1,0,0.11501984126984127
1,0,1.18,0,0.0,0,0.0,0.0,1,0,1,1,1.0
1,0,1.97,22,0.0,0,41.5,3.8,0,0,1,1,0.995
1,0,2.55,25,0.15,0,66.7,6.8,0,0,0,0,0.04616666666666666
1,1,0.67,16,1.55,0,147.1,2.2,0,0,0,0,0.14547619047619045
1,0,0.7,22,0.0,0,6.2,0.2,0,0,1,1,1.0
1,1,3.35,7,0.56,0,17.0,1.5,0,0,1,0,0.3395912698412698
1,0,1.65,15,0.27,0,15.3,0.9,0,0,0,0,0.1676388888888889
0,0,1.02,18,,0,0.0,0.0,0,1,1,1,1.0
1,0,2.75,24,,0,43.6,6.9,0,1,1,1,0.70845670995671
1,0,2.01,19,,0,6.1,0.3,0,1,1,1,1.0
1,1,0.69,17,1.77,0,44.2,1.4,0,0,0,0,0.2606190476190476
0,0,2.09,24,0.0,0,82.6,5.5,0,0,1,1,1.0
1,1,4.16,15,,0,3.1,0.5,1,1,1,1,0.9412142857142857
1,1,0.16,23,1.81,0,30.6,4.1,0,0,0,0,0.01
1,0,0.98,22,0.0,0,20.1,4.9,0,0,1,1,1.0
1,0,0.9,13,1.07,0,39.5,1.4,0,0,0,0,0.08573809523809524
0,0,1.54,0,,0,0.0,0.0,2,1,1,1,1.0
1,0,6.9,41,,0,96.2,5.8,0,1,0,0,0.2231190476190476
1,1,0.57,16,0.0,0,36.3,1.7,0,0,1,1,0.98
1,0,0.44,22,,1,0.0,0.0,0,1,1,1,1.0
1,0,0.52,11,1.71,1,95.1,6.3,1,0,0,0,0.14183333333333334
1,1,1.78,22,0.0,0,0.0,0.0,0,0,1,1,1.0
0,0,0.39,18,0.0,1,4.4,0.4,0,0,1,1,1.0
1,1,0.45,14,1.52,2,20.4,1.6,0,0,0,0,0.48269805194805193
1,1,2.53,15,1.41,0,11.7,1.2,0,0,0,0,0.050333333333333334
0,0,3.27,0,,0,0.0,0.0,7,1,1,1,1.0
1,1,7.16,12,1.45,0,91.9,3.2,2,0,0,0,0.08154761904761905
1,1,5.47,16,1.77,0,35.7,3.6,0,0,0,0,0.06655952380952382
1,0,3.34,21,0.25,0,8.4,0.2,0,0,0,0,0.030833333333333334
1,0,0.94,16,1.03,0,13.1,0.9,0,0,1,0,0.17669047619047618
0,0,0.65,19,0.0,0,6.0,2.1,0,0,1,1,0.998
1,1,5.98,10,,0,0.0,0.0,0,1,1,1,1.0
1,1,1.06,39,,0,112.1,8.3,0,1,0,1,0.5448968253968254
1,0,2.2,24,,2,2.2,0.1,0,1,1,1,1.0
0,0,2.54,12,,0,0.0,0.0,0,1,1,1,1.0
1,1,3.62,25,0.27,0,43.8,4.7,0,0,0,0,0.08442857142857144
1,1,0.55,15,1.42,0,34.8,1.7,0,0,0,0,0.005
1,0,7.7,22,0.05,0,42.9,2.7,0,0,0,0,0.009222222222222222
1,1,7.73,20,0.11,0,39.0,2.5,0,0,0,0,0.03176190476190476
1,1,9.9,15,1.19,0,82.4,4.2,0,0,0,0,0.042833333333333334
1,0,3.98,30,,1,89.2,11.5,0,1,1,1,0.8946666666666668
1,1,6.35,24,0.65,0,49.8,3.6,0,0,0,0,0.029166666666666664
1,1,2.4,26,,0,13.6,0.7,0,1,1,1,0.9716666666666666
1,1,1.32,38,0.65,1,36.1,2.3,0,0,0,0,0.24683333333333338
0,0,1.39,11,,0,0.0,0.0,0,1,1,1,1.0
1,0,6.18,21,0.49,0,73.2,4.1,0,0,0,0,0.02
1,0,2.33,24,,2,36.6,4.1,0,1,1,1,0.7873611111111112
0,0,2.9,23,,0,0.0,0.0,0,1,1,1,1.0
0,0,1.32,14,,1,0.0,0.0,0,1,1,1,1.0
1,1,2.07,22,,0,10.9,1.1,0,1,1,1,0.9850000000000001
1,0,4.41,32,,0,98.5,5.5,0,1,0,1,0.9205238095238094
1,0,7.94,21,0.18,0,98.1,4.5,0,0,0,0,0.006666666666666666
0,0,5.57,24,,0,104.6,6.1,0,1,0,0,0.4997460317460318
1,0,0.77,14,0.0,0,0.0,0.0,0,0,1,1,1.0
1,0,1.27,23,0.0,0,0.0,0.0,0,0,1,1,1.0
0,0,0.76,13,0.0,0,0.0,0.0,0,0,1,1,1.0
1,0,4.13,23,,0,0.0,0.0,0,1,1,1,1.0
1,0,4.27,23,,0,29.6,2.0,0,1,1,1,0.8677460317460317
1,0,0.87,17,0.0,0,4.5,0.2,0,0,1,1,1.0
1,0,3.43,0,,0,0.5,0.0,1,1,1,1,1.0
1,1,1.86,25,0.0,2,16.7,0.8,0,0,1,1,0.9726666666666667
1,0,2.12,0,,0,0.0,0.0,4,1,1,1,1.0
1,1,1.57,18,,0,53.8,2.6,0,1,0,1,0.734047619047619
0,0,2.98,0,,0,1.9,0.1,5,1,1,1,1.0
0,0,0.87,22,0.0,0,10.8,0.6,0,0,1,1,1.0
0,0,0.78,23,0.0,0,0.0,0.0,0,0,1,1,1.0
1,1,2.09,29,1.83,0,101.6,7.2,0,0,0,0,0.10915476190476193
1,1,4.3,16,1.61,0,49.8,3.0,0,0,0,0,0.024166666666666666
1,1,0.95,28,1.27,2,70.5,7.9,0,0,0,0,0.04083333333333334
1,0,0.19,16,0.0,0,25.5,1.3,0,0,1,1,1.0
1,1,1.19,16,0.78,0,68.5,3.9,0,0,1,1,0.5317857142857143
1,0,2.21,20,,0,27.0,1.5,0,1,1,1,0.9333095238095237
1,0,1.21,22,0.03,0,9.2,0.8,0,0,0,0,0.24776190476190474
0,0,0.76,21,,0,10.9,0.6,0,1,1,1,1.0
0,0,2.06,17,,0,0.0,0.0,0,1,1,1,1.0
1,1,0.51,0,,0,0.0,0.0,5,1,1,1,1.0
0,0,6.04,19,,0,12.1,3.4,0,1,1,1,0.8617380952380952
0,0,0.14,11,0.0,0,0.0,0.0,0,0,1,1,1.0
0,0,2.22,20,,0,21.9,2.9,0,1,1,1,0.9813095238095236
1,1,5.8,17,1.72,0,41.1,3.5,0,0,1,0,0.017380952380952382
1,1,0.33,16,1.64,0,7.9,0.4,0,0,0,0,0.10327380952380953
1,0,3.52,20,,0,36.5,2.2,0,1,1,1,0.9613333333333333
1,0,3.44,21,0.51,0,60.4,4.6,0,0,0,0,0.015
0,0,1.97,0,0.0,3,0.0,0.0,0,0,1,1,1.0
1,1,6.8,12,0.21,1,120.7,6.3,0,0,0,0,0.013333333333333332
0,0,0.46,21,0.0,2,0.0,0.0,0,0,1,1,1.0
1,0,4.13,16,,0,7.6,2.0,0,1,1,1,0.9421428571428571
0,0,0.61,24,,0,15.7,1.3,0,1,1,1,0.9815
0,0,1.32,23,0.0,0,0.9,0.2,0,0,1,1,1.0
1,0,0.43,33,2.53,0,453.7,26.9,0,0,0,0,0.07547619047619047
0,0,1.0,26,,0,28.4,6.9,0,1,1,1,0.98
0,0,2.61,0,,0,6.9,0.3,1,1,1,1,0.9862142857142857
1,1,4.03,17,1.88,0,11.3,3.0,0,0,0,0,0.022857142857142857
1,1,2.17,22,,0,0.0,0.0,0,1,1,1,1.0
1,1,3.18,12,,0,11.2,1.0,0,1,1,1,0.9601666666666666
1,0,1.88,14,0.09,0,42.0,3.4,0,0,0,0,0.022333333333333334
1,0,0.75,13,0.0,5,30.2,2.0,0,0,1,1,1.0
1,1,3.94,21,0.47,1,63.4,13.3,0,0,0,0,0.06483333333333334
1,0,0.58,22,0.0,0,46.5,7.0,0,0,1,1,1.0
0,0,4.6,25,0.44,0,5.4,0.3,0,0,0,0,0.09633333333333333
1,1,0.33,14,1.43,0,21.6,1.2,0,0,0,0,0.11008333333333332
1,1,2.59,10,1.31,1,51.7,1.7,0,0,0,0,0.05245238095238095
0,0,1.97,23,0.03,0,0.0,0.0,0,0,1,1,0.9885714285714287
0,0,0.61,22,,1,0.0,0.0,0,1,1,1,1.0
1,0,2.79,20,1.1,0,11.3,0.6,0,0,0,0,0.05949999999999999
1,0,2.0,21,,0,0.0,0.0,0,1,1,1,1.0
1,1,0.31,22,1.66,0,22.8,1.7,0,0,0,0,0.03375
0,0,1.87,16,0.0,0,15.7,4.7,0,0,1,1,1.0
1,0,2.0,20,1.87,0,101.5,6.4,0,0,0,0,0.037
0,0,3.18,10,,0,0.0,0.0,0,1,1,1,1.0
1,0,2.0,30,,0,36.5,1.4,0,1,1,1,0.9819047619047617
1,0,3.13,12,0.82,1,12.7,0.6,0,0,0,0,0.003333333333333333
1,0,1.23,14,,0,0.0,0.0,0,1,1,1,1.0
0,0,1.03,20,,0,23.3,3.5,0,1,1,1,0.9307142857142856
1,1,1.01,20,0.0,0,0.0,0.0,0,0,1,1,1.0
1,1,6.02,20,1.58,0,4.8,0.3,0,0,0,0,0.050333333333333334
1,0,2.59,24,,0,4.4,0.4,0,1,1,1,1.0
1,1,2.69,18,0.0,0,20.3,3.0,0,0,1,1,0.9954761904761905
1,0,0.31,9,1.22,0,38.2,3.2,0,0,0,0,0.09948809523809525
1,1,2.88,0,,0,0.0,0.0,2,1,1,1,1.0
1,0,1.99,24,,0,144.6,6.5,0,1,1,1,0.8202857142857143
1,1,6.48,21,1.38,2,59.8,2.2,0,0,1,0,0.0684047619047619
1,0,2.01,22,,0,4.7,0.7,0,1,1,1,1.0
1,1,0.27,24,1.7,1,95.6,4.0,0,0,0,0,0.056916666666666664
0,0,6.06,22,0.65,1,0.0,0.0,0,0,1,1,0.9614444444444444
1,1,0.33,15,1.64,0,44.3,1.4,0,0,0,0,0.053920634920634904
1,1,0.62,10,1.42,0,46.9,3.3,0,0,0,0,0.05422222222222223
1,0,3.12,12,0.88,0,18.9,2.1,0,0,0,0,0.017499999999999998
0,0,1.74,21,,0,0.0,0.0,0,1,1,1,1.0
1,1,5.99,17,1.93,1,93.2,47.8,0,0,0,0,0.0175
1,0,0.77,8,1.2,0,19.9,1.2,0,0,0,0,0.024523809523809524
1,0,1.3,19,0.0,0,0.0,0.0,0,0,1,1,1.0
1,1,0.62,24,0.0,0,59.9,8.2,0,0,1,1,1.0
1,0,1.98,22,,0,0.0,0.0,0,1,1,1,1.0
1,1,0.88,15,1.09,0,15.7,0.7,0,0,0,0,0.04583333333333333
1,0,1.73,22,0.0,0,8.6,0.1,0,0,1,1,0.995
1,1,3.7,20,0.18,0,36.4,4.8,0,0,0,0,0.015
0,0,0.47,22,,0,42.9,4.6,0,1,1,1,0.8959761904761905
1,0,3.41,24,,0,9.5,1.3,0,1,1,1,0.8997777777777778
1,0,0.42,33,2.53,0,55.1,1.9,0,0,0,0,0.15533333333333335
1,1,4.45,24,,0,16.8,1.9,0,1,0,1,0.938
0,0,7.87,0,,0,0.0,0.0,0,1,1,1,0.99
1,0,0.93,20,0.0,0,137.5,5.9,0,0,1,1,1.0
0,0,3.19,23,,0,22.8,4.6,0,1,1,1,0.986
1,0,1.32,11,,0,6.8,0.4,0,1,1,1,0.9336666666666666
1,1,3.7,12,0.19,1,41.7,3.2,0,0,0,0,0.0095
1,1,0.86,15,1.12,0,26.9,1.3,0,0,0,0,0.10338095238095239
1,1,0.02,0,1.95,0,,,0,0,0,0,0.0
1,0,0.28,8,1.9,0,29.8,1.7,0,0,0,0,0.03483333333333333
0,0,5.85,21,,2,7.0,0.6,0,1,1,1,0.9374880952380952
0,0,1.15,18,0.0,0,0.0,0.0,0,0,1,1,1.0
1,0,0.4,0,0.0,1,0.0,0.0,1,0,1,1,1.0
0,0,0.19,18,0.0,1,0.0,0.0,0,0,1,1,1.0
1,1,3.37,21,0.3,0,59.4,6.0,0,0,0,0,0.013999999999999999
1,0,0.25,17,,0,0.0,0.0,0,1,1,1,1.0
1,1,3.58,19,1.88,0,156.6,5.9,0,0,0,0,0.04
1,0,1.82,21,0.12,0,43.7,10.8,0,0,0,0,0.03176190476190476
1,0,2.26,22,0.92,4,55.5,15.0,0,0,0,0,0.1621190476190476
1,0,0.55,5,0.0,0,22.4,1.2,0,0,1,1,1.0
1,0,0.5,12,0.18,0,36.7,2.6,0,0,0,0,0.2071666666666667
1,1,0.21,18,0.0,0,12.9,12.4,0,0,1,1,0.9916666666666667
1,0,1.04,33,0.94,0,123.4,7.7,0,0,0,0,0.13758333333333334
0,0,4.32,21,,0,10.7,0.6,0,1,1,1,0.9908333333333335
1,0,0.61,0,,0,61.7,3.2,0,1,0,1,0.8602142857142858
1,0,4.18,24,,0,23.7,1.1,0,1,1,1,0.8065714285714286
0,0,3.22,32,,0,47.2,4.3,0,1,1,1,0.8416190476190479
1,0,6.44,16,1.69,0,140.3,6.7,0,0,1,0,0.05377777777777777
1,0,3.04,12,0.91,0,38.7,9.3,0,0,0,0,0.01
1,1,0.67,11,0.0,0,0.0,0.0,0,0,1,1,1.0
1,0,4.98,22,1.09,0,26.6,3.2,0,0,0,0,0.0085
1,0,5.13,24,,1,31.4,3.2,0,1,1,1,0.7265595238095238
1,1,2.0,12,1.89,0,15.4,1.2,0,0,0,0,0.04
1,1,1.12,16,0.56,0,26.1,4.9,0,0,0,0,0.2982142857142857
1,0,2.87,22,1.07,0,38.3,4.1,0,0,0,0,0.015333333333333332
1,1,0.83,25,0.15,0,55.9,5.3,0,0,0,0,0.12071428571428572
1,1,3.56,12,0.0,0,3.3,0.3,0,0,1,1,1.0
1,0,1.97,23,0.0,0,23.2,1.8,0,0,1,1,0.9966666666666667
1,1,0.93,22,0.0,0,6.0,0.4,0,0,1,1,1.0
1,0,1.3,13,0.0,0,0.0,0.0,0,0,1,1,1.0
1,0,1.11,28,0.0,0,52.5,2.5,0,0,1,1,1.0
1,0,1.51,23,0.0,0,0.0,0.0,0,0,1,1,1.0
0,0,0.26,42,1.71,0,80.5,7.4,0,0,0,0,0.09399999999999999
1,1,0.06,9,1.82,0,14.4,6.1,0,0,0,0,0.17427380952380955
0,0,0.98,0,,2,20.3,1.9,4,1,1,1,0.9925
1,0,0.88,13,0.0,0,16.8,0.8,0,0,1,1,1.0
1,0,1.9,13,,0,0.0,0.0,0,1,1,1,1.0
1,1,1.95,14,1.97,0,18.6,2.2,0,0,0,0,0.037333333333333336
1,1,0.32,15,1.58,0,64.8,4.7,0,0,0,0,0.011785714285714287
0,0,4.13,20,0.0,0,17.8,1.2,0,0,1,1,0.99
1,0,1.42,29,0.0,0,35.4,2.2,0,0,1,1,1.0
1,1,2.48,15,1.41,0,70.2,5.4,0,0,0,0,0.015
1,1,0.84,0,1.13,0,0.0,0.0,0,0,1,1,1.0
0,0,2.03,22,,0,13.8,1.1,0,1,1,1,1.0
1,0,7.99,21,0.3,0,45.4,3.8,0,0,0,0,0.013500000000000002
1,0,4.88,20,,0,34.1,2.5,0,1,1,1,0.8655238095238096
1,0,0.27,23,1.7,0,37.7,2.1,0,0,0,0,0.017
1,0,0.62,39,0.0,0,86.1,48.3,0,0,1,1,0.996
0,0,0.95,21,0.0,0,0.0,0.0,0,0,1,1,1.0
1,1,0.6,32,1.37,0,46.9,8.5,0,0,0,0,0.08533333333333333
1,1,2.39,0,,0,0.0,0.0,3,1,1,1,1.0
0,0,1.16,0,,0,0.0,0.0,6,1,1,1,1.0
1,1,2.53,22,,0,4.8,0.6,0,1,1,1,1.0
1,0,1.28,20,0.0,0,42.4,12.4,0,0,1,1,1.0
1,0,0.74,20,1.23,0,41.6,2.0,0,0,1,0,0.22159523809523807
1,1,0.73,15,1.24,0,44.6,2.4,0,0,0,0,0.022916666666666665
1,0,0.7,13,1.07,0,41.1,3.2,0,0,1,0,0.08545238095238095
1,1,1.17,10,0.0,2,0.0,0.0,0,0,1,1,1.0
1,1,6.37,19,,0,8.9,2.1,0,1,0,1,0.8539902597402595
1,1,0.55,14,0.0,0,56.5,3.1,0,0,1,1,1.0
1,1,6.1,21,0.32,0,111.3,10.3,0,0,0,0,0.0
0,0,2.38,20,,0,11.3,0.5,0,1,1,1,0.9854999999999999
1,0,1.12,14,0.86,1,227.2,14.0,0,0,0,0,0.02125
1,1,3.01,17,1.9,0,29.9,2.5,0,0,0,0,0.005
0,0,1.52,20,0.0,0,15.0,1.2,0,0,1,1,1.0
1,1,6.21,22,1.97,0,81.5,10.6,0,0,0,0,0.019166666666666665
1,0,1.94,14,0.03,0,19.0,1.1,0,0,0,0,0.04942857142857143
1,0,3.26,0,,0,0.0,0.0,0,1,1,1,1.0
1,1,6.41,10,1.18,0,84.1,6.0,0,0,0,0,0.0075
1,0,1.78,13,0.11,0,121.2,4.6,0,0,0,0,0.022583333333333334
1,0,2.17,25,,0,91.1,11.3,0,1,1,1,0.8343849206349205
1,0,2.96,12,1.03,0,21.8,2.6,0,0,0,0,0.0
1,0,7.06,25,0.13,0,53.6,11.7,0,0,0,0,0.0225
1,1,3.58,12,0.35,0,17.8,2.6,0,0,0,0,0.06016666666666667
0,0,2.27,20,,0,5.3,0.5,0,1,1,1,1.0
1,1,1.98,20,,0,0.0,0.0,0,1,1,1,1.0
0,0,0.33,18,0.0,0,0.0,0.0,0,0,1,1,1.0
1,1,2.08,139,0.14,4,437.6,87.3,0,0,0,0,0.10523015873015872
1,0,2.36,18,,0,1.4,0.1,0,1,1,1,0.9816666666666667
1,1,0.73,15,1.24,3,86.3,25.7,0,0,0,0,0.012
1,0,0.99,14,0.99,0,59.4,2.0,0,0,0,0,0.0
0,0,1.82,28,,0,20.4,0.9,0,1,1,1,1.0
1,0,1.04,14,0.94,0,29.2,1.7,0,0,0,0,0.027666666666666666
1,0,0.63,20,1.35,0,30.4,2.2,0,0,0,0,0.17041666666666663
1,0,2.16,18,,0,0.0,0.0,0,1,1,1,1.0
1,1,0.79,16,1.19,0,38.8,3.9,0,0,1,0,0.4678917748917748
1,0,0.5,19,1.48,0,22.4,1.8,0,0,1,0,0.3324642857142857
1,0,0.75,14,1.22,0,12.2,1.4,0,0,0,0,0.06361904761904762
1,0,1.16,19,0.0,0,20.8,0.7,0,0,1,1,1.0
1,1,0.96,24,1.01,0,81.8,7.9,0,0,0,0,0.12154761904761906
1,1,3.13,24,0.78,1,102.8,12.0,0,0,0,0,0.02083333333333333
1,0,1.61,22,0.0,0,0.0,0.0,0,0,1,1,0.9763333333333333
1,1,0.81,28,1.41,0,114.6,5.6,0,0,0,0,0.04614285714285714
1,0,2.21,9,,0,106.2,6.6,0,1,0,0,0.44404725829725833
0,0,0.6,19,0.0,3,0.0,0.0,0,0,1,1,1.0
1,0,0.63,22,0.0,0,0.0,0.0,0,0,1,1,1.0
1,1,3.06,20,1.85,0,47.5,2.9,0,0,0,0,0.058809523809523805
0,0,1.9,56,,0,0.0,0.0,0,1,1,1,1.0
0,0,1.34,12,0.0,0,8.2,0.5,0,0,1,1,1.0
1,0,6.53,21,1.97,2,258.2,15.6,0,0,0,0,0.054904761904761915
1,1,4.98,32,1.29,0,143.8,22.0,0,0,0,0,0.10422619047619047
1,1,1.07,19,1.89,3,25.6,7.0,0,0,0,0,0.11546428571428571
1,0,1.97,0,0.0,0,6.0,0.4,7,0,1,1,1.0
1,0,1.11,14,0.87,0,80.0,5.7,0,0,0,0,0.011428571428571429
0,0,0.02,0,1.95,0,,,0,0,0,0,0.0
0,0,5.37,76,,1,32.8,4.6,0,1,1,1,0.7901666666666668
1,0,1.31,19,0.0,0,16.4,1.5,0,0,1,1,1.0
1,1,1.4,20,0.0,0,0.0,0.0,0,0,1,1,1.0
1,0,4.93,21,0.22,0,36.7,5.0,0,0,0,0,0.0
1,1,0.91,19,1.06,0,47.6,10.3,0,0,0,0,0.2467738095238095
1,1,4.76,12,,0,39.9,2.1,0,1,1,1,0.8466190476190475
1,0,2.16,22,,0,0.0,0.0,0,1,1,1,1.0
1,0,6.46,25,0.15,0,64.1,4.8,0,0,0,0,0.0047619047619047615
1,1,2.88,12,1.01,0,44.0,2.8,0,0,0,0,0.06924242424242424
1,0,2.24,21,,0,0.0,0.0,0,1,1,1,1.0
1,0,0.76,13,0.0,0,22.6,1.2,0,0,1,1,1.0
1,0,6.47,21,0.3,0,142.4,21.5,0,0,0,0,0.013333333333333332
1,1,4.73,10,1.19,0,14.8,1.8,0,0,0,0,0.044111111111111115
1,0,1.83,20,0.76,0,72.6,6.3,0,0,0,0,0.1216904761904762
1,0,3.98,20,0.0,0,22.1,2.6,0,0,1,1,0.9703809523809523
1,0,2.84,22,1.07,0,9.4,1.4,0,0,0,0,0.010722222222222223
1,1,0.9,30,1.08,0,244.7,52.4,0,0,0,0,0.051690476190476196
0,0,0.99,0,,0,0.0,0.0,4,1,1,1,1.0
1,1,0.93,0,1.04,0,0.0,0.0,0,0,1,1,0.99
1,0,0.78,13,0.33,0,83.0,7.9,0,0,0,0,0.061250000000000006
1,0,4.05,30,,0,35.0,1.9,0,1,1,1,0.8772142857142857
1,1,0.44,16,0.0,0,9.5,0.4,0,0,1,1,0.992
1,1,7.02,10,1.22,0,101.1,4.8,0,0,0,0,0.007833333333333333
1,0,1.44,12,0.53,0,61.7,2.3,0,0,1,0,0.34502380952380945
1,1,1.04,21,0.0,0,3.0,0.6,0,0,1,1,1.0
1,1,0.27,28,1.08,0,27.7,0.7,0,0,0,0,0.26366666666666666
1,0,1.33,7,0.04,0,26.8,2.1,0,0,0,1,0.5703531746031745
1,0,6.83,20,1.33,0,155.1,9.5,0,0,0,0,0.0785952380952381
0,0,1.55,39,0.0,0,1.6,0.6,0,0,1,1,0.9866666666666667
1,1,2.07,19,,0,26.9,5.3,0,1,1,1,0.9266666666666665
1,1,0.95,28,1.27,0,78.7,7.1,0,0,0,0,0.06166666666666667
1,0,0.39,15,1.58,0,34.9,3.9,0,0,1,0,0.13016666666666668
1,0,1.35,24,,0,3.9,0.3,0,1,1,1,0.9908333333333332
1,1,4.44,29,0.61,0,46.5,2.4,0,0,0,0,0.14795238095238095
1,1,1.5,22,0.04,0,13.2,1.1,0,0,0,0,0.2344206349206349
1,0,0.24,14,0.0,0,3.9,0.2,0,0,1,1,1.0
1,0,3.63,24,,0,2.8,0.3,0,1,1,1,0.9775
1,1,0.12,21,1.85,0,76.0,3.5,0,0,0,0,0.0
1,1,1.64,12,0.28,0,44.5,4.4,0,0,0,0,0.015666666666666666
1,0,0.16,8,0.0,0,11.4,0.7,0,0,1,1,0.9940000000000001
1,0,0.74,13,0.17,0,35.1,3.6,0,0,1,0,0.04691666666666666
1,0,2.04,11,1.91,0,7.9,0.7,0,0,0,0,0.15485714285714286
1,1,0.76,15,1.34,0,27.7,2.7,0,0,0,0,0.01583333333333333
1,1,0.1,24,1.87,0,89.3,3.7,0,0,0,0,0.0045000000000000005
1,1,1.01,28,1.21,0,32.5,2.1,0,0,0,0,0.14791666666666667
1,0,0.01,0,,0,8.4,0.5,0,1,1,1,0.9471111111111111
1,0,0.33,18,1.88,2,16.0,4.4,0,0,0,0,0.0941904761904762
1,1,1.12,28,1.1,0,117.9,5.0,0,0,0,0,0.05833333333333334
1,1,2.6,21,,0,11.6,0.7,0,1,1,1,0.9875
0,0,1.22,0,,0,0.0,0.0,0,1,1,1,1.0
0,0,1.24,12,,0,0.0,0.0,0,1,1,1,1.0
0,0,2.63,12,,0,0.0,0.0,0,1,1,1,1.0
1,1,2.07,0,,0,0.0,0.0,7,1,1,1,1.0
1,1,4.99,15,1.16,0,22.4,1.1,0,0,0,0,0.08595238095238095
1,0,0.08,13,1.89,0,33.6,1.9,0,0,0,0,0.01069047619047619
1,1,3.93,20,0.01,1,88.8,5.1,0,0,0,0,0.03333333333333333
1,1,0.67,22,1.3,0,163.5,11.7,0,0,0,0,0.06783333333333333
1,0,0.01,0,1.96,0,,,0,0,0,0,0.0
0,0,0.54,9,1.43,0,0.0,0.0,0,0,1,1,1.0
1,1,0.94,12,0.41,0,84.7,4.3,0,0,0,0,0.1108690476190476
1,1,3.95,38,1.94,1,205.8,19.0,0,0,0,0,0.005
1,0,1.27,58,0.46,1,122.4,8.6,0,0,0,0,0.11870238095238095
1,0,5.63,20,0.0,0,13.2,2.9,0,0,1,1,0.9733333333333334
1,1,4.56,9,0.0,0,132.5,10.6,0,0,1,1,1.0
1,0,2.22,16,,0,71.7,3.7,0,1,1,1,0.8444285714285715
1,0,1.97,10,0.0,0,10.6,0.6,0,0,1,1,0.99
1,0,1.4,18,0.58,0,68.9,5.7,0,0,1,0,0.25082142857142853
1,1,0.61,22,1.36,1,167.5,11.8,0,0,0,0,0.02333333333333333
1,0,1.98,12,,0,1.2,0.1,0,1,1,1,0.9966666666666666
1,1,2.37,9,1.58,0,51.8,7.5,0,0,0,0,0.23817857142857146
1,1,0.79,15,1.19,0,29.3,1.8,0,0,0,0,0.0075
1,0,0.61,0,0.0,0,0.0,0.0,1,0,1,1,1.0
0,0,3.05,25,,0,21.3,2.9,0,1,1,1,0.9502380952380953
1,1,0.75,15,1.22,0,233.3,11.9,0,0,0,0,0.038714285714285715
1,1,1.38,12,0.59,0,138.5,7.4,0,0,0,0,0.068
1,0,4.95,28,0.97,0,34.8,1.4,0,0,0,0,0.06297619047619049
1,1,5.07,15,1.4,1,25.4,1.2,0,0,0,0,0.07452380952380952
1,1,0.52,23,1.45,0,89.3,6.9,1,0,0,0,0.0225
1,0,2.64,22,1.26,0,87.5,7.7,0,0,0,0,0.023785714285714285
0,0,0.51,38,0.0,0,28.0,1.4,0,0,1,1,0.9891666666666667
1,1,0.4,25,,0,25.9,1.6,0,1,1,1,0.8098095238095238
1,0,3.83,21,0.0,0,1.7,0.1,0,0,1,1,0.99
0,0,4.1,24,,0,27.9,2.5,0,1,1,1,0.9325238095238093
1,1,6.16,12,0.2,0,78.0,8.3,0,0,0,0,0.03
0,0,1.19,19,0.0,0,6.9,0.6,0,0,1,1,1.0
1,0,0.91,35,,0,143.2,28.3,0,1,1,1,0.8501031746031745
1,0,0.64,23,0.0,2,0.0,0.0,0,0,1,1,1.0
1,0,4.13,20,,0,39.2,1.9,0,1,0,1,0.7971190476190475
1,0,0.21,14,0.0,2,0.0,0.0,0,0,1,1,1.0
1,1,0.97,22,1.0,0,154.6,9.7,0,0,0,0,0.03833333333333334
0,0,1.02,25,0.0,1,6.9,0.3,0,0,1,1,0.9983333333333333
1,0,1.69,27,0.0,0,0.0,0.0,0,0,1,1,1.0
1,0,1.4,13,0.53,0,95.6,12.1,0,0,0,0,0.05166666666666666
1,0,1.67,13,0.27,0,40.5,4.7,0,0,0,0,0.016666666666666666
1,1,2.85,15,1.28,0,11.1,2.1,0,0,0,0,0.03666666666666667
1,1,1.77,23,0.0,0,5.4,0.3,0,0,1,1,1.0
1,0,1.15,16,0.0,0,60.3,3.5,0,0,1,1,1.0
1,1,3.96,19,,0,33.7,3.3,0,1,0,1,0.6265436507936507
0,0,2.78,0,,0,0.0,0.0,7,1,1,1,1.0
1,0,3.15,12,0.79,0,21.5,1.7,0,0,0,0,0.022595238095238095
1,1,8.06,14,1.6,0,174.6,25.3,0,0,0,0,0.054027777777777786
1,1,1.98,22,1.94,1,40.2,4.0,0,0,0,0,0.06052380952380952
1,0,1.11,14,0.86,0,14.9,0.9,0,0,0,0,0.0
1,0,4.99,26,,0,40.1,1.9,0,1,1,1,0.8235396825396825
0,0,0.27,36,,0,63.5,7.6,0,1,1,1,0.7242896825396826
1,0,3.15,12,0.8,0,11.4,2.5,0,0,0,0,0.006666666666666666
0,0,0.18,33,1.8,0,173.0,11.4,0,0,0,0,0.06727777777777778
1,0,1.38,24,0.0,0,4.6,0.3,0,0,1,1,1.0
1,1,3.97,18,,0,40.7,1.4,0,1,1,1,0.5949285714285715
1,0,1.42,22,0.0,0,34.4,3.5,0,0,1,1,1.0
1,1,0.69,14,1.28,0,72.1,6.0,0,0,0,0,0.06291666666666666
1,0,1.1,14,0.88,0,9.9,0.4,0,0,0,0,0.0305952380952381
0,0,0.22,10,,0,9.6,1.2,0,1,1,1,0.9966666666666667
1,0,0.75,20,0.0,0,57.4,3.6,0,0,1,1,1.0
1,0,7.86,21,0.16,0,202.3,25.6,0,0,0,0,0.08197619047619048
1,0,1.51,33,0.19,0,30.2,1.8,0,0,0,0,0.1663095238095238
1,0,5.27,8,0.76,0,20.2,2.4,0,0,0,0,0.13523809523809524
1,0,4.55,28,,3,21.2,2.7,0,1,1,1,0.8868253968253968
1,1,3.52,12,0.38,1,152.1,11.0,0,0,0,0,0.02361111111111111
1,0,2.38,23,,0,0.0,0.0,0,1,1,1,1.0
1,1,3.15,24,0.78,0,88.4,2.6,0,0,0,0,0.03514285714285714
1,1,7.03,22,1.61,0,37.1,2.1,0,0,0,0,0.06936363636363636
1,1,2.55,20,1.74,0,38.4,1.0,0,0,0,0,0.21976190476190474
1,0,1.47,13,0.34,0,75.2,4.4,0,0,0,0,0.016666666666666666
1,1,4.21,16,1.68,0,49.4,3.5,0,0,0,0,0.015333333333333332
0,0,3.0,32,,0,23.6,5.1,0,1,1,1,0.8674166666666667
1,1,0.72,25,0.27,0,24.9,1.1,0,0,0,0,0.18547619047619046
1,1,4.48,20,0.92,0,35.1,1.4,0,0,0,0,0.1596904761904762
1,1,8.06,12,0.57,0,92.0,11.1,0,0,0,0,0.07875
1,0,2.11,51,,0,295.0,23.6,0,1,1,1,0.6563333333333332
1,0,6.27,21,0.27,0,74.4,8.0,0,0,0,0,0.0
1,1,8.12,25,1.77,0,99.3,28.2,0,0,0,0,0.03883333333333333
1,0,5.75,24,,0,5.3,0.2,0,1,1,0,0.45759487734487736
1,0,3.12,21,,0,0.0,0.0,0,1,1,1,1.0
1,0,2.04,25,,0,2.8,0.1,0,1,1,1,0.9931428571428572
0,0,2.62,0,,0,0.0,0.0,0,1,1,1,1.0
1,1,0.02,0,1.95,0,,,0,0,0,0,0.0
1,0,4.32,24,,0,5.7,0.3,0,1,1,1,0.9604166666666666
0,0,1.61,0,,0,7.8,0.4,0,1,1,1,0.9753333333333333
1,0,1.98,19,,0,0.2,0.0,0,1,1,1,0.99
1,1,6.33,23,0.89,0,78.9,13.0,0,0,0,0,0.10085281385281386
1,1,0.54,21,,0,45.4,4.4,0,1,1,0,0.49683333333333335
1,1,0.67,15,1.3,1,113.2,13.0,0,0,0,0,0.0
1,0,3.15,12,0.79,0,32.3,2.8,0,0,0,0,0.0
0,0,2.16,0,,0,0.0,0.0,0,1,1,1,1.0
0,0,0.29,29,1.68,0,111.1,7.2,0,0,0,0,0.005
1,1,4.16,18,1.91,0,56.7,1.6,0,0,0,0,0.025
1,0,1.98,24,,0,15.8,1.2,0,1,1,1,0.9966666666666666
1,0,7.96,21,0.0,0,0.0,0.0,0,0,1,1,0.9246428571428572
0,0,0.01,0,0.0,0,0.0,0.0,0,0,1,1,1.0
1,1,2.0,12,1.9,1,20.7,1.7,0,0,0,0,0.0719047619047619
1,0,1.1,14,0.87,0,28.0,1.4,0,0,0,0,0.006785714285714286
0,0,0.5,16,,0,0.0,0.0,0,1,1,1,1.0
1,0,2.64,18,,0,4.7,0.2,0,1,1,1,0.9604642857142857
0,0,0.01,3,,0,0.0,0.0,0,1,1,1,1.0
1,0,0.45,20,1.53,0,19.2,2.9,0,0,0,0,0.09335714285714286
1,1,0.07,18,0.57,1,98.6,7.3,0,0,0,0,0.11833333333333335
1,1,6.99,28,1.39,0,119.4,6.7,0,0,0,0,0.14524206349206348
1,1,7.0,34,,0,105.0,7.3,0,1,1,0,0.43952380952380943
1,0,1.97,12,0.0,0,64.5,1.9,0,0,1,1,0.98625
1,0,0.18,26,1.79,0,102.1,4.7,0,0,0,0,0.0125
1,0,0.57,39,0.0,0,41.4,1.2,0,0,1,1,0.9925
1,1,0.6,15,1.37,0,123.8,8.1,0,0,0,0,0.006000000000000001
1,1,5.79,21,0.4,1,80.7,10.3,0,0,0,0,0.029166666666666664
1,1,5.9,15,0.47,2,117.7,5.6,0,0,1,0,0.1609047619047619
1,1,1.4,18,0.0,0,41.8,4.8,0,0,1,1,1.0
0,0,2.0,21,,0,34.7,2.4,0,1,1,1,0.9866666666666666
1,0,7.42,20,0.93,0,20.9,0.8,0,0,0,0,0.08535714285714285
1,1,3.69,20,1.63,1,16.7,1.3,0,0,0,0,0.055999999999999994
1,0,3.26,23,,0,18.5,1.8,0,1,1,1,0.9966666666666666
1,1,3.23,15,1.24,0,50.9,3.8,0,0,0,0,0.044500000000000005
1,0,0.88,20,0.0,0,63.6,6.6,0,0,1,1,1.0
1,1,2.02,30,0.0,0,44.9,3.3,0,0,1,1,0.9643333333333333
1,0,1.04,14,0.93,0,66.9,2.6,0,0,0,0,0.02627777777777778
1,0,0.1,31,0.88,0,87.8,5.1,0,0,0,0,0.07563095238095238
1,1,2.61,24,1.3,1,112.4,14.7,0,0,0,0,0.034166666666666665
1,0,2.27,16,,0,3.9,0.2,0,1,1,1,0.9705357142857143
1,0,0.82,21,0.0,1,0.0,0.0,0,0,1,1,1.0
1,0,5.96,22,0.62,0,44.6,2.6,0,0,0,0,0.04291666666666667
1,1,7.23,0,,0,0.0,0.0,0,1,1,1,1.0
0,0,0.27,20,0.0,0,50.0,3.1,0,0,1,1,0.9841666666666667
1,0,2.0,5,,1,37.3,4.4,0,1,1,1,0.7962575757575756
1,1,2.36,13,1.75,0,25.1,5.5,0,0,0,0,0.11583333333333334
1,0,2.54,21,,2,14.6,0.8,0,1,1,1,0.988
1,0,4.23,19,,0,17.2,1.4,0,1,1,1,0.9141666666666667
1,0,3.33,21,0.55,0,59.9,2.6,0,0,0,0,0.016666666666666666
0,0,2.53,31,,0,51.2,8.4,0,1,1,1,0.8187023809523811
1,1,1.3,14,0.68,0,38.1,2.5,0,0,1,1,0.5683888888888888
1,0,1.88,16,0.0,0,15.4,1.0,0,0,1,1,1.0
1,1,1.22,20,0.36,0,86.8,5.5,0,0,0,0,0.02382142857142857
1,0,0.91,20,1.06,0,45.8,3.0,0,0,0,0,0.0
1,0,4.74,14,0.0,0,36.8,1.5,0,0,1,1,0.98
1,0,0.29,16,1.34,0,44.0,2.1,0,0,0,0,0.12041666666666664
1,0,0.22,19,1.75,0,76.2,24.8,0,0,0,0,0.10825
0,0,0.48,33,,1,0.0,0.0,0,1,1,1,1.0
1,1,3.2,12,0.79,0,40.1,3.8,0,0,0,0,0.04321428571428571
1,0,3.23,0,0.0,0,0.0,0.0,0,0,1,1,1.0
1,0,1.02,22,0.0,0,84.5,4.9,0,0,1,1,1.0
1,0,0.44,12,1.78,0,40.1,4.5,0,0,0,0,0.09752380952380953
0,0,4.39,20,,0,11.5,2.7,0,1,1,1,0.9706428571428571
1,0,6.38,21,0.14,0,27.6,1.0,0,0,0,0,0.0
1,0,1.76,19,,0,158.2,18.5,0,1,1,1,0.8687380952380953
1,1,4.04,16,1.89,0,57.4,2.5,0,0,0,0,0.015
1,0,0.04,1,0.27,0,13.0,1.7,0,0,0,0,0.26675
1,1,2.19,7,1.76,1,61.8,16.9,0,0,0,0,0.12723809523809523
1,0,2.87,24,,0,22.4,1.9,0,1,0,1,0.9568055555555555
1,0,0.42,11,0.0,0,16.5,0.7,0,0,1,1,1.0
1,1,5.12,24,1.17,0,14.8,0.9,0,0,0,0,0.03941666666666667
1,0,1.99,21,,0,0.0,0.0,0,1,1,1,1.0
1,1,2.45,9,1.5,0,20.3,2.1,1,0,0,0,0.1865952380952381
0,0,5.33,12,,0,1.6,0.1,3,1,1,1,0.7955119047619047
0,0,0.66,21,0.0,0,0.0,0.0,0,0,1,1,1.0
0,0,4.2,0,,2,0.3,0.0,1,1,1,1,0.9683333333333333
1,1,2.04,19,1.89,0,79.6,6.5,0,0,0,0,0.01
1,1,0.44,15,0.0,0,26.2,1.2,0,0,1,1,1.0
1,1,8.41,7,0.26,0,0.0,0.0,0,0,1,1,0.8517142857142856
1,0,1.93,22,0.0,0,64.0,3.6,0,0,1,1,0.9883333333333334
0,0,0.94,17,0.0,0,0.0,0.0,0,0,1,1,1.0
1,1,5.45,36,1.5,0,249.8,7.1,0,0,0,0,0.09391666666666668
1,1,5.05,15,1.3,1,94.8,131.6,0,0,0,0,0.0525
1,0,1.05,23,0.0,0,0.0,0.0,0,0,1,1,1.0
1,1,1.42,12,0.49,0,40.0,7.2,0,0,0,0,0.029785714285714283
1,0,3.5,25,0.31,2,17.6,0.7,0,0,0,0,0.03166666666666666
1,0,4.75,24,,2,21.6,3.0,0,1,1,1,0.7681587301587303
1,1,0.88,22,,0,95.9,3.1,0,1,1,1,0.816154761904762
1,0,1.78,7,0.19,0,68.8,2.9,0,0,1,1,0.6901547619047618
1,0,0.4,11,0.76,1,69.6,3.7,0,0,0,0,0.10766666666666666
1,1,3.45,17,,0,83.5,5.7,0,1,1,1,0.7534999999999998
1,1,1.71,12,0.22,0,175.7,12.8,0,0,0,0,0.021666666666666664
1,0,0.14,13,1.83,0,18.0,2.1,0,0,0,0,0.024261904761904766
1,0,2.44,19,,0,68.9,10.1,0,1,0,1,0.7260595238095238
1,0,1.42,11,0.0,0,61.9,3.5,0,0,1,1,1.0
0,0,4.65,0,0.0,0,0.0,0.0,6,0,1,1,1.0
1,1,4.45,25,,0,13.8,0.6,0,1,1,1,0.9189880952380952
1,1,6.29,22,0.0,0,64.8,6.1,0,0,1,1,0.968
1,1,8.79,44,0.04,0,217.6,33.2,0,0,0,0,0.1227142857142857
1,1,1.13,30,0.84,1,79.0,13.0,0,0,0,0,0.11622222222222219
0,0,1.99,21,1.42,0,0.0,0.0,0,0,1,1,1.0
1,1,6.8,17,1.62,0,56.3,3.9,0,0,0,0,0.084
0,0,7.65,40,,0,138.9,8.3,0,1,0,1,0.5953333333333334
1,0,3.0,12,0.94,0,100.4,9.3,0,0,0,0,0.0025
1,1,1.09,18,0.0,1,21.3,1.4,0,0,1,1,1.0
1,1,3.87,24,0.04,0,84.3,1.9,0,0,0,0,0.09178571428571429
1,1,7.63,21,0.1,0,23.3,2.6,0,0,0,0,0.0
0,0,0.67,16,0.0,2,59.5,4.6,0,0,1,1,1.0
1,1,2.12,23,,0,26.6,3.3,0,1,1,1,0.9057857142857142
1,0,1.98,22,,0,30.9,1.4,0,1,1,1,0.995
0,0,0.75,0,0.0,0,1.3,0.2,6,0,1,1,1.0
1,0,6.23,20,1.86,0,48.8,11.0,0,0,0,0,0.04392857142857142
1,1,3.99,19,,2,143.3,11.7,0,1,1,1,0.8350714285714287
1,1,6.28,21,0.64,0,38.9,3.4,0,0,0,0,0.049833333333333334
1,0,1.35,20,0.25,0,115.2,9.2,0,0,1,0,0.17483333333333334
1,0,0.3,20,0.0,0,98.2,10.4,0,0,1,1,1.0
1,1,1.18,22,0.0,1,0.0,0.0,0,0,1,1,1.0
1,0,0.01,0,0.0,0,1.4,0.0,0,0,1,1,0.995
1,1,0.25,16,1.72,0,10.2,0.5,0,0,0,0,0.1270238095238095
0,0,1.0,18,0.0,0,0.0,0.0,0,0,1,1,1.0
1,0,5.98,17,0.0,0,147.1,5.8,0,0,1,1,0.9933333333333333
1,1,1.54,12,0.38,0,60.3,6.9,0,0,0,0,0.18878787878787878
1,0,1.63,13,0.3,1,60.2,4.8,0,0,0,0,0.05966666666666666
1,0,0.92,0,,0,0.0,0.0,6,1,1,1,1.0
1,0,1.77,14,,0,18.4,2.0,0,1,1,1,0.912142857142857
1,0,6.2,12,,0,2.0,0.2,3,1,1,1,0.5328690476190477
1,0,1.93,14,0.02,0,79.7,6.6,0,0,0,0,0.005
1,1,3.91,3,0.02,0,58.7,4.8,0,0,1,1,0.9507857142857143
0,0,1.84,21,0.0,2,29.6,2.8,0,0,1,1,1.0
1,0,2.0,5,,0,84.7,5.1,0,1,1,1,0.8219761904761904
0,0,0.59,22,,2,29.7,1.6,0,1,1,1,0.8743809523809525
1,0,1.52,13,0.4,0,7.9,1.4,0,0,0,0,0.02992857142857143
1,0,3.82,24,,0,18.5,1.0,0,1,1,1,0.7061309523809524
1,0,1.05,20,1.59,0,109.3,10.3,0,0,0,0,0.09242857142857142
1,0,1.52,29,0.0,0,29.6,4.4,0,0,1,1,1.0
1,1,1.07,24,,0,0.0,0.0,0,1,1,1,0.995
1,0,1.12,20,0.72,0,44.6,2.4,0,0,0,0,0.071
1,0,0.01,4,0.0,0,2.1,0.7,0,0,1,1,1.0
0,0,2.82,33,,2,49.8,2.1,0,1,1,1,0.9296825396825397
1,1,2.74,22,1.48,1,280.8,13.7,0,0,0,0,0.07521428571428572
1,0,1.28,22,0.05,0,113.9,10.9,0,0,0,0,0.035095238095238096
1,0,0.32,12,0.0,0,5.2,0.2,0,0,1,1,1.0
1,0,0.01,0,0.0,0,0.0,0.0,0,0,1,1,1.0
1,1,6.08,12,1.46,0,35.4,6.1,0,0,1,0,0.2399166666666667
1,1,0.71,14,1.26,0,19.2,1.3,0,0,0,0,0.042083333333333334
0,0,4.83,26,,0,42.2,6.1,0,1,1,1,0.8166904761904762
1,0,1.97,26,0.0,0,40.1,2.3,0,0,1,1,0.985
1,1,3.84,22,1.1,0,16.8,0.7,0,0,0,0,0.042555555555555555
1,1,5.33,23,,0,40.2,2.5,0,1,1,1,0.8784285714285712
1,1,1.03,21,0.94,0,0.0,0.0,0,0,1,1,1.0
1,0,1.77,24,0.0,0,12.0,1.8,0,0,1,1,1.0
1,0,1.98,13,,0,25.6,1.4,0,1,1,1,0.9134047619047619
1,1,10.03,11,0.37,0,17.4,9.1,0,0,0,1,0.504952380952381
0,0,0.69,18,0.0,0,0.0,0.0,0,0,1,1,1.0
1,0,3.88,12,,0,4.0,0.3,0,1,1,1,0.986
1,1,0.56,15,1.75,0,13.4,1.7,0,0,0,0,0.06916666666666667
1,0,1.76,22,0.15,0,50.7,2.9,0,0,0,0,0.1503452380952381
1,0,0.25,17,,0,2.6,0.8,0,1,1,1,0.9267619047619049
1,1,1.08,24,0.89,0,39.1,3.0,0,0,0,0,0.04416666666666667
1,0,2.73,73,,2,115.8,17.2,0,1,0,1,0.8565952380952381
1,1,0.31,15,1.66,0,43.3,5.6,0,0,0,0,0.05865079365079365
1,1,3.76,37,0.15,0,281.5,26.4,0,0,0,0,0.06283333333333334
0,0,4.66,24,,2,17.3,1.6,0,1,1,1,0.9571428571428572
0,0,0.61,16,,0,0.0,0.0,0,1,1,1,1.0
1,0,1.05,22,0.93,0,129.5,7.9,0,0,0,0,0.0105
1,1,5.71,8,,0,2.1,0.2,6,1,1,1,0.8764404761904762
1,1,2.65,0,,0,0.0,0.0,1,1,1,1,1.0
1,0,0.44,21,0.71,0,16.4,2.0,0,0,0,0,0.24214285714285716
1,0,2.02,12,,0,45.0,2.0,0,1,1,1,0.8657857142857144
1,1,1.22,29,1.81,1,56.8,3.5,0,0,0,0,0.1155
1,0,0.92,14,1.05,0,17.0,1.4,0,0,0,0,0.0
1,0,4.27,24,,1,27.0,2.5,0,1,1,1,0.7671666666666667
1,0,3.92,28,,0,17.4,0.9,0,1,1,1,0.8800436507936509
1,1,4.76,22,0.0,0,63.8,5.0,0,0,1,1,0.973
1,1,4.53,18,0.0,0,8.1,2.0,0,0,1,1,0.99
1,0,1.64,11,0.0,0,53.5,3.2,0,0,1,1,1.0
1,0,4.5,20,1.41,0,17.1,2.5,0,0,0,0,0.10916666666666666
1,0,0.79,10,0.0,0,1.2,0.5,0,0,1,1,1.0
1,0,0.68,19,0.0,0,0.0,0.0,0,0,1,1,1.0
1,0,0.69,15,1.28,0,0.0,0.0,0,0,1,1,1.0
1,0,3.13,22,,1,15.0,0.5,0,1,1,1,0.9933333333333334
1,0,0.57,11,0.0,0,15.4,5.7,0,0,1,1,1.0
1,0,1.7,0,,0,0.0,0.0,7,1,1,1,1.0
1,1,0.18,16,1.79,0,13.4,0.8,0,0,0,0,0.03833333333333333
0,0,2.05,71,,0,203.4,20.3,0,1,1,1,0.5758095238095238
1,1,4.04,18,1.85,0,109.9,9.1,0,0,0,0,0.02571428571428571
1,0,0.33,19,1.64,1,178.9,14.6,0,0,0,0,0.0955
1,0,2.92,12,0.0,0,34.1,1.1,0,0,1,1,1.0
1,1,0.55,24,0.0,1,14.6,0.9,0,0,1,1,0.9965714285714286
1,1,0.44,12,,0,0.0,0.0,0,1,1,1,1.0
1,1,1.99,20,,1,13.5,1.7,0,1,1,1,0.9632857142857141
1,0,0.01,5,0.0,0,0.0,0.0,0,0,1,1,1.0
0,0,0.64,25,0.0,0,58.5,5.0,0,0,1,1,0.9975
1,1,4.17,22,1.73,0,76.1,5.6,0,0,0,0,0.024
1,0,3.12,12,0.82,0,118.7,8.7,0,0,0,0,0.01
1,0,1.09,14,0.88,0,31.8,4.6,0,0,0,0,0.004
1,0,2.18,21,0.0,0,36.3,2.6,0,0,1,1,0.9875
1,0,1.85,23,0.0,0,11.0,0.8,0,0,1,1,1.0
1,0,1.05,13,0.0,1,14.5,1.0,0,0,1,1,1.0
1,0,5.29,27,,0,46.0,1.5,0,1,0,1,0.8080198412698413
1,0,6.24,22,0.06,0,89.5,3.2,0,0,0,0,0.012
1,0,2.22,17,,0,5.4,0.6,0,1,1,1,0.9843333333333334
1,0,1.98,35,,0,24.4,1.2,0,1,1,1,0.9666190476190476
1,0,0.95,20,1.02,0,21.9,1.0,0,0,0,0,0.015
1,1,1.58,0,,0,0.0,0.0,1,1,1,1,1.0
1,1,11.8,57,,0,156.0,12.8,0,1,0,0,0.2682619047619047
1,0,1.67,13,0.31,1,10.8,0.7,0,0,0,0,0.059000000000000004
1,0,1.97,22,0.0,0,34.7,2.0,0,0,1,1,1.0
0,0,2.75,18,,0,14.4,0.7,0,1,1,1,0.9975
1,0,1.98,13,,5,39.2,4.2,0,1,1,1,0.8660909090909089
1,0,0.45,11,0.42,0,11.4,1.7,0,0,0,0,0.23616666666666666
0,0,4.31,24,,0,63.5,2.4,0,1,1,1,0.8010833333333335
1,1,3.78,21,0.3,0,57.9,3.9,0,0,0,0,0.02033333333333333
1,1,2.79,7,1.61,0,17.2,0.4,0,0,0,0,0.20797619047619048
1,0,1.07,23,0.0,0,0.0,0.0,0,0,1,1,1.0
0,0,1.9,0,,0,0.0,0.0,0,1,1,1,1.0
1,0,3.49,21,0.59,0,72.3,6.4,0,0,0,0,0.015166666666666667
1,1,4.03,20,0.1,0,18.9,4.2,0,0,0,0,0.08775000000000001
1,1,1.75,27,1.93,0,189.7,12.9,0,0,0,0,0.036000000000000004
1,1,5.82,13,1.72,0,25.2,1.9,0,0,0,0,0.05785714285714286
1,0,2.91,22,0.03,0,10.7,0.8,0,0,0,0,0.10367460317460318
0,0,0.55,14,0.0,0,10.0,1.3,0,0,1,1,1.0
1,0,1.67,15,0.25,1,41.0,2.2,0,0,0,0,0.25531746031746033
1,0,1.07,19,0.0,0,33.5,3.5,0,0,1,1,1.0
0,0,0.71,41,,0,31.6,2.2,0,1,0,1,0.9254761904761906
1,0,4.48,25,0.42,0,124.5,11.5,0,0,0,0,0.06633333333333333
1,0,4.15,23,,0,36.2,3.6,0,1,0,1,0.7432142857142858
1,0,2.45,27,,0,84.0,8.6,0,1,1,1,0.729642857142857
1,1,4.84,28,1.49,0,59.0,9.9,0,0,0,0,0.09783333333333331
0,0,1.13,30,0.0,0,34.6,1.8,0,0,1,1,1.0
0,0,2.36,0,,0,0.0,0.0,4,1,1,1,1.0
1,1,4.8,28,1.33,0,87.1,3.5,0,0,0,0,0.16378571428571426
1,0,2.81,24,,0,19.6,1.7,0,1,0,1,0.8840595238095239
1,0,1.13,8,0.84,0,38.2,2.9,0,0,0,0,0.09666666666666666
1,1,3.62,21,0.28,2,57.9,3.5,0,0,0,0,0.02
1,0,6.04,22,0.09,0,34.7,5.7,0,0,0,0,0.028333333333333332
1,0,2.07,16,1.86,0,27.1,2.9,0,0,0,0,0.06791666666666667
1,1,0.98,22,0.99,0,36.0,3.6,0,0,0,0,0.04303571428571429
1,1,2.2,13,1.73,0,52.5,1.9,0,0,0,0,0.3183650793650794
1,0,0.82,11,0.0,0,48.0,2.8,0,0,1,1,0.9866666666666666
1,0,2.01,22,1.07,1,111.0,8.4,0,0,0,0,0.10500000000000002
1,0,0.1,2,0.0,0,22.2,3.7,0,0,1,1,0.9977777777777778
1,0,2.07,23,,0,9.8,0.9,0,1,1,1,0.993
1,0,1.76,22,0.0,2,0.0,0.0,0,0,1,1,1.0
1,0,0.81,10,0.0,0,36.9,4.2,0,0,1,1,1.0
1,0,1.46,20,0.7,1,67.9,11.4,0,0,0,0,0.06888095238095238
1,1,6.89,17,1.82,0,48.3,4.6,0,0,0,0,0.05183333333333333
1,0,3.81,15,0.0,0,7.2,0.6,0,0,1,1,1.0
0,0,1.8,18,0.0,0,0.0,0.0,0,0,1,1,1.0
1,1,6.93,12,0.14,0,59.7,8.8,0,0,0,0,0.028333333333333332
1,0,2.96,18,,1,4.2,0.4,0,1,1,1,1.0
1,0,2.16,18,,0,18.6,1.5,0,1,0,1,0.95875
1,1,0.65,15,1.32,0,61.6,3.2,0,0,0,0,0.0025
1,1,2.08,20,,0,2.8,0.2,0,1,1,1,0.9957142857142859
0,0,2.54,21,,1,16.3,0.9,0,1,1,1,0.9857142857142857
1,0,0.9,20,0.0,0,214.1,8.4,0,0,1,1,0.9705555555555556
1,1,4.29,17,,0,28.6,1.3,0,1,1,1,0.8636071428571428
1,0,4.04,21,,0,45.4,1.8,0,1,0,1,0.7902380952380951
1,1,6.94,22,0.36,0,13.0,2.2,0,0,0,0,0.03
1,1,0.51,245,0.0,3,649.1,125.5,0,0,1,1,0.814595238095238
1,1,1.02,21,1.92,0,4.3,0.4,0,0,0,0,0.021785714285714287
1,0,3.21,35,,0,49.3,2.9,0,1,1,1,0.9194166666666667
1,1,0.92,20,1.05,0,40.1,2.2,0,0,0,0,0.132
1,1,4.85,20,0.32,0,28.7,3.6,0,0,0,0,0.012333333333333333
1,0,2.06,9,,0,94.7,8.6,0,1,1,1,0.7495119047619048
1,1,1.04,27,1.18,0,140.4,5.1,0,0,0,0,0.2310595238095238
0,0,2.42,38,,3,14.4,2.0,0,1,1,1,0.8888095238095238
1,1,4.29,19,0.0,5,26.3,1.9,0,0,1,1,0.993
1,1,4.34,27,1.56,0,240.2,20.2,0,0,0,0,0.08780952380952382
1,0,1.01,28,,0,35.1,4.0,0,1,1,1,0.9196666666666665
1,1,1.68,40,1.2,1,177.0,11.4,0,0,0,0,0.09947619047619045
0,0,0.58,12,,1,0.0,0.0,0,1,1,1,1.0
1,1,3.94,17,1.95,0,66.0,7.8,0,0,0,0,0.01375
1,1,0.04,3,1.93,0,6.0,0.2,0,0,0,0,0.013333333333333332
1,1,4.32,16,1.61,0,46.4,5.0,0,0,0,0,0.025833333333333333
1,0,1.59,24,0.0,0,14.8,0.9,0,0,1,1,1.0
1,0,2.05,18,,0,5.0,0.4,0,1,1,1,1.0
1,1,0.18,15,1.79,0,47.6,2.4,0,0,0,0,0.05208333333333333
1,0,0.75,14,0.0,1,24.2,5.9,0,0,1,1,0.9735714285714286
0,0,0.33,19,1.64,0,0.0,0.0,0,0,1,1,1.0
1,0,0.33,31,0.66,0,44.8,6.2,0,0,0,0,0.03
1,0,0.52,12,1.2,0,8.5,0.6,0,0,0,0,0.18976190476190474
0,0,2.08,23,,0,0.0,0.0,0,1,1,1,1.0
0,0,0.68,21,,0,4.6,0.3,0,1,1,1,1.0
1,0,0.75,20,,0,5.2,0.5,0,1,1,1,0.982
1,1,0.94,20,1.04,0,48.9,2.6,0,0,0,0,0.19416666666666665
1,1,0.34,21,1.95,1,94.7,5.1,0,0,0,0,0.03528571428571428
1,0,4.84,22,0.05,0,40.0,4.5,0,0,0,0,0.013999999999999999
1,0,0.31,10,0.76,0,55.8,1.2,0,0,0,0,0.1918030303030303
1,1,0.9,22,1.07,0,2.8,0.3,0,0,0,0,0.08940476190476192
1,0,7.15,22,0.06,0,154.1,6.4,0,0,0,0,0.0115
1,0,2.2,21,,0,2.7,0.3,0,1,1,1,0.9985714285714287
1,0,1.06,14,0.91,0,62.7,8.9,0,0,0,0,0.005
1,0,6.64,21,0.46,0,122.3,9.2,0,0,0,0,0.032
1,1,3.28,13,0.0,0,0.0,0.0,0,0,1,1,1.0
1,1,2.9,12,1.06,0,7.1,0.8,0,0,0,0,0.09866666666666667
1,1,3.65,20,0.24,0,153.0,3.2,0,0,0,0,0.10640476190476189
1,1,2.08,20,1.85,12,108.2,17.4,0,0,0,0,0.28969047619047616
1,1,4.81,10,,0,2.5,0.2,6,1,1,1,0.9925
1,0,4.18,20,,0,18.1,1.0,0,1,1,1,0.9401666666666667
1,1,6.03,33,,0,46.1,5.5,0,1,1,0,0.48564285714285726
1,1,2.36,20,,0,0.0,0.0,0,1,1,1,1.0
1,0,0.43,33,0.57,0,45.7,3.6,0,0,0,0,0.06866666666666667
1,0,0.98,20,0.99,0,114.5,8.6,0,0,0,0,0.03809523809523809
1,0,0.25,18,1.72,0,30.7,1.8,0,0,0,0,0.015
1,1,7.53,10,1.2,0,71.7,5.4,0,0,0,0,0.014857142857142857
1,0,1.73,13,0.0,0,89.5,6.3,0,0,1,1,1.0
1,1,1.85,12,0.09,0,103.0,9.4,0,0,0,0,0.037452380952380945
1,1,4.79,12,0.0,0,27.4,0.7,0,0,1,1,1.0
0,0,2.07,22,,0,0.0,0.0,0,1,1,1,1.0
1,1,9.64,0,,0,0.0,0.0,0,1,1,1,1.0
1,1,0.98,24,0.99,0,115.0,7.3,0,0,0,0,0.07902380952380952
1,1,2.46,16,1.43,0,123.6,5.3,0,0,1,0,0.2398452380952381
0,0,2.17,28,,0,36.6,3.9,0,1,1,1,0.9568333333333334
1,0,6.71,21,0.27,0,19.9,3.1,0,0,0,0,0.02
1,0,0.1,0,0.0,0,103.7,8.8,0,0,1,1,0.9605555555555556
1,1,0.52,16,1.45,0,45.3,1.7,0,0,1,0,0.3802023809523809
0,0,0.95,31,,1,68.9,4.0,0,1,1,1,0.9142380952380951
1,0,1.19,28,1.02,0,187.2,7.0,0,0,0,0,0.0651111111111111
0,0,0.0,0,,0,0.0,0.0,0,1,1,1,1.0
1,0,5.99,22,1.04,0,90.4,17.9,0,0,0,0,0.0
1,0,8.25,20,1.03,0,29.4,2.1,0,0,0,0,0.045
1,0,5.93,27,,0,54.7,5.1,0,1,1,1,0.6416428571428571
1,0,1.38,13,0.0,0,33.7,2.6,0,0,1,1,1.0
1,0,0.25,11,0.0,0,15.6,1.3,0,0,1,1,0.99
1,0,2.02,0,,0,0.0,0.0,0,1,1,1,1.0
1,0,2.01,19,1.91,0,10.5,2.0,0,0,0,0,0.07033333333333334
1,1,0.04,4,1.93,0,12.2,0.4,0,0,0,0,0.008
1,1,3.62,21,0.52,0,71.8,4.2,0,0,0,0,0.042166666666666665
1,0,1.64,26,0.1,0,111.4,7.7,0,0,0,0,0.1738095238095238
1,0,6.21,21,0.28,0,87.0,7.8,0,0,0,0,0.0
1,0,3.33,22,0.0,0,99.7,5.3,0,0,1,1,0.99
1,0,0.94,22,0.02,0,0.0,0.0,0,0,1,1,0.998
1,0,1.1,26,0.0,0,16.3,1.4,0,0,1,1,1.0
1,0,2.7,20,,1,6.3,0.9,0,1,1,1,1.0
1,1,6.41,18,1.22,0,100.3,13.4,0,0,0,0,0.22209523809523804
1,1,6.85,22,1.63,0,91.3,10.4,0,0,0,0,0.03642857142857143
1,0,0.93,22,1.04,0,91.5,5.5,0,0,0,0,0.013333333333333332
1,0,0.39,19,0.86,0,135.9,9.7,0,0,0,0,0.21491666666666667
1,0,0.0,0,1.97,0,,,0,0,0,0,0.0
1,0,1.43,13,0.48,0,104.2,5.0,0,0,0,0,0.0025
1,0,3.34,47,0.0,0,144.8,6.3,0,0,1,1,0.9925
0,0,3.07,14,,0,33.1,4.2,0,1,1,1,0.9217575757575758
1,1,0.44,16,1.76,1,65.9,3.1,0,0,0,0,0.1155873015873016
1,0,5.67,25,0.0,0,15.7,0.7,0,0,1,1,0.9834761904761905
1,1,6.24,21,0.48,1,127.6,12.4,0,0,0,0,0.012142857142857144
1,1,1.23,24,,0,17.6,0.5,0,1,1,1,0.9376825396825397
1,0,2.75,13,0.0,0,34.8,3.4,0,0,1,1,1.0
1,0,0.25,30,0.0,0,35.7,2.0,0,0,1,1,0.9695
1,1,0.81,67,1.16,0,108.6,17.1,0,0,0,0,0.286952380952381
1,0,3.82,21,0.13,2,30.5,1.1,0,0,0,0,0.022190476190476188
1,1,3.12,15,1.25,0,62.6,4.9,0,0,0,0,0.06206349206349206
1,1,1.81,12,0.13,1,39.1,3.8,0,0,0,0,0.009333333333333334
1,1,2.93,0,0.0,0,0.0,0.0,0,0,1,1,1.0
1,1,2.84,20,0.0,0,28.6,2.6,0,0,1,1,0.7567380952380954
1,0,2.92,0,,0,11.6,0.3,2,1,1,1,0.995
1,0,6.91,12,,0,97.1,5.3,0,1,0,1,0.7000714285714286
1,1,6.52,20,,0,21.0,1.2,0,1,1,1,0.7684722222222221
1,0,2.14,24,,0,41.9,4.4,0,1,1,1,0.7643095238095238
1,0,0.79,14,1.18,1,73.4,4.9,0,0,0,0,0.0
1,0,0.25,0,0.0,3,37.2,2.1,0,0,1,1,1.0
1,1,0.16,18,1.82,0,111.2,17.7,0,0,0,0,0.0
1,0,2.5,24,0.0,1,16.2,1.2,0,0,1,1,1.0
1,1,0.69,24,1.28,0,44.5,1.3,0,0,0,0,0.10641666666666666
1,0,1.98,22,,0,7.2,1.0,0,1,1,1,0.9966666666666667
1,1,0.28,109,1.24,0,201.8,8.5,0,0,0,0,0.14940476190476187
1,1,4.03,12,0.55,0,68.8,5.6,0,0,0,0,0.03458333333333333
1,1,2.04,0,,0,45.5,10.2,7,1,1,1,0.8553333333333333
1,0,0.07,0,0.0,0,22.6,1.0,0,0,1,1,0.955
1,1,1.39,24,0.0,0,95.8,12.0,0,0,1,1,1.0
1,1,1.73,12,1.23,0,23.6,1.3,0,0,1,0,0.14911904761904762
1,1,0.13,11,1.84,0,3.8,0.4,0,0,0,0,0.05226190476190477
1,1,2.36,11,1.57,0,20.6,1.6,0,0,0,0,0.11760317460317461
1,0,2.04,21,1.67,0,36.4,3.1,0,0,0,0,0.13670634920634922
1,0,1.91,35,0.0,0,93.6,9.4,0,0,1,1,1.0
1,0,3.28,22,,1,4.2,0.1,0,1,1,1,1.0
1,1,2.9,20,1.96,0,94.8,6.2,0,0,1,0,0.0525
1,1,0.64,21,0.0,0,0.0,0.0,0,0,1,1,1.0
0,0,2.19,18,,0,0.0,0.0,0,1,1,1,1.0
1,1,0.12,13,1.85,0,46.4,2.6,0,0,0,0,0.017499999999999998
1,0,0.35,14,0.0,0,40.3,1.1,0,0,1,1,1.0
0,0,0.82,17,0.0,0,0.0,0.0,0,0,1,1,1.0
1,1,1.1,22,0.87,0,70.3,3.5,0,0,0,0,0.08675000000000001
1,1,1.15,28,1.07,1,178.8,26.6,0,0,0,0,0.032499999999999994
1,1,1.09,24,0.88,1,34.0,2.9,0,0,0,0,0.020674603174603172
1,1,5.21,15,1.41,0,1.8,0.3,0,0,0,0,0.022666666666666665
1,0,2.28,15,1.82,0,60.8,5.7,0,0,1,0,0.045
1,1,5.72,25,0.0,0,46.8,2.0,0,0,1,1,0.9846666666666667
1,1,1.03,28,0.95,0,40.3,3.0,0,0,0,0,0.02053571428571429
1,0,1.5,21,0.42,0,82.6,10.7,0,0,0,0,0.0
1,1,4.1,18,1.8,4,60.4,5.1,0,0,0,0,0.015666666666666666
1,0,2.24,0,,0,2.8,0.2,5,1,1,1,1.0
1,1,7.07,25,0.08,0,5.1,0.3,0,0,0,0,0.0355
1,0,0.87,14,1.11,0,47.5,4.4,0,0,0,0,0.0
1,0,0.92,20,1.06,0,55.3,2.9,0,0,0,0,0.0
1,0,1.66,22,0.0,0,7.8,0.4,0,0,1,1,1.0
1,1,0.55,35,1.43,0,293.1,4.9,0,0,0,0,0.1673611111111111
1,0,2.87,40,,0,5.6,0.6,0,1,1,1,0.8990277777777779
1,0,2.57,13,0.0,0,18.2,1.5,0,0,1,1,1.0
1,1,10.32,12,0.16,0,115.6,7.5,0,0,0,0,0.09161904761904761
1,0,1.41,15,0.56,1,125.7,12.2,0,0,0,0,0.1538452380952381
1,0,2.63,19,,1,7.3,0.2,0,1,1,1,0.9900833333333332
1,1,0.46,10,0.97,0,22.2,3.2,0,0,0,0,0.3028690476190476
1,1,0.7,18,,13,88.1,6.4,0,1,1,1,0.9420238095238095
1,1,7.04,17,1.77,0,17.6,1.8,0,0,0,0,0.011666666666666667
1,0,0.06,6,0.0,0,14.6,0.5,0,0,1,1,0.9981818181818182
1,0,0.6,21,0.01,0,0.0,0.0,0,0,1,1,1.0
1,0,4.97,13,0.22,0,206.8,17.9,0,0,0,0,0.1758333333333333
1,1,7.63,16,1.21,0,31.0,7.4,0,0,1,0,0.4007460317460317
1,0,4.32,24,,0,31.6,1.7,0,1,1,1,0.8511111111111112
0,0,0.74,30,0.0,0,29.6,2.2,0,0,1,1,1.0
1,0,3.08,12,0.87,0,15.0,1.0,0,0,0,0,0.005
1,0,2.29,20,1.66,1,109.7,5.0,0,0,0,0,0.025666666666666664
1,1,0.87,21,0.41,1,36.0,1.7,0,0,0,0,0.09076190476190477
0,0,3.78,15,,0,10.9,1.4,0,1,1,1,0.9816666666666667
1,1,1.85,21,0.09,0,84.4,5.0,0,0,0,0,0.019285714285714285
1,0,1.23,20,0.75,0,159.5,17.2,0,0,0,0,0.04533333333333333
1,0,0.42,20,,0,43.1,3.4,0,1,1,1,0.8561666666666667
1,0,3.15,22,0.75,2,40.8,3.1,0,0,0,0,0.02583333333333333
1,0,0.4,12,0.0,0,17.6,1.1,0,0,1,1,1.0
1,0,4.79,21,0.17,0,100.0,9.0,0,0,0,0,0.0025
1,1,1.15,27,1.07,0,166.2,11.7,0,0,0,0,0.06894444444444443
1,0,2.78,23,,0,5.1,0.5,0,1,1,1,0.9826666666666668
1,1,6.36,16,1.8,0,2.6,0.1,0,0,0,0,0.08529761904761905
1,0,2.49,17,,0,2.8,0.3,0,1,1,1,0.9860714285714286
1,0,0.07,8,1.91,0,16.5,0.7,0,0,0,0,0.02083333333333333
1,1,7.25,22,1.94,0,36.2,2.4,0,0,0,0,0.018000000000000002
0,0,1.32,22,0.0,0,20.3,2.9,0,0,1,1,1.0
1,0,1.75,13,0.22,0,40.1,1.7,0,0,0,0,0.03595238095238095
0,0,2.94,21,,0,13.5,0.8,0,1,1,1,1.0
1,0,0.55,12,0.0,0,29.6,0.7,0,0,1,1,1.0
0,0,0.4,32,1.57,0,76.1,9.4,0,0,0,0,0.09747619047619048
1,0,2.52,22,0.0,0,4.6,0.2,0,0,1,1,1.0
1,1,6.69,21,0.29,0,45.7,12.8,0,0,0,0,0.01861904761904762
1,0,1.29,24,,0,0.0,0.0,0,1,1,1,0.9866666666666666
1,0,0.96,0,,0,1.3,0.1,4,1,1,1,1.0
1,0,1.12,56,0.0,0,34.9,2.1,0,0,1,1,0.99
0,0,3.56,0,,0,0.0,0.0,0,1,1,1,1.0
0,0,2.07,21,,0,0.0,0.0,0,1,1,1,1.0
1,1,4.4,10,1.23,0,9.3,1.4,0,0,0,0,0.04133333333333334
1,0,2.44,20,,0,22.6,1.0,0,1,1,1,0.9507976190476191
1,1,5.21,21,0.44,1,41.1,4.8,0,0,0,0,0.011666666666666667
0,0,1.98,23,,0,0.0,0.0,0,1,1,1,1.0
1,0,0.25,23,0.0,0,16.9,0.6,0,0,1,1,0.99
1,0,1.73,13,0.24,2,58.6,5.3,0,0,0,0,0.06666666666666667
0,0,1.02,22,0.95,0,0.0,0.0,0,0,1,1,1.0
1,0,0.22,19,0.02,0,0.0,0.0,0,0,1,1,1.0
0,0,0.29,34,,0,37.1,8.8,0,1,1,1,0.821404761904762
1,1,2.32,31,,0,26.7,3.9,0,1,1,1,0.851904761904762
0,0,1.91,14,,0,0.0,0.0,0,1,1,1,1.0
1,1,3.79,25,0.0,1,126.9,6.3,0,0,1,1,0.9684999999999999
1,1,3.32,21,1.81,0,32.8,2.5,0,0,0,0,0.04650000000000001
1,0,1.53,22,0.0,0,27.4,2.3,0,0,1,1,1.0
1,0,2.74,22,1.17,0,102.0,11.0,0,0,0,0,0.06444444444444444
1,1,0.66,15,1.31,0,28.9,3.2,0,0,0,0,0.02
1,0,0.2,14,0.89,0,21.3,1.7,0,0,0,0,0.06333333333333332
0,0,3.55,16,,0,0.6,0.1,0,1,1,1,0.9641666666666667
0,0,2.71,22,,0,4.8,0.2,0,1,1,1,0.9938095238095239
1,0,6.27,30,0.92,0,95.4,2.7,0,0,0,0,0.07952380952380951
1,0,1.01,22,0.0,1,59.8,3.9,0,0,1,1,1.0
1,0,4.24,24,0.0,0,44.9,3.3,0,0,1,1,0.9975
1,0,1.76,24,0.0,0,5.1,0.6,0,0,1,1,1.0
1,1,1.37,12,0.54,0,53.4,5.7,0,0,0,0,0.0075
1,1,0.27,14,1.88,1,50.2,2.9,0,0,0,0,0.0405
1,0,0.68,14,1.29,0,67.6,3.5,0,0,0,0,0.006666666666666666
0,0,1.55,13,0.0,2,63.3,10.4,0,0,1,1,1.0
1,0,2.36,21,0.31,0,25.8,0.9,0,0,0,0,0.2168333333333333
1,1,1.98,24,,0,15.2,0.6,0,1,1,1,0.9865714285714285
1,0,1.1,23,0.0,0,0.0,0.0,0,0,1,1,1.0
1,0,0.68,18,0.0,0,0.0,0.0,0,0,1,1,1.0
1,1,4.42,26,,0,6.2,0.3,0,1,1,1,0.862095238095238
1,1,1.15,24,1.79,0,27.1,2.0,0,0,0,0,0.15414285714285714
1,1,0.99,24,0.99,0,151.3,13.6,0,0,0,0,0.005
0,0,7.31,14,,0,2.5,0.2,0,1,1,1,0.9291666666666667
1,0,1.04,12,0.93,0,12.3,0.7,0,0,0,0,0.1776547619047619
1,0,0.27,25,0.26,0,7.4,1.7,0,0,0,0,0.16361111111111107
1,1,4.05,17,1.88,1,48.0,2.7,0,0,0,0,0.005
1,0,0.67,18,0.0,0,0.0,0.0,0,0,1,1,1.0
1,1,1.97,21,0.0,2,0.0,0.0,0,0,1,1,1.0
0,0,1.39,19,,0,0.0,0.0,0,1,1,1,1.0
1,1,4.35,32,,1,49.9,3.3,0,1,1,1,0.8147698412698413
1,0,1.4,0,0.0,0,0.0,0.0,7,0,1,1,1.0
1,1,0.84,24,1.13,0,113.4,3.1,0,0,0,0,0.1473095238095238
1,0,2.9,12,1.02,0,25.7,1.5,0,0,0,0,0.0
0,0,0.79,22,0.0,1,0.0,0.0,0,0,1,1,1.0
1,0,0.59,14,0.0,0,67.3,45.8,0,0,1,1,0.9933333333333334
1,1,0.04,3,1.94,0,9.2,0.6,0,0,0,0,0.01
1,1,0.08,33,,1,57.3,4.5,0,1,0,0,0.4355238095238096
1,0,0.17,5,0.0,0,4.5,0.2,0,0,1,1,1.0
1,0,6.58,21,0.15,0,68.9,3.5,0,0,0,0,0.0
1,0,1.78,13,0.15,0,15.1,1.8,0,0,0,0,0.0
1,0,4.95,5,,0,2.4,0.1,3,1,1,1,0.9243333333333333
1,1,6.28,14,1.85,0,52.6,4.8,0,0,1,0,0.05833333333333334
1,0,0.07,41,1.9,0,31.5,2.8,0,0,0,0,0.021833333333333337
1,1,4.89,13,,0,0.0,0.0,0,1,1,1,1.0
1,0,5.85,12,,0,5.6,0.6,3,1,0,1,0.5252619047619048
1,1,4.76,25,0.03,0,22.3,1.9,0,0,0,0,0.0
1,0,0.48,19,0.4,0,21.0,1.3,0,0,0,0,0.32049999999999995
0,0,5.74,19,0.0,0,49.9,1.6,0,0,1,1,0.9633333333333334
1,1,1.3,18,,0,8.5,1.0,0,1,1,1,0.9926666666666667
0,0,1.98,24,,0,123.7,8.3,0,1,1,1,0.8272023809523807
1,1,0.58,24,1.39,0,51.5,5.1,0,0,0,0,0.06726190476190477
0,0,4.81,32,,0,21.7,2.5,0,1,1,1,0.892595238095238
1,0,0.62,12,1.36,0,52.1,5.1,0,0,0,0,0.40776190476190477
1,0,1.76,13,0.0,0,27.8,2.3,0,0,1,1,1.0
0,0,1.04,23,,1,0.0,0.0,0,1,1,1,1.0
1,0,0.64,8,1.33,0,20.9,1.9,0,0,0,0,0.0125
1,0,1.95,36,,0,39.9,1.8,0,1,1,1,0.9275
1,0,2.33,21,,0,8.3,0.7,0,1,1,1,0.995
1,0,5.1,29,0.0,0,103.2,17.1,0,0,1,1,0.9823809523809524
0,0,3.71,0,,0,0.0,0.0,0,1,1,1,1.0
1,1,0.44,23,0.0,3,71.5,163.7,0,0,1,1,0.9475
1,0,3.05,12,0.89,3,10.7,2.7,0,0,0,0,0.015
1,1,2.84,25,0.1,0,81.7,4.2,0,0,0,0,0.07016666666666667
1,0,1.97,30,0.0,0,117.7,9.0,0,0,1,1,0.99625
1,1,5.05,0,,0,1.0,0.1,4,1,1,1,0.9933333333333334
1,0,2.01,23,,1,16.2,1.7,0,1,1,1,1.0
1,0,1.29,22,0.68,0,57.1,6.4,0,0,0,0,0.036
1,1,6.59,17,,1,24.9,0.9,0,1,1,1,0.9067222222222222
1,0,0.1,21,1.87,0,40.1,1.3,0,0,0,0,0.01
1,0,0.71,22,0.0,0,37.5,2.5,0,0,1,1,1.0
1,0,1.7,37,0.0,2,7.9,0.7,0,0,1,1,1.0
1,0,6.16,21,0.43,0,53.4,7.2,0,0,0,0,0.005
1,0,0.85,13,0.15,0,172.1,11.3,0,0,1,0,0.05628571428571429
1,1,4.02,16,1.88,0,121.9,8.4,0,0,0,0,0.038
0,0,3.5,20,,0,28.3,1.8,0,1,1,1,1.0
1,0,2.12,57,,0,32.4,1.9,0,1,1,1,0.8321666666666668
0,0,5.08,19,,0,7.7,0.5,0,1,1,1,0.8924444444444444
0,0,2.27,24,,0,4.5,0.3,0,1,1,1,0.9983333333333334
0,0,3.69,22,,2,4.7,0.2,0,1,1,1,0.995
1,1,0.14,13,1.83,0,26.8,1.6,0,0,0,0,0.014000000000000002
1,0,1.01,22,0.96,0,87.3,3.7,0,0,0,0,0.05333333333333334
1,0,6.08,23,,1,58.9,4.0,0,1,1,1,0.7753928571428572
1,1,6.39,23,1.8,0,115.3,6.7,0,0,0,0,0.0395
1,1,1.88,20,0.1,0,29.8,4.7,0,0,0,0,0.02
1,0,0.92,23,0.0,2,0.0,0.0,0,0,1,1,1.0
1,1,1.93,28,0.02,0,59.7,0.9,0,0,0,0,0.37142460317460313
1,1,1.79,20,0.13,0,175.0,14.0,0,0,0,0,0.07023809523809524
1,0,1.83,11,0.0,0,5.1,0.7,0,0,1,1,0.996
1,0,1.97,25,0.0,0,74.9,3.5,0,0,1,1,1.0
0,0,2.25,14,,0,0.0,0.0,0,1,1,1,1.0
1,1,0.08,12,1.89,1,54.3,3.9,0,0,0,0,0.005
1,0,1.82,13,0.15,0,78.8,3.5,0,0,0,0,0.0025
1,0,0.88,13,0.0,0,9.2,0.7,0,0,1,1,1.0
1,0,1.24,11,0.0,0,17.6,1.2,0,0,1,1,1.0
1,0,8.51,22,0.0,0,10.3,0.6,0,0,1,1,0.967047619047619
1,1,4.44,0,,0,4.9,0.4,7,1,1,1,1.0
1,0,0.0,2,0.0,0,0.0,0.0,0,0,1,1,1.0
1,0,0.78,10,0.0,0,28.7,2.4,0,0,1,1,0.99
1,0,4.42,21,,0,5.6,0.4,0,1,1,1,0.9291666666666666
0,0,0.12,20,1.85,0,35.8,10.0,0,0,0,0,0.11934523809523806
1,1,0.02,0,1.96,0,,,0,0,0,0,0.0
1,0,1.03,14,0.94,0,226.4,10.9,0,0,0,0,0.01
0,0,1.12,24,,1,81.2,11.1,0,1,0,1,0.8249285714285716
1,0,1.98,21,,3,0.0,0.0,0,1,1,1,1.0
1,0,1.0,21,0.0,0,29.5,1.0,0,0,1,1,1.0
1,0,0.66,22,0.76,1,35.9,3.1,0,0,0,0,0.16958333333333336
0,0,3.39,21,,0,58.7,4.7,0,1,0,1,0.7415
1,0,0.25,21,1.72,0,49.5,2.5,0,0,0,0,0.028333333333333332
0,0,4.09,0,,0,0.0,0.0,0,1,1,1,1.0
0,0,2.67,39,,0,32.4,2.9,0,1,1,1,0.9878888888888888
1,0,6.68,24,1.29,0,22.3,2.1,0,0,1,0,0.1832261904761905
1,1,2.65,0,,0,8.3,0.5,0,1,1,1,0.9893333333333332
0,0,2.39,24,,1,0.0,0.0,0,1,1,1,0.998
1,0,0.41,11,0.0,0,11.4,0.4,0,0,1,1,1.0
1,0,6.17,15,,0,0.6,0.1,0,1,1,1,0.8407698412698413
1,0,1.02,20,0.96,0,1.7,0.4,0,0,0,0,0.10242857142857142
1,0,1.52,29,0.0,0,18.1,1.2,0,0,1,1,1.0
1,1,3.77,40,1.15,0,107.6,33.0,0,0,0,0,0.08247222222222224
1,0,4.16,15,1.98,0,66.7,5.5,0,0,0,0,0.15013095238095236
1,0,2.1,14,1.84,0,49.0,2.1,0,0,0,0,0.047619047619047616
1,0,1.04,14,0.93,0,77.8,7.5,0,0,0,0,0.01
1,0,1.1,14,0.87,0,62.7,4.7,0,0,0,0,0.014166666666666666
0,0,3.35,0,,0,2.1,0.2,6,1,1,1,1.0
0,0,4.14,23,,0,20.5,4.5,0,1,1,1,0.9941666666666665
1,1,0.8,22,1.17,0,86.8,39.8,0,0,0,0,0.042333333333333334
1,0,3.23,22,0.56,0,74.4,6.1,0,0,0,0,0.050666666666666665
1,1,2.14,19,1.72,0,156.7,7.8,0,0,0,0,0.051916666666666667
1,1,1.05,53,,0,0.0,0.0,0,1,1,1,1.0
1,1,2.3,0,,0,0.0,0.0,0,1,1,1,1.0
1,0,4.32,19,,0,10.8,3.0,0,1,1,1,0.8888181818181821
1,0,5.24,21,1.82,0,25.2,2.4,0,0,0,0,0.03916666666666666
1,1,5.75,12,0.4,1,14.8,1.9,0,0,0,0,0.067
1,0,0.36,40,0.59,0,99.4,2.5,0,0,0,0,0.08092857142857143
1,1,1.48,12,0.44,2,16.4,0.8,0,0,0,0,0.1297380952380952
1,1,1.35,20,1.74,0,76.7,4.6,0,0,0,0,0.28386904761904763
1,0,2.02,14,,1,6.1,0.8,0,1,1,1,0.9719047619047619
1,0,2.14,13,,0,0.0,0.0,0,1,1,1,0.998
1,1,0.18,15,1.8,0,74.9,3.6,0,0,0,0,0.003333333333333333
1,0,2.84,22,1.09,1,26.4,1.6,0,0,0,0,0.007083333333333333
0,0,2.39,21,,0,1.0,0.1,0,1,1,1,0.9493333333333334
1,0,0.32,33,0.0,0,45.3,2.2,0,0,1,1,0.9650833333333334
1,0,0.27,16,0.87,0,44.4,2.4,0,0,1,0,0.18261111111111109
1,0,2.41,20,0.76,0,37.9,6.0,0,0,0,0,0.12113095238095237
1,1,3.92,9,1.96,0,63.5,2.3,0,0,1,0,0.29441269841269846
0,0,1.23,0,1.47,2,0.0,0.0,6,0,1,1,1.0
1,0,6.39,12,1.04,1,40.8,3.7,0,0,0,0,0.014583333333333332
1,0,0.95,14,1.02,0,36.8,1.6,0,0,0,0,0.012
1,1,6.62,8,1.4,0,2.1,0.1,0,0,0,0,0.02375
1,0,1.81,21,0.16,0,57.7,2.2,0,0,0,0,0.031190476190476185
1,0,1.97,12,0.0,0,64.0,3.0,0,0,1,1,0.9975
1,0,2.02,17,,0,0.0,0.0,0,1,1,1,1.0
1,0,3.59,21,0.0,0,56.6,3.8,0,0,1,1,1.0
1,0,2.34,0,,0,0.0,0.0,0,1,1,1,1.0
1,0,0.52,41,1.45,0,80.0,6.0,0,0,0,0,0.06339285714285714
1,1,0.6,0,,1,0.0,0.0,2,1,1,1,1.0
1,0,1.72,15,0.25,0,164.3,16.2,0,0,0,0,0.16665079365079363
1,1,5.11,26,0.32,0,107.5,7.8,0,0,0,0,0.10815476190476192
1,0,1.97,14,1.97,0,84.3,7.5,0,0,0,0,0.03166666666666666
1,0,0.8,13,0.0,0,60.7,3.3,0,0,1,1,1.0
1,0,0.28,26,0.7,1,59.2,5.3,0,0,0,0,0.06916666666666667
1,0,3.32,21,1.62,0,63.9,4.4,0,0,0,0,0.12833333333333333
1,1,10.04,14,1.55,0,81.5,3.0,1,0,0,0,0.13557142857142856
1,1,6.3,17,0.0,0,69.3,8.9,0,0,1,1,0.9621666666666667
1,0,0.11,31,1.86,0,24.4,2.3,0,0,0,0,0.016833333333333332
1,1,7.22,15,1.17,0,61.5,5.0,0,0,0,0,0.017777777777777778
0,0,0.75,21,0.0,8,0.0,0.0,0,0,1,1,1.0
1,1,0.17,14,1.81,0,14.7,5.7,0,0,0,0,0.015146825396825396
1,0,0.64,16,1.33,0,43.4,1.7,0,0,0,0,0.3208571428571429
1,1,10.08,25,0.04,0,4.5,0.4,0,0,0,0,0.18357142857142858
0,0,1.53,19,0.0,0,0.0,0.0,0,0,1,1,1.0
1,1,0.6,15,1.38,0,55.7,3.0,0,0,0,0,0.0
1,0,2.33,26,0.0,0,43.8,1.6,0,0,1,1,0.9814285714285714
0,0,0.6,19,,0,0.9,0.1,0,1,1,1,0.991
1,0,5.25,21,0.0,0,11.7,2.5,0,0,1,1,0.99875
1,0,1.99,21,,0,11.5,0.5,0,1,1,1,0.998
0,0,3.01,10,,0,4.1,0.6,6,1,1,1,1.0
1,0,2.76,23,,0,6.8,0.7,0,1,1,1,1.0
1,0,0.11,14,0.0,0,0.0,0.0,0,0,1,1,1.0
1,0,2.46,20,1.13,0,63.3,3.3,0,0,0,0,0.07277777777777777
1,0,0.0,0,1.97,0,,,0,0,0,0,0.0
1,1,1.98,22,,0,11.9,0.5,0,1,1,1,1.0
1,1,4.04,16,0.63,0,53.8,2.6,0,0,0,0,0.20004761904761903
1,1,3.79,15,1.12,0,8.0,0.8,0,0,0,0,0.09325
1,1,0.25,25,1.72,0,60.4,4.8,0,0,0,0,0.07694444444444444
1,1,7.1,16,1.88,0,21.9,4.1,0,0,0,0,0.024785714285714282
1,1,3.11,12,0.84,0,71.1,13.4,0,0,0,0,0.22953174603174603
1,1,0.95,21,0.0,0,97.6,6.3,0,0,1,1,0.9966666666666666
1,0,0.95,14,1.03,0,16.5,1.4,0,0,0,0,0.0
1,1,1.37,6,,0,2.9,0.2,0,1,1,1,0.9364880952380953
1,0,2.31,0,,0,13.1,0.6,1,1,1,1,0.969404761904762
1,1,1.68,19,0.56,0,40.3,4.0,0,0,0,0,0.3048412698412699
1,0,1.03,21,,0,4.8,0.9,0,1,1,1,0.9821428571428571
1,0,0.01,0,0.0,0,0.0,0.0,0,0,1,1,1.0
0,0,1.22,0,,0,3.4,0.4,7,1,1,1,0.99
1,1,7.04,25,0.15,0,39.9,2.9,0,0,0,0,0.016666666666666666
1,0,0.9,23,,0,12.2,0.7,0,1,1,1,1.0
1,0,1.98,0,,0,0.0,0.0,6,1,1,1,1.0
1,1,2.05,21,,0,0.0,0.0,0,1,1,1,1.0
0,0,1.24,23,,0,0.0,0.0,0,1,1,1,1.0
1,1,2.76,15,1.16,0,36.9,3.6,0,0,0,0,0.14508333333333331
1,1,0.4,21,1.1,0,78.9,6.3,0,0,1,0,0.25026190476190474
1,0,1.87,15,0.0,0,6.3,0.7,0,0,1,1,1.0
1,1,2.51,27,,0,12.7,1.2,0,1,1,1,0.9725
1,1,5.19,0,,0,0.0,0.0,0,1,1,1,0.9866666666666666
1,0,6.75,0,,0,0.8,0.1,3,1,1,1,0.8088333333333334
1,0,7.0,22,0.0,0,64.0,4.7,0,0,0,1,0.9784444444444443
1,0,0.44,12,1.78,0,25.9,1.0,0,0,0,0,0.17723809523809525
1,0,1.47,29,0.44,0,73.7,4.5,0,0,0,0,0.12710317460317458
1,0,6.85,24,,0,20.6,2.4,0,1,0,0,0.28840476190476194
1,1,1.14,15,1.42,0,9.2,0.4,0,0,1,0,0.22142857142857142
1,0,3.38,0,,0,5.1,0.3,3,1,1,1,0.9975
1,1,6.2,10,,0,0.0,0.0,0,1,1,1,1.0
1,0,2.13,17,,0,34.6,2.1,0,1,1,1,0.9416666666666668
0,0,0.02,0,1.95,0,,,0,0,0,0,0.0
1,0,0.38,28,,0,4.4,0.6,0,1,1,1,0.9695238095238095
1,0,1.82,13,0.11,0,70.6,6.8,0,0,0,0,0.04442857142857143
0,0,1.96,16,0.0,0,0.0,0.0,0,0,1,1,1.0
1,1,8.96,10,1.27,2,11.3,0.8,0,0,0,0,0.014857142857142857
1,0,8.01,0,,0,0.0,0.0,0,1,1,1,1.0
1,0,1.97,24,0.0,0,4.3,0.6,0,0,1,1,1.0
1,1,8.02,19,1.64,1,61.4,3.5,0,0,0,0,0.10833333333333332
1,0,3.04,21,,0,11.8,1.2,0,1,1,1,1.0
1,1,1.95,20,1.97,0,161.1,7.7,0,0,0,0,0.0800079365079365
1,1,0.01,4,1.96,0,1.7,0.5,0,0,1,1,0.8374285714285713
1,0,4.07,22,0.0,0,32.5,2.4,0,0,1,1,0.9885714285714287
1,0,5.94,21,0.13,1,96.6,26.2,0,0,0,0,0.027333333333333334
1,0,5.25,22,,0,56.6,3.4,0,1,1,1,0.9221666666666667
1,1,2.65,24,0.0,0,71.6,1.9,0,0,1,1,0.9875
1,1,5.86,12,0.5,0,52.9,4.4,0,0,0,0,0.0175
1,0,5.06,30,0.0,2,33.6,3.2,0,0,1,1,0.9838095238095238
1,1,1.42,12,0.56,0,94.0,4.2,0,0,0,0,0.03
1,0,2.96,12,0.97,0,35.6,2.5,0,0,0,0,0.0
0,0,1.27,24,0.0,0,14.2,1.6,0,0,1,1,1.0
0,0,2.79,0,,0,2.6,0.2,0,1,1,1,0.9854999999999999
1,0,3.0,19,1.92,0,50.0,3.3,0,0,0,0,0.0800952380952381
1,0,1.02,22,0.95,0,45.1,3.0,0,0,0,0,0.021095238095238097
1,1,0.95,24,1.03,0,54.9,3.2,0,0,0,0,0.059678571428571435
0,0,2.43,0,,0,0.0,0.0,6,1,1,1,1.0
0,0,1.39,0,,0,0.0,0.0,0,1,1,1,1.0
1,1,2.4,10,1.58,0,78.5,9.2,0,0,0,0,0.11599999999999999
1,1,4.82,29,1.07,0,140.1,13.2,0,0,1,0,0.2411547619047619
1,0,1.04,14,0.93,0,28.3,1.3,0,0,0,0,0.0175
1,0,3.55,9,0.37,0,30.8,2.1,0,0,0,1,0.5575
1,0,0.36,14,1.14,0,16.0,3.8,0,0,0,0,0.13161111111111115
1,0,5.95,20,0.0,0,26.8,1.9,0,0,1,1,0.9975
1,0,1.03,14,0.94,0,42.3,3.8,0,0,0,0,0.014333333333333333
1,1,1.25,111,0.73,4,279.5,14.2,0,0,0,0,0.14575
1,1,3.33,22,0.87,0,135.3,6.9,0,0,0,0,0.05125
1,0,4.23,18,,0,12.7,1.2,0,1,1,1,0.966
1,1,6.97,15,1.31,0,121.6,13.6,0,0,0,0,0.008333333333333333
1,0,6.39,24,,0,6.8,0.8,0,1,0,1,0.5328809523809523
0,0,2.76,23,0.6,0,0.0,0.0,0,0,1,1,1.0
1,1,2.93,13,,0,0.0,0.0,0,1,1,1,1.0
1,0,1.9,14,0.05,0,4.8,0.1,0,0,0,0,0.12416666666666668
1,0,5.72,22,0.11,0,1.5,0.2,0,0,0,0,0.020488095238095236
1,0,3.84,13,,0,11.9,1.9,0,1,1,1,0.9538888888888889
1,0,2.05,27,,0,43.6,1.7,0,1,1,1,0.9228095238095239
1,1,7.33,0,,0,0.0,0.0,0,1,1,1,1.0
1,1,3.94,20,0.01,0,61.0,1.7,0,0,0,0,0.02033333333333333
1,1,2.69,15,1.24,0,34.9,4.9,0,0,0,0,0.004
1,1,3.97,22,,0,25.1,1.3,0,1,0,1,0.7727142857142857
1,0,7.11,21,0.41,0,33.7,1.2,0,0,0,0,0.0025
1,0,1.11,14,0.87,1,44.0,3.0,0,0,0,0,0.029142857142857147
1,0,2.13,16,,0,53.2,14.2,0,1,1,1,0.7656666666666667
1,0,7.68,22,1.1,0,120.7,9.6,0,0,0,0,0.0525
1,1,3.69,12,0.26,0,30.4,1.8,0,0,0,0,0.005333333333333333
1,0,0.71,18,0.0,0,16.4,0.9,0,0,1,1,1.0
0,0,0.35,19,,0,3.6,0.2,0,1,1,1,1.0
1,1,1.98,24,,0,10.3,0.6,0,1,1,1,0.9799999999999999
1,0,8.4,21,0.12,3,10.4,2.0,0,0,0,0,0.03383333333333333
0,0,1.98,23,,0,0.0,0.0,0,1,1,1,1.0
1,0,4.23,32,,0,45.5,3.6,0,1,1,1,0.8555000000000001
1,0,3.97,15,,0,15.6,0.7,0,1,1,1,0.9071944444444443
1,0,4.35,9,,0,57.2,2.2,0,1,1,1,0.8416666666666667
0,0,0.45,35,,1,87.7,7.8,0,1,1,1,0.9458333333333333
1,1,3.44,0,,0,0.0,0.0,0,1,1,1,0.95
1,1,3.3,12,0.56,0,57.5,3.0,0,0,0,0,0.023666666666666666
1,0,3.29,24,,0,3.3,0.2,0,1,1,1,1.0
1,0,2.91,12,1.01,0,27.7,2.2,0,0,0,0,0.0025
1,0,1.93,29,0.22,0,80.9,7.2,0,0,0,0,0.19015873015873017
1,0,1.33,21,0.0,1,6.8,0.3,0,0,1,1,1.0
1,1,0.56,15,1.41,0,99.8,6.4,0,0,0,0,0.004
0,0,0.57,22,,0,13.9,3.0,0,1,1,1,0.98625
1,0,1.72,20,,0,0.0,0.0,1,1,1,1,1.0
1,1,1.38,24,,0,0.0,0.0,0,1,1,1,1.0
1,0,0.73,20,0.0,0,0.0,0.0,0,0,1,1,1.0
1,1,2.35,23,,1,0.0,0.0,0,1,1,1,1.0
1,1,6.58,15,1.08,0,88.2,5.5,0,0,0,0,0.0685
1,1,2.38,23,1.82,0,43.0,2.2,0,0,0,0,0.08866666666666667
1,0,4.36,20,0.7,1,101.0,4.7,0,0,0,0,0.16241666666666668
1,0,3.91,16,0.0,2,56.2,3.6,0,0,1,1,0.9934999999999999
1,0,0.77,8,1.2,0,1.1,0.2,0,0,0,0,0.10583333333333333
1,0,2.2,10,,0,0.0,0.0,0,1,1,1,1.0
1,1,0.71,15,1.26,0,25.6,1.7,0,0,0,0,0.01
1,0,7.63,26,0.42,0,36.0,3.1,0,0,1,0,0.026285714285714287
1,0,2.39,20,,0,14.9,1.2,0,1,1,1,0.9382976190476191
1,0,1.56,21,0.4,0,71.1,3.9,0,0,0,0,0.011666666666666667
1,1,3.67,18,1.83,0,9.9,0.4,0,0,0,0,0.018333333333333333
0,0,5.87,24,,0,12.7,0.8,0,1,1,0,0.3662500000000001
1,0,2.11,18,,0,0.0,0.0,0,1,1,1,0.995
1,1,4.95,20,1.91,0,17.5,1.2,0,0,1,0,0.0225
1,0,1.38,7,,0,42.0,2.2,0,1,1,1,0.7484047619047618
1,1,2.68,20,1.32,0,66.7,3.4,0,0,1,0,0.4123809523809524
0,0,4.07,26,,0,51.5,2.8,0,1,1,1,0.8842380952380953
0,0,2.11,22,,2,0.0,0.0,0,1,1,1,1.0
1,1,3.92,21,,0,73.8,16.7,0,1,1,1,0.7616071428571428
1,0,5.19,20,,0,25.7,2.5,0,1,1,1,0.908579365079365
1,1,7.92,17,1.5,0,206.1,9.5,1,0,0,0,0.11023809523809523
1,0,0.49,16,1.73,0,28.6,3.0,0,0,0,0,0.10285714285714287
1,1,0.56,24,0.95,0,102.6,1.4,0,0,0,0,0.1980317460317461
1,1,2.78,16,1.16,0,146.2,7.3,0,0,1,0,0.3890595238095238
1,1,4.15,23,1.75,1,131.6,8.2,0,0,0,0,0.04133333333333334
1,0,4.72,21,0.27,0,33.2,3.2,0,0,0,0,0.03166666666666667
1,1,6.37,20,0.62,0,28.7,2.2,0,0,0,0,0.1534047619047619
1,1,0.9,23,0.0,0,0.0,0.0,0,0,1,1,1.0
1,1,6.84,10,1.24,0,53.3,3.5,0,0,0,0,0.01
1,0,0.59,14,0.0,1,29.7,1.8,0,0,1,1,1.0
1,0,3.04,21,0.0,1,64.8,3.5,0,0,1,1,0.99
0,0,0.67,51,0.0,6,55.7,13.6,0,0,1,1,0.9520714285714286
1,1,5.9,28,,1,10.1,0.9,0,1,0,1,0.6485833333333335
0,0,0.26,16,0.0,0,70.2,3.4,0,0,1,1,0.9766666666666667
1,1,0.31,20,1.66,0,41.3,3.4,0,0,0,0,0.046
1,1,3.18,18,1.59,0,50.7,2.1,0,0,0,0,0.14150000000000001
1,1,1.29,18,0.0,0,0.0,0.0,0,0,1,1,1.0
0,0,0.52,17,,0,0.0,0.0,0,1,1,1,1.0
1,0,4.36,28,1.5,0,34.6,2.8,0,0,0,0,0.16066666666666665
1,0,2.22,12,,0,0.7,0.1,0,1,1,1,0.9124523809523811
1,1,1.32,17,0.0,0,0.0,0.0,0,0,1,1,1.0
0,0,0.56,25,0.39,1,130.0,5.1,0,0,0,0,0.0515952380952381
1,1,4.38,54,0.46,1,215.4,7.4,0,0,0,0,0.09917857142857142
1,1,7.07,20,0.0,0,54.1,1.6,0,0,1,1,0.952654761904762
1,0,0.46,16,0.0,0,20.1,0.7,0,0,1,1,1.0
1,0,5.93,20,0.98,0,69.8,5.0,0,0,0,0,0.03175
0,0,1.07,21,,0,11.3,1.1,0,1,1,1,1.0
1,1,3.2,16,1.65,0,112.3,4.2,0,0,0,0,0.08964285714285715
1,0,2.79,22,,0,9.2,0.5,0,1,1,1,0.9933333333333333
1,1,1.58,12,0.39,0,34.7,4.2,0,0,0,0,0.0165
1,1,1.92,221,0.3,0,58.3,148.4,0,0,0,0,0.20821428571428569
1,0,2.1,20,,0,15.8,1.0,0,1,1,1,0.9815952380952381
1,0,3.19,12,0.76,0,1.4,0.2,0,0,0,0,0.03678571428571428
1,0,0.09,29,0.73,0,16.5,1.2,0,0,0,0,0.15916666666666665
0,0,2.44,0,,0,0.0,0.0,1,1,1,1,0.995
1,1,3.62,15,1.28,0,66.9,5.4,0,0,0,0,0.01
1,1,2.07,18,1.87,0,26.4,2.4,0,0,0,0,0.029777777777777778
1,0,0.84,49,1.13,2,102.8,18.7,0,0,0,0,0.18007539682539683
1,1,0.15,20,1.82,0,59.7,9.3,0,0,0,0,0.00857142857142857
1,0,0.79,12,0.0,0,112.5,4.7,0,0,1,1,1.0
1,1,2.51,22,0.0,0,60.7,4.5,0,0,1,1,0.98
1,0,1.23,28,0.99,0,44.1,3.8,0,0,0,0,0.07150000000000001
1,1,0.3,11,1.68,0,62.1,3.8,0,0,0,0,0.19758333333333333
1,1,2.71,15,1.21,0,60.4,2.1,0,0,0,0,0.06565476190476191
1,1,0.9,21,0.0,0,0.0,0.0,0,0,1,1,1.0
1,1,0.6,22,1.38,1,65.7,5.2,0,0,0,0,0.013000000000000001
1,1,5.18,21,0.0,0,11.5,0.5,0,0,1,1,0.9775
1,1,0.23,14,1.74,0,102.2,2.8,0,0,0,0,0.08311904761904762
1,0,2.59,22,,1,0.0,0.0,0,1,1,1,1.0
0,0,0.38,21,,0,0.0,0.0,0,1,1,1,1.0
1,1,6.91,26,1.88,0,23.2,1.3,0,0,0,0,0.027000000000000003
1,1,2.62,10,0.0,0,26.0,1.3,0,0,1,1,1.0
0,0,1.45,0,0.01,0,0.0,0.0,6,0,1,1,1.0
1,0,0.88,20,0.0,0,53.2,3.0,0,0,1,1,1.0
1,1,1.41,20,0.5,0,66.6,4.4,0,0,0,0,0.19819047619047622
0,0,5.02,10,,1,9.3,2.5,6,1,1,1,0.8657857142857143
1,0,6.66,11,,3,12.6,1.8,7,1,1,1,0.8084805194805195
1,0,0.56,20,,0,4.9,0.2,0,1,1,1,1.0
1,1,2.64,10,1.09,0,17.6,1.4,0,0,0,0,0.05295238095238096
1,0,0.08,12,1.9,0,17.8,1.3,0,0,0,0,0.002
1,0,1.45,22,0.59,0,27.5,1.6,0,0,0,0,0.20511904761904762
1,1,2.11,0,,0,0.0,0.0,0,1,1,1,1.0
1,0,5.82,21,0.13,1,59.0,4.3,0,0,0,0,0.0
1,0,0.0,0,1.97,0,,,0,0,0,0,0.0
0,0,2.45,23,,1,0.0,0.0,0,1,1,1,1.0
1,0,8.5,22,0.05,0,102.1,7.4,0,0,0,0,0.022857142857142857
1,0,3.45,24,,0,32.3,2.1,0,1,1,1,0.9223888888888888
1,0,1.3,14,0.67,0,37.7,2.7,0,0,0,0,0.09633333333333333
1,1,1.39,2,0.0,0,0.0,0.0,0,0,1,1,1.0
1,1,0.26,24,1.72,0,39.3,2.3,0,0,0,0,0.011666666666666667
0,0,3.26,52,0.66,0,67.4,41.4,0,0,0,0,0.18208333333333335
1,0,6.44,8,,0,9.3,0.8,6,1,1,1,0.7909999999999999
1,0,2.09,3,0.13,0,0.0,0.0,0,0,1,1,0.9883333333333333
1,0,0.65,14,1.05,0,0.0,0.0,0,0,1,1,0.9940000000000001
1,1,2.63,22,1.97,0,39.7,1.9,0,0,0,0,0.06516666666666666
0,0,0.66,16,,1,0.0,0.0,0,1,1,1,1.0
1,1,4.58,19,,0,4.2,0.6,0,1,1,1,0.9491666666666667
1,1,1.03,19,0.95,0,31.5,4.2,0,0,1,0,0.2669837662337662
1,0,0.21,10,0.04,0,19.3,0.7,0,0,0,0,0.48922619047619054
1,1,0.58,16,1.4,0,62.4,4.6,0,0,1,0,0.24047619047619048
0,0,0.89,11,0.0,0,32.9,3.4,0,0,1,1,1.0
1,0,3.18,23,,0,10.6,1.2,0,1,1,1,0.9816666666666667
1,0,4.12,39,,0,23.3,2.2,0,1,1,1,0.7455714285714286
0,0,1.73,22,0.0,0,0.0,0.0,0,0,1,1,1.0
1,0,2.2,39,,1,45.7,6.5,0,1,1,1,0.9155238095238096
1,1,5.92,14,0.0,1,70.5,7.0,0,0,1,1,0.9463571428571429
0,0,7.14,24,,0,22.4,2.7,0,1,0,0,0.2231547619047619
1,1,4.69,10,1.2,0,57.6,2.0,0,0,0,0,0.026666666666666665
0,0,3.01,33,,0,34.0,6.7,0,1,1,1,0.8043888888888887
1,1,1.76,12,0.17,1,95.3,5.1,0,0,0,0,0.04883333333333334
1,1,3.93,4,0.0,0,0.0,0.0,0,0,1,1,1.0
1,0,4.87,39,0.03,0,203.3,7.2,0,0,0,0,0.1405714285714286
1,0,0.55,19,1.43,2,25.8,11.0,0,0,0,0,0.31598809523809523
1,0,3.35,73,,4,0.0,0.0,0,1,1,1,0.985
1,0,0.04,0,0.0,0,0.0,0.0,0,0,1,1,1.0
1,1,4.04,23,1.35,0,65.5,6.0,0,0,0,0,0.13888888888888887
1,1,0.56,23,0.0,0,114.0,9.9,0,0,1,1,1.0
0,0,4.04,23,,1,2.2,0.4,0,1,1,1,0.9660714285714285
0,0,0.63,14,0.0,1,0.0,0.0,0,0,1,1,1.0
1,1,2.9,0,,0,1.4,0.1,2,1,1,1,0.98
1,1,2.55,23,,0,16.7,1.3,0,1,1,1,0.9826666666666667
1,1,3.64,12,0.26,0,6.3,0.8,0,0,0,0,0.049833333333333334
1,0,2.9,12,1.03,0,28.7,2.9,0,0,0,0,0.0
1,1,5.76,24,,0,8.8,1.1,0,1,1,1,0.5584642857142857
1,1,6.03,0,,0,0.0,0.0,0,1,1,1,1.0
1,0,2.13,19,,0,14.8,0.6,0,1,1,1,0.9494285714285714
1,0,0.61,26,0.0,0,52.8,1.4,0,0,1,1,1.0
1,1,3.07,46,1.87,1,81.4,4.8,0,0,0,0,0.1833809523809524
1,0,1.99,26,,0,18.3,0.9,0,1,1,1,0.9748333333333333
1,0,3.79,21,,0,36.7,2.3,0,1,1,1,0.9263333333333335
1,0,3.75,17,0.0,0,29.9,1.8,0,0,1,1,1.0
1,0,5.03,18,0.0,0,60.9,2.4,0,0,1,1,0.9937142857142857
1,1,1.47,17,1.59,0,42.8,3.4,0,0,0,0,0.16636111111111113
1,1,3.95,20,,0,102.7,8.7,0,1,1,1,0.5049126984126984
1,1,4.14,23,1.88,0,41.9,2.6,0,0,0,0,0.009000000000000001
1,0,2.3,11,0.0,0,61.6,6.3,0,0,1,1,0.9928571428571428
1,0,1.58,21,0.0,0,17.7,1.3,0,0,1,1,1.0
1,0,0.69,8,1.28,0,100.9,7.8,0,0,0,0,0.02166666666666667
1,0,3.54,0,,0,2.0,0.1,5,1,1,1,1.0
1,0,2.46,25,,0,31.4,1.9,0,1,1,1,0.98
0,0,1.06,32,,0,2.2,0.2,0,1,1,1,1.0
1,0,0.07,16,0.0,0,0.0,0.0,0,0,1,1,1.0
1,1,0.55,15,1.42,1,35.2,5.9,0,0,0,0,0.003333333333333333
1,0,0.57,8,1.4,0,130.7,27.8,0,0,0,0,0.1553809523809524
1,0,1.06,20,1.39,0,86.0,7.5,0,0,0,0,0.11016666666666668
1,0,0.51,17,1.46,0,11.8,0.4,0,0,1,0,0.41285714285714287
0,0,1.3,24,0.0,1,0.0,0.0,0,0,1,1,1.0
1,0,0.38,17,1.59,0,43.3,2.0,0,0,0,0,0.15520634920634924
0,0,0.12,20,1.86,0,15.1,1.8,0,0,0,0,0.19988095238095233
0,0,1.09,23,,0,73.0,2.4,0,1,1,1,0.9349404761904762
1,1,0.23,21,1.39,0,28.1,1.5,0,0,0,0,0.1085952380952381
1,1,1.41,15,1.23,0,41.5,1.3,0,0,0,0,0.18888888888888886
1,0,2.56,22,1.3,0,90.1,5.3,0,0,0,0,0.02583333333333333
1,0,1.98,30,,0,0.0,0.0,0,1,1,1,1.0
1,0,1.57,13,0.4,0,26.7,0.7,0,0,0,0,0.06527777777777778
1,1,3.76,12,0.34,0,54.5,5.1,0,0,0,0,0.005
0,0,2.16,25,0.0,0,52.1,2.4,0,0,1,1,1.0
1,0,0.46,11,1.31,0,7.0,1.5,0,0,0,0,0.2961349206349207
1,0,1.97,30,0.0,0,17.7,1.6,0,0,1,1,1.0
1,0,1.95,0,,0,0.0,0.0,0,1,1,1,1.0
1,1,10.71,24,1.32,1,82.7,5.4,0,0,0,0,0.14517460317460318
1,0,1.66,13,0.27,0,46.6,2.3,0,0,0,0,0.05483333333333333
1,1,3.02,16,1.49,1,50.0,4.9,0,0,0,0,0.16411904761904764
1,1,3.81,10,1.44,0,3.5,0.3,0,0,0,0,0.02166666666666667
1,0,0.99,21,,1,18.8,2.0,0,1,1,1,0.9908333333333332
1,0,0.35,20,0.0,0,0.0,0.0,0,0,1,1,1.0
1,1,0.1,13,2.12,0,5.9,13.6,0,0,0,0,0.1181111111111111
0,0,1.67,0,0.0,0,0.0,0.0,0,0,1,1,1.0
1,0,1.12,20,0.85,0,22.4,2.7,0,0,0,0,0.0
1,0,1.77,24,0.0,0,27.7,1.2,0,0,1,1,1.0
0,0,1.93,10,0.0,0,0.0,0.0,0,0,1,1,0.99
0,0,0.86,0,,0,0.0,0.0,0,1,1,1,1.0
1,1,0.83,18,,0,21.1,0.9,0,1,1,1,0.8673333333333333
1,0,0.24,24,,0,109.2,17.4,0,1,1,1,0.6607738095238096
1,0,4.05,37,,0,14.1,8.2,0,1,1,1,0.763690476190476
1,0,1.12,15,,0,1.3,0.1,0,1,1,1,0.9901666666666666
0,0,6.08,18,,0,8.1,0.6,0,1,1,1,0.9844444444444442
1,0,5.22,23,,0,12.5,1.0,0,1,1,1,0.9140714285714285
1,0,1.97,14,0.0,0,31.9,3.5,0,0,1,1,1.0
1,0,4.21,25,,0,54.6,3.9,0,1,1,1,0.84675
1,1,1.31,20,,0,88.9,4.7,0,1,0,1,0.7656626984126984
1,0,1.08,14,0.89,0,35.3,3.9,0,0,0,0,0.006666666666666666
1,0,0.95,18,,0,12.7,0.8,0,1,1,1,0.9266666666666667
1,0,1.78,24,,0,4.9,0.2,0,1,1,1,1.0
1,0,1.82,12,0.0,2,62.5,6.3,0,0,1,1,0.9903571428571429
1,1,6.29,12,0.19,1,39.2,1.7,0,0,0,0,0.025666666666666664
0,0,6.85,12,,0,0.5,0.1,0,1,0,1,0.5792777777777778
1,1,5.55,17,,0,0.0,0.0,0,1,1,1,0.9975
1,1,6.93,17,1.93,0,20.0,0.8,0,0,0,0,0.03233333333333333
1,0,2.28,0,0.0,0,0.6,0.0,0,0,1,1,0.9833333333333333
1,1,3.65,12,0.26,0,165.0,6.5,0,0,0,0,0.035666666666666666
0,0,0.43,17,,0,0.0,0.0,0,1,1,1,1.0
1,1,3.99,19,,0,60.3,8.9,0,1,1,1,0.6548214285714287
0,0,2.88,21,,2,17.2,1.1,0,1,1,1,0.9933333333333334
1,0,7.25,22,1.09,0,42.9,3.1,0,0,0,0,0.05988888888888889
1,0,1.72,6,,0,108.9,4.7,0,1,1,1,0.7859880952380953
0,0,1.53,37,,0,95.0,5.0,0,1,1,1,0.8196785714285714
1,0,3.13,30,0.82,1,168.1,9.7,0,0,0,0,0.05126190476190476
1,1,2.0,14,0.0,0,0.0,0.0,0,0,1,1,1.0
1,1,0.47,28,1.5,0,64.6,3.8,0,0,0,0,0.06716666666666667
1,0,4.32,20,,0,3.4,0.2,0,1,1,1,0.9674285714285715
1,1,3.55,37,,1,213.3,10.4,2,1,1,1,0.5419484126984127
1,0,1.38,16,0.0,0,19.2,1.4,0,0,1,1,1.0
1,1,2.36,20,1.59,0,10.7,0.8,0,0,0,0,0.12546428571428572
0,0,2.64,24,,0,9.6,0.5,0,1,1,1,0.9691904761904762
1,1,2.15,21,,0,37.4,4.8,0,1,1,1,0.9116666666666667
0,0,1.97,36,0.0,0,5.0,0.5,0,0,1,1,1.0
1,1,1.74,44,,0,29.9,1.1,0,1,1,1,0.8364642857142855
1,1,0.3,16,0.0,0,70.8,5.5,0,0,1,1,1.0
0,0,0.0,0,0.47,0,0.0,0.0,0,0,1,1,0.9975
1,0,0.43,17,0.0,0,15.2,0.9,0,0,1,1,1.0
1,1,1.1,28,1.12,0,119.5,4.7,0,0,0,0,0.03785714285714285
1,0,1.75,10,0.0,0,6.6,0.9,0,0,1,1,0.95
0,0,0.28,20,1.69,1,0.0,0.0,0,0,1,1,1.0
0,0,0.88,21,,0,10.3,0.7,0,1,1,1,1.0
1,1,1.02,22,0.95,0,36.8,1.8,0,0,0,0,0.035
1,0,1.71,13,0.21,1,37.2,6.6,0,0,0,0,0.04833333333333334
1,0,2.94,22,0.0,0,28.9,1.8,0,0,1,1,0.9699880952380953
1,0,4.73,20,1.42,0,49.8,4.9,0,0,0,0,0.0175
1,1,2.35,30,,0,36.1,1.6,0,1,1,1,0.8731666666666665
1,0,0.98,10,0.0,0,89.6,12.3,0,0,1,1,0.98
0,0,0.99,26,0.0,0,36.3,3.0,0,0,1,1,0.9841666666666667
1,0,1.32,27,,0,58.8,5.9,0,1,1,1,0.9480000000000001
1,1,1.27,14,0.7,0,7.7,0.7,0,0,0,0,0.27492857142857147
1,0,7.23,33,0.0,0,93.5,5.4,0,0,1,1,0.99
1,0,0.02,0,0.61,0,,,0,0,0,0,0.015
1,0,5.83,22,0.58,1,45.3,4.8,0,0,0,0,0.09030952380952381
1,0,1.23,14,0.74,0,36.2,2.1,0,0,0,0,0.017
1,1,2.56,11,1.5,1,54.6,7.8,0,0,1,0,0.21366666666666664
1,0,5.16,22,1.1,0,65.8,4.8,0,0,0,0,0.035500000000000004
1,1,5.82,21,0.21,0,58.6,4.6,0,0,0,0,0.0
1,1,7.07,15,0.0,0,31.2,2.9,0,0,1,1,0.9388333333333333
1,1,1.83,12,0.11,0,5.5,1.2,0,0,0,0,0.1901904761904762
1,1,2.17,24,1.19,0,225.2,8.9,0,0,0,0,0.0887142857142857
1,1,8.05,0,,0,0.0,0.0,0,1,1,1,0.9971428571428572
1,0,3.01,0,,0,0.4,0.0,1,1,1,1,0.995
1,1,4.2,28,0.02,0,385.9,45.3,0,0,0,0,0.045
0,0,0.93,80,0.06,0,254.6,6.8,0,0,0,0,0.13649999999999998
0,0,0.39,32,1.58,3,89.8,6.4,0,0,0,0,0.1312857142857143
1,0,8.04,22,0.78,0,9.6,3.7,0,0,0,0,0.04333333333333333
1,0,0.87,14,1.1,0,50.7,3.1,0,0,0,0,0.013999999999999999
1,0,3.17,20,0.76,0,89.7,15.1,0,0,0,0,0.02571428571428571
1,0,1.07,26,0.0,0,33.0,1.9,0,0,1,1,1.0
1,0,6.24,22,0.69,0,136.5,7.7,0,0,0,0,0.015
1,0,0.55,31,0.0,0,33.2,3.2,0,0,1,1,1.0
0,0,5.36,33,,0,39.0,9.0,0,1,0,1,0.664268759018759
1,0,0.09,9,0.0,0,3.3,0.1,0,0,1,1,1.0
1,0,3.74,21,0.39,0,24.6,0.9,0,0,0,0,0.0
0,0,0.33,34,1.64,0,91.3,5.3,0,0,0,0,0.005
1,1,1.63,37,0.34,0,49.0,11.0,0,0,0,0,0.07029292929292928
1,0,3.59,22,,0,38.2,2.0,0,1,1,1,0.9631666666666666
0,0,0.67,51,,0,0.0,0.0,0,1,1,1,1.0
1,0,2.32,22,,0,4.4,0.5,0,1,1,1,0.9975
0,0,0.2,17,0.0,1,40.6,3.3,0,0,1,1,0.99
0,0,4.48,29,,0,49.3,5.5,0,1,1,1,0.841154761904762
0,0,1.99,23,,0,0.0,0.0,0,1,1,1,1.0
1,1,1.08,16,0.97,0,61.2,4.3,0,0,0,0,0.38475757575757574
1,0,0.27,12,0.58,0,9.3,0.3,0,0,1,0,0.21382142857142855
0,0,2.0,24,,0,9.0,0.5,0,1,1,1,0.97
1,1,1.39,6,0.53,0,21.1,1.6,0,0,0,0,0.22959523809523805
1,0,2.87,11,,0,0.0,0.0,0,1,1,1,1.0
1,1,6.53,20,0.38,0,146.4,10.2,0,0,0,0,0.0045000000000000005
1,0,1.15,87,0.0,0,116.0,18.1,0,0,1,1,0.99
1,0,5.33,22,1.0,0,15.3,1.3,0,0,0,0,0.004
1,0,0.91,20,1.06,0,159.7,7.1,0,0,0,0,0.016666666666666666
1,0,1.13,14,0.84,1,53.9,2.8,0,0,0,0,0.005
1,0,3.12,30,0.8,0,47.3,2.1,0,0,0,0,0.044333333333333336
1,1,0.35,17,1.62,0,14.9,1.7,0,0,0,0,0.01977777777777778
1,0,3.32,23,,0,276.2,9.2,0,1,0,1,0.6584047619047618
1,0,1.21,14,0.76,0,40.4,4.2,0,0,0,0,0.01042857142857143
1,1,2.17,17,1.75,0,200.9,15.6,0,0,0,0,0.0
0,0,2.73,32,,0,30.9,1.9,0,1,0,1,0.8908333333333333
1,0,2.28,24,,0,1.4,0.1,0,1,1,1,0.995
1,0,1.0,17,0.0,0,6.2,0.6,0,0,1,1,1.0
0,0,1.09,13,,0,3.8,0.2,0,1,1,1,0.9793095238095237
1,0,1.59,15,0.38,0,33.9,3.2,0,0,0,0,0.3685793650793652
1,0,2.43,16,0.0,0,17.5,1.1,0,0,1,1,1.0
1,0,0.05,8,1.92,0,14.2,1.4,0,0,0,0,0.01575
1,1,0.75,24,0.0,0,41.5,2.5,0,0,1,1,0.9866666666666667
1,0,4.78,21,,0,11.7,1.2,0,1,1,1,0.9356666666666666
1,0,2.7,18,,0,5.1,0.5,0,1,1,1,0.9832142857142857
1,0,0.0,0,1.97,0,,,0,0,0,0,0.0
1,0,4.37,18,1.67,0,250.0,9.6,0,0,0,0,0.11736111111111112
0,0,0.05,0,,0,71.9,10.0,0,1,1,1,0.767484126984127
1,1,4.74,21,0.14,0,5.3,0.6,0,0,0,0,0.0
1,0,0.74,22,0.07,0,6.6,0.6,0,0,0,0,0.2459325396825397
1,0,1.12,20,0.86,0,32.1,1.4,0,0,0,0,0.018166666666666668
1,1,0.92,22,1.05,0,39.5,3.9,0,0,0,0,0.04091666666666667
1,1,0.28,13,1.69,0,34.5,7.9,0,0,0,0,0.06533333333333334
1,1,4.05,27,1.88,0,199.1,19.0,0,0,0,0,0.005833333333333333
1,0,1.12,14,0.86,0,131.8,18.9,0,0,0,0,0.004166666666666667
0,0,0.48,25,1.49,0,18.0,7.1,0,0,0,0,0.14905555555555555
1,1,2.85,22,,0,4.3,0.3,0,1,1,1,0.9895833333333335
1,0,2.17,23,,0,15.5,1.3,0,1,1,1,1.0
0,0,0.31,0,0.0,0,0.0,0.0,2,0,1,1,1.0
1,0,1.67,13,0.22,0,9.9,0.5,0,0,0,0,0.006666666666666666
1,1,3.52,12,0.39,2,111.3,5.0,0,0,0,0,0.02283333333333333
1,1,1.44,33,0.0,0,18.9,3.0,0,0,1,1,0.9966666666666667
1,1,1.38,29,1.97,0,174.8,10.0,0,0,0,0,0.06788095238095238
1,1,1.95,24,0.07,0,173.4,7.0,0,0,0,0,0.15892857142857145
1,0,1.98,21,,0,5.2,1.2,0,1,1,1,1.0
1,1,1.98,24,,3,0.0,0.0,0,1,1,1,1.0
0,0,3.62,32,,0,49.8,2.6,0,1,1,1,0.7388333333333335
0,0,2.12,18,,0,13.0,0.9,0,1,1,1,0.996
1,1,0.59,15,1.38,0,47.2,4.4,0,0,0,0,0.01069047619047619
1,1,1.68,37,0.23,2,256.4,11.4,0,0,0,0,0.07858333333333334
1,0,2.83,33,,0,65.6,5.4,0,1,1,1,0.803531746031746
0,0,2.52,0,,0,0.0,0.0,0,1,1,1,1.0
1,0,3.08,12,0.86,0,54.5,4.6,0,0,0,0,0.0
1,0,1.04,20,0.93,0,94.3,4.1,0,0,0,0,0.012083333333333333
1,0,8.6,19,0.88,0,15.6,1.5,0,0,0,0,0.29248412698412696
1,0,2.84,22,0.0,0,41.6,1.8,0,0,1,1,0.9360119047619047
1,0,1.23,22,0.74,0,44.5,3.6,0,0,0,0,0.023333333333333334
1,0,1.98,20,,0,0.1,0.0,0,1,1,1,0.996
1,1,0.91,15,0.61,0,50.3,3.3,0,0,0,0,0.41201190476190475
1,0,0.34,12,0.44,1,37.3,5.9,0,0,0,0,0.25775396825396824
1,0,3.8,10,,0,4.1,0.5,7,1,1,1,0.9857142857142857
1,0,1.35,21,0.0,1,0.2,0.0,0,0,1,1,1.0
0,0,2.98,12,,0,0.0,0.0,0,1,1,1,1.0
1,0,0.29,3,0.02,0,44.6,2.3,0,0,1,1,0.6831428571428572
1,0,5.22,14,,0,34.1,2.5,0,1,1,1,0.9058809523809525
0,0,0.35,13,0.0,1,19.2,1.1,0,0,1,1,1.0
1,0,0.75,23,,1,35.6,4.8,0,1,1,1,0.963
1,0,1.19,20,0.78,0,21.0,3.2,0,0,0,0,0.022892857142857145
1,1,1.63,19,0.34,0,39.4,6.0,0,0,1,0,0.4071785714285715
1,0,0.8,36,,0,12.4,4.2,0,1,1,1,0.8042380952380951
0,0,1.18,22,,2,23.7,3.2,0,1,1,1,0.9750476190476189
0,0,8.18,406,,2,458.5,131.0,0,1,0,0,0.3462063492063492
1,1,4.45,16,1.59,0,184.6,11.5,0,0,0,0,0.06292857142857143
1,0,4.53,9,1.87,0,23.5,2.8,0,0,0,0,0.1758809523809524
0,0,3.39,23,,0,19.4,1.0,0,1,1,1,0.9938333333333332
1,0,0.67,16,0.0,0,24.7,1.4,0,0,1,1,1.0
1,0,3.41,33,,0,20.7,1.5,0,1,0,1,0.7880317460317456
1,1,0.6,15,1.62,8,80.6,3.2,0,0,0,0,0.08257142857142856
0,0,2.68,24,,0,13.2,1.9,0,1,1,1,0.9708333333333334
1,1,0.62,22,1.35,1,60.8,3.6,0,0,0,0,0.0538968253968254
1,0,4.29,27,,3,60.0,5.3,0,1,1,1,0.8672936507936508
1,0,2.63,20,1.46,0,27.6,1.5,0,0,0,0,0.24176190476190473
1,1,2.02,20,1.86,0,58.2,2.6,0,0,1,0,0.06838095238095239
1,0,2.32,17,,0,45.0,4.8,0,1,1,1,0.6417857142857142
1,0,2.97,12,0.91,0,78.7,8.9,0,0,0,0,0.005
1,1,2.03,22,,0,0.0,0.0,0,1,1,1,1.0
1,0,0.08,16,1.89,0,31.1,4.9,0,0,0,0,0.0075
1,0,2.79,22,0.0,0,49.0,2.8,0,0,1,1,0.992
1,1,2.46,25,1.59,0,54.6,4.6,0,0,0,0,0.20783333333333331
1,0,0.76,14,1.21,0,26.4,2.7,0,0,0,0,0.03
0,0,0.44,28,1.53,0,85.4,6.5,0,0,0,0,0.0810952380952381
1,1,0.17,15,1.8,0,95.2,8.5,0,0,0,0,0.0
1,1,6.38,6,0.75,0,34.8,1.7,0,0,1,1,0.666047619047619
1,0,4.13,12,0.0,0,16.5,1.0,0,0,1,1,1.0
0,0,0.08,14,0.0,0,5.5,1.3,0,0,1,1,0.9828571428571428
1,1,1.99,20,,0,35.2,3.0,0,1,1,1,0.8278690476190473
0,0,1.35,13,0.0,1,27.1,3.9,0,0,1,1,0.998
1,1,2.92,12,1.0,0,82.0,9.7,0,0,0,0,0.08149999999999999
1,0,0.83,14,1.15,0,73.7,4.0,0,0,0,0,0.0
1,0,1.26,22,0.71,0,58.8,4.1,0,0,0,0,0.017
1,0,0.01,4,0.0,0,0.0,0.0,0,0,1,1,1.0
1,1,0.67,19,1.55,1,166.3,8.3,0,0,0,0,0.14804761904761904
1,0,3.4,21,0.46,1,12.2,4.2,0,0,0,0,0.02333333333333333
1,0,1.18,14,1.04,0,16.2,2.2,0,0,0,0,0.035333333333333335
1,0,5.53,62,0.48,0,162.7,22.4,0,0,0,0,0.06033333333333333
1,1,0.99,24,0.99,0,39.6,4.5,0,0,0,0,0.06428571428571428
1,1,5.9,22,1.32,0,84.6,3.0,0,0,0,0,0.11425396825396826
0,0,1.32,50,,1,83.9,2.8,0,1,1,1,0.7413571428571427
1,0,1.25,20,0.72,0,36.5,7.9,0,0,1,0,0.05708333333333332
1,0,0.6,15,0.0,4,16.2,4.4,0,0,1,1,0.9966666666666667
1,1,1.41,20,0.05,0,55.0,8.5,0,0,0,0,0.07065873015873016
0,0,0.62,18,0.0,0,0.0,0.0,0,0,1,1,1.0
1,1,2.43,13,1.64,0,14.4,1.7,0,0,0,0,0.07227777777777779
1,0,1.64,13,0.34,0,33.1,3.3,0,0,1,0,0.056119047619047624
1,0,0.31,16,1.67,0,56.2,4.0,0,0,0,0,0.013333333333333332
0,0,1.22,17,0.0,0,0.0,0.0,0,0,1,1,1.0
1,1,0.65,15,1.33,0,19.7,1.4,0,0,0,0,0.030809523809523807
0,0,2.28,0,,0,0.0,0.0,0,1,1,1,1.0
0,0,2.6,0,,0,0.0,0.0,0,1,1,1,1.0
0,0,1.86,12,,0,8.5,1.3,0,1,1,1,0.99625
1,1,2.55,18,1.35,0,66.7,2.0,0,0,1,0,0.4045476190476191
1,0,3.56,7,0.38,0,85.1,5.5,0,0,1,1,0.5576666666666666
1,0,3.15,12,0.8,0,17.1,2.0,0,0,0,0,0.006666666666666666
1,1,4.95,16,1.71,0,21.0,1.6,0,0,1,0,0.035
1,0,1.93,21,0.64,0,111.1,7.4,0,0,0,0,0.10366666666666667
0,0,1.67,21,,0,0.0,0.0,0,1,1,1,1.0
1,0,1.64,0,0.04,0,0.0,0.0,6,0,1,1,1.0
1,0,2.83,0,,0,16.1,0.6,7,1,1,1,0.9925
1,0,0.0,0,0.0,0,0.0,0.0,0,0,1,1,1.0
0,0,1.94,21,0.0,0,0.0,0.0,0,0,1,1,1.0
1,1,4.35,20,1.66,0,121.9,6.3,0,0,0,0,0.05466666666666667
0,0,1.5,22,0.0,2,12.1,0.9,0,0,1,1,1.0
1,1,1.14,28,1.08,0,88.6,6.2,0,0,0,0,0.03983333333333333
1,1,0.97,22,1.01,0,13.1,1.1,0,0,0,0,0.07150000000000001
1,1,1.05,26,0.92,1,69.4,3.5,0,0,0,0,0.0605
1,1,6.81,10,1.42,1,35.1,1.2,0,0,0,0,0.07135714285714286
0,0,0.3,24,0.0,0,106.6,11.0,0,0,1,1,0.97
1,1,3.36,9,1.11,0,5.4,0.2,0,0,1,0,0.16360714285714287
1,0,0.73,10,0.0,0,91.3,4.9,0,0,1,1,1.0
1,0,4.04,24,,0,6.2,0.4,0,1,1,1,0.995
1,1,0.25,15,1.73,0,32.9,0.8,0,0,0,0,0.13216666666666665
1,0,2.16,22,,0,8.5,1.0,0,1,1,1,0.9963333333333333
1,0,0.48,8,1.74,1,13.9,0.4,0,0,1,0,0.1921904761904762
0,0,1.23,0,,0,0.0,0.0,0,1,1,1,1.0
1,1,2.63,16,1.51,0,98.0,14.2,0,0,0,0,0.022333333333333334
1,1,7.93,21,0.11,0,72.4,6.6,0,0,0,0,0.025
1,1,6.82,21,0.0,0,68.2,4.0,0,0,1,1,0.95075
0,0,7.02,13,,0,0.0,0.0,0,1,1,1,0.9140833333333334
1,1,2.47,22,0.71,0,103.9,9.0,0,0,0,0,0.049595238095238095
0,0,0.04,73,,0,67.7,7.0,0,1,0,1,0.5491190476190476
1,0,2.05,0,,0,0.0,0.0,7,1,1,1,1.0
1,0,2.25,0,,0,2.2,0.2,7,1,1,1,1.0
1,1,2.73,15,1.19,0,40.1,1.4,0,0,0,0,0.05591666666666668
1,0,3.05,12,0.88,0,37.1,5.0,0,0,0,0,0.0
0,0,2.85,22,,0,43.2,3.4,0,1,1,1,0.9050476190476191
1,0,0.23,18,1.19,0,50.1,3.9,0,0,0,0,0.11461111111111111
1,1,1.62,13,0.3,1,65.0,2.0,0,0,0,0,0.06830952380952382
1,0,1.3,14,0.59,0,119.0,10.0,0,0,0,0,0.03
1,1,2.55,22,,0,4.3,0.4,0,1,1,1,1.0
1,1,5.19,21,0.39,0,70.6,5.8,0,0,0,0,0.006666666666666666
0,0,0.35,20,1.62,0,0.0,0.0,0,0,1,1,1.0
1,0,3.15,12,0.8,0,123.2,6.8,0,0,0,0,0.01
0,0,4.57,25,,0,108.1,6.2,0,1,1,1,0.6583333333333334
1,0,0.44,8,0.78,1,51.1,2.5,0,0,0,0,0.1889761904761905
1,1,0.62,41,1.77,0,165.1,15.1,1,0,0,0,0.10516666666666666
1,0,2.99,0,,1,0.0,0.0,6,1,1,1,1.0
1,0,1.11,20,0.87,0,76.0,3.1,0,0,0,0,0.005333333333333333
1,1,0.95,20,1.03,0,25.3,1.6,0,0,0,0,0.09483333333333334
1,0,6.96,22,1.0,0,21.0,0.8,0,0,0,0,0.003333333333333333
1,1,1.42,20,1.52,0,103.6,5.0,0,0,0,0,0.24502380952380953
1,0,2.3,14,0.0,0,39.4,3.1,0,0,1,1,0.995
1,0,0.65,14,1.32,0,39.0,6.3,0,0,0,0,0.019190476190476192
1,0,4.99,21,0.45,0,62.1,4.5,0,0,0,0,0.013999999999999999
1,1,6.48,16,1.82,0,22.0,2.1,0,0,0,0,0.024285714285714285
1,1,1.3,20,0.0,0,0.0,0.0,0,0,1,1,1.0
1,1,0.96,24,1.01,0,21.3,3.1,0,0,0,0,0.054166666666666675
1,0,7.14,12,0.93,0,8.5,0.6,0,0,0,0,0.015
1,0,1.83,14,0.0,0,9.5,1.4,0,0,1,1,0.9966666666666666
1,1,2.85,25,0.08,0,18.5,1.6,0,0,0,0,0.05416666666666667
1,1,1.4,12,0.51,0,62.8,5.5,0,0,0,0,0.07408333333333333
1,0,2.25,0,,0,5.0,1.2,3,1,1,1,0.9917857142857143
1,0,2.41,17,1.59,0,79.3,42.7,0,0,0,0,0.1291904761904762
1,1,3.32,12,0.55,0,28.4,0.8,0,0,0,0,0.0738560606060606
1,0,0.1,17,1.87,0,100.4,17.3,0,0,0,0,0.006666666666666666
1,1,3.07,40,0.86,0,253.8,7.3,0,0,0,0,0.07150000000000001
1,1,0.3,20,1.67,0,156.0,7.6,0,0,0,0,0.0435
1,0,0.74,17,0.0,0,144.6,12.8,0,0,1,1,1.0
1,0,1.94,22,0.0,1,37.7,1.4,0,0,0,1,0.9088214285714286
1,0,0.47,16,,0,17.4,1.1,0,1,1,1,0.9053333333333334
1,0,1.99,20,0.0,3,24.0,1.5,0,0,1,1,1.0
1,1,0.57,29,1.4,1,179.7,7.5,0,0,0,0,0.1417142857142857
0,0,2.81,24,,0,44.2,2.3,0,1,0,1,0.9390865800865801
1,0,3.21,13,0.0,0,6.8,1.5,0,0,1,1,1.0
1,1,6.35,25,0.3,0,43.9,3.7,0,0,0,0,0.0
1,0,1.72,26,0.0,0,2.1,0.2,0,0,1,1,1.0
1,0,0.85,22,,1,14.9,1.7,0,1,1,1,0.9875
1,1,6.7,26,0.47,0,32.8,5.8,0,0,0,0,0.18366666666666667
1,0,1.78,13,0.19,0,128.3,31.8,0,0,0,0,0.0495
1,1,1.12,28,0.0,0,106.8,8.1,0,0,1,1,1.0
1,1,0.3,14,1.68,0,49.8,2.8,0,0,0,0,0.03166666666666666
1,0,1.18,21,0.0,0,16.8,0.9,0,0,1,1,1.0
1,1,3.43,47,,0,0.0,0.0,0,1,1,1,1.0
0,0,1.84,21,0.0,0,0.0,0.0,0,0,1,1,1.0
1,1,0.27,23,1.71,2,86.8,5.9,0,0,0,0,0.04706349206349206
0,0,1.5,12,,0,0.0,0.0,0,1,1,1,1.0
1,1,2.38,21,1.5,0,98.2,9.5,0,0,0,0,0.07666666666666667
0,0,0.68,21,0.0,1,52.7,5.0,0,0,1,1,0.9866666666666666
1,0,1.99,12,1.94,0,23.8,5.5,0,0,0,0,0.038
1,0,2.55,18,0.0,0,9.4,0.8,0,0,1,1,1.0
1,1,2.19,8,1.75,0,94.2,9.1,0,0,0,0,0.05916666666666667
1,0,1.68,23,0.0,0,11.6,1.0,0,0,1,1,0.9805277777777778
1,0,1.65,13,0.32,0,88.6,4.7,0,0,0,0,0.05375
1,0,3.9,0,,0,0.0,0.0,7,1,1,1,1.0
1,0,0.59,16,1.38,0,16.3,1.4,0,0,0,0,0.3108333333333333
1,0,2.78,22,1.08,1,99.9,15.8,0,0,0,0,0.08361111111111111
1,1,2.98,17,0.0,0,19.7,2.7,0,0,1,1,0.9443333333333332
1,1,2.95,22,1.0,0,27.3,2.7,0,0,0,0,0.07131746031746032
1,1,1.78,37,0.19,1,152.4,13.1,0,0,0,0,0.04011111111111111
1,0,0.62,13,0.0,0,10.8,1.4,0,0,1,1,1.0
1,0,0.31,10,0.0,0,8.6,0.5,0,0,1,1,1.0
1,0,1.11,22,0.86,3,65.3,4.0,0,0,0,0,0.035666666666666666
0,0,0.65,18,0.0,0,0.0,0.0,0,0,1,1,1.0
1,0,3.61,21,0.26,2,28.1,2.4,0,0,0,0,0.005
1,0,7.01,22,0.77,0,21.6,1.1,0,0,0,0,0.017416666666666664
1,0,0.84,33,1.13,0,59.3,3.8,0,0,0,0,0.3009603174603175
0,0,3.07,31,,0,0.0,0.0,0,1,1,1,1.0
1,0,0.44,11,0.0,0,0.0,0.0,0,0,1,1,1.0
1,0,3.96,23,,0,18.2,1.3,0,1,1,1,0.9230952380952381
0,0,3.23,21,,0,41.8,7.6,0,1,1,1,0.8741428571428571
0,0,2.02,18,,0,4.3,0.7,0,1,1,1,0.9985714285714287
1,0,0.0,0,0.0,0,0.0,0.0,0,0,1,1,1.0
1,0,1.99,26,,0,1.8,0.3,0,1,1,1,1.0
1,1,1.63,20,0.0,0,37.8,3.5,0,0,1,1,1.0
1,1,0.73,14,,0,0.0,0.0,0,1,1,1,1.0
0,0,0.26,35,1.71,0,51.7,2.6,0,0,0,0,0.013333333333333332
1,0,1.22,21,,1,20.4,2.6,0,1,1,1,0.9025000000000002
1,1,5.78,15,1.32,0,42.8,2.3,0,0,0,0,0.045
1,1,10.11,24,1.21,0,16.4,1.2,0,0,0,0,0.0875
1,0,8.07,21,0.33,0,230.2,12.2,0,0,0,0,0.006666666666666666
1,1,2.8,15,1.15,0,60.4,3.8,0,0,0,0,0.10604761904761904
1,1,2.19,16,1.74,0,49.3,2.1,0,0,0,0,0.09500000000000001
1,0,0.01,0,0.0,0,0.0,0.0,0,0,1,1,1.0
1,0,0.32,17,0.0,0,29.7,1.1,0,0,1,1,1.0
1,1,3.33,20,0.54,1,88.8,3.1,0,0,0,0,0.08114285714285714
1,0,0.81,8,1.16,0,148.6,7.2,0,0,0,0,0.042023809523809526
1,0,2.99,12,0.94,0,7.9,0.6,0,0,0,0,0.0
1,0,0.59,9,0.0,0,21.8,1.1,0,0,1,1,1.0
1,1,8.38,16,1.59,0,42.6,2.2,0,0,0,0,0.03966666666666667
1,0,2.47,0,,0,0.0,0.0,0,1,1,1,0.9966666666666667
1,1,3.09,12,0.85,0,121.5,14.9,0,0,0,0,0.21135714285714285
1,1,3.01,23,,0,12.1,0.6,0,1,0,1,1.0
1,1,2.14,18,1.78,0,18.9,2.4,0,0,0,0,0.09394047619047621
1,1,3.9,13,,0,16.6,1.1,6,1,1,1,0.8570833333333333
1,0,3.95,20,0.0,0,15.3,1.3,0,0,1,1,1.0
1,0,0.66,8,1.32,0,123.5,7.2,0,0,0,0,0.002857142857142857
1,1,3.46,25,1.95,1,58.9,2.9,0,0,0,0,0.012
1,0,1.11,22,0.86,1,93.3,26.7,0,0,0,0,0.013000000000000001
1,0,3.81,21,0.44,0,23.5,1.2,0,0,0,0,0.01
1,0,2.11,23,,0,11.0,0.6,0,1,1,1,0.9691666666666666
1,0,8.9,21,0.4,1,98.6,3.6,0,0,0,0,0.009000000000000001
1,0,1.82,30,0.0,0,63.4,19.4,0,0,1,1,1.0
1,0,3.32,24,,1,15.5,1.3,0,1,1,1,0.9531428571428573
1,0,1.6,19,1.84,2,86.9,6.6,0,0,0,0,0.11576190476190476
1,0,0.13,12,1.84,0,31.8,2.0,0,0,0,0,0.025
1,0,2.36,14,1.59,0,103.7,5.6,0,0,1,0,0.3202619047619047
1,1,0.41,15,1.57,0,81.5,6.4,0,0,0,0,0.04066666666666666
0,0,4.34,106,0.12,1,114.8,14.4,0,0,0,0,0.075
1,0,0.93,8,1.04,0,39.5,3.6,0,0,0,0,0.03
1,1,6.0,25,1.89,1,260.3,13.4,0,0,0,0,0.011666666666666667
0,0,0.65,17,,0,19.5,1.7,0,1,1,1,0.9975
1,1,2.81,15,1.15,0,20.3,1.0,0,0,0,0,0.03961111111111111
1,0,2.96,11,0.99,0,22.1,2.2,0,0,0,0,0.08757142857142858
1,0,1.77,22,,0,0.0,0.0,0,1,1,1,1.0
0,0,2.11,22,,1,0.0,0.0,0,1,1,1,1.0
1,1,5.86,20,0.02,0,50.4,2.1,0,0,0,0,0.016666666666666666
0,0,0.04,5,1.93,0,3.4,0.1,0,0,0,0,0.008666666666666666
1,1,0.15,17,0.16,0,26.1,1.3,0,0,0,0,0.18835714285714286
1,0,3.9,39,,0,53.1,3.0,0,1,1,1,0.7200000000000002
1,0,3.13,12,0.84,0,70.8,8.4,0,0,0,0,0.016
1,1,3.08,16,0.0,0,2.5,0.2,0,0,1,1,1.0
0,0,1.98,24,,0,32.0,1.7,0,1,1,1,0.9463333333333332
0,0,3.65,12,,0,7.9,0.5,0,1,1,1,0.998
1,0,2.36,33,1.61,0,233.1,16.3,0,0,0,0,0.04940476190476191
0,0,2.55,24,0.0,0,43.5,1.8,0,0,1,1,0.9748333333333333
1,0,3.35,19,,1,34.3,1.4,0,1,1,1,0.9876666666666665
1,1,2.88,15,1.25,0,54.8,2.4,0,0,0,0,0.027166666666666662
1,1,6.58,17,1.66,0,107.4,17.5,0,0,0,0,0.10828571428571429
1,0,1.95,5,0.03,0,67.2,2.5,0,0,1,1,0.9520714285714286
1,0,5.29,30,,0,11.9,0.6,0,1,0,1,0.9229999999999998
1,1,1.93,13,0.05,0,75.1,6.4,0,0,0,0,0.17425000000000002
1,0,6.34,20,,0,130.0,10.4,0,1,1,0,0.4049285714285714
1,0,3.31,21,,1,23.4,4.8,0,1,1,1,0.9583333333333333
1,0,1.61,13,0.32,0,37.4,3.6,0,0,0,0,0.03
0,0,2.65,17,,0,16.8,1.2,0,1,1,1,0.9933333333333333
0,0,0.36,0,0.02,0,0.0,0.0,3,0,1,1,1.0
1,1,0.7,15,1.28,0,42.4,2.8,0,0,0,0,0.006666666666666666
1,1,3.22,13,,0,15.3,0.5,0,1,1,1,0.9312499999999999
1,1,6.08,16,1.58,0,53.1,6.8,0,0,0,0,0.006000000000000001
1,1,2.01,33,,0,92.2,8.6,0,1,1,1,0.7887857142857143
0,0,3.14,14,0.0,0,34.1,1.8,0,0,1,1,1.0
1,1,1.31,30,0.62,0,158.5,13.1,0,0,0,0,0.07952380952380951
0,0,3.43,20,,0,12.1,3.0,0,1,1,1,0.987047619047619
1,1,0.81,20,,0,56.7,14.4,0,1,1,1,0.7870436507936508
1,1,2.63,15,1.29,0,13.9,1.5,0,0,0,0,0.0285
1,1,2.96,19,1.71,0,33.8,3.2,0,0,0,0,0.11461904761904763
1,0,1.08,10,0.0,0,2.1,1.0,0,0,1,1,1.0
1,0,1.74,13,1.76,1,13.1,1.0,0,0,0,0,0.17683333333333334
1,1,4.95,26,,3,34.5,1.4,0,1,1,1,0.9688095238095238
0,0,0.55,19,0.0,0,12.3,0.6,0,0,1,1,1.0
1,0,3.15,12,0.8,0,51.2,4.4,0,0,0,0,0.0
1,1,1.94,11,1.95,0,25.0,2.1,0,0,1,0,0.46417857142857144
0,0,1.26,26,,0,60.1,2.3,0,1,1,1,0.9167380952380952
1,0,1.55,17,,3,68.8,4.7,0,1,1,1,0.9292499999999998
1,0,0.67,22,0.0,0,18.1,3.3,0,0,1,1,1.0
1,0,1.98,21,,0,3.9,0.2,0,1,1,1,1.0
1,0,3.13,12,0.82,0,70.2,3.6,0,0,0,0,0.0
1,0,1.74,14,0.0,0,3.6,0.2,0,0,1,1,1.0
1,1,6.35,10,1.28,1,71.6,5.7,0,0,0,0,0.005
0,0,0.73,22,1.24,0,0.0,0.0,0,0,1,1,1.0
1,0,3.15,12,0.79,0,41.2,5.9,0,0,0,0,0.0
1,0,0.25,14,1.72,0,18.5,0.9,0,0,0,0,0.015
1,0,0.35,23,1.62,1,88.9,8.9,0,0,0,0,0.01583333333333333
1,0,0.5,13,0.0,0,13.0,0.9,0,0,1,1,1.0
0,0,2.34,24,,1,39.8,3.6,0,1,1,1,0.8817499999999999
1,0,1.19,22,0.79,0,23.6,1.2,0,0,0,0,0.0685
1,0,2.34,15,,0,4.7,0.3,7,1,1,1,0.9782380952380951
1,1,0.1,15,1.87,0,39.2,3.8,0,0,0,0,0.013166666666666667
1,0,0.31,3,1.91,0,31.6,0.9,0,0,0,0,0.12853968253968254
1,0,2.88,12,1.04,0,39.7,3.7,0,0,0,0,0.005
1,1,0.75,14,,0,0.0,0.0,0,1,1,1,1.0
1,1,1.7,17,0.0,0,16.3,2.5,0,0,1,1,1.0
1,0,0.55,13,0.32,0,24.6,2.5,0,0,1,0,0.06283333333333334
1,0,1.06,22,0.91,0,15.1,4.1,0,0,0,0,0.03805555555555555
1,1,2.43,14,0.0,0,7.9,1.1,3,0,1,1,0.9924999999999998
1,1,0.22,12,1.75,0,38.2,2.4,0,0,0,0,0.055
0,0,1.14,23,0.0,0,33.5,1.6,0,0,1,1,1.0
1,1,2.79,0,,0,0.0,0.0,0,1,1,1,1.0
1,1,0.39,19,1.43,0,59.3,42.8,0,0,0,0,0.19319047619047616
1,0,0.34,31,0.0,0,10.1,0.6,0,0,1,1,0.993
0,0,0.26,0,,0,0.0,0.0,0,1,1,1,1.0
1,0,0.99,8,0.98,0,26.7,1.8,0,0,0,0,0.04375
1,0,3.48,26,,0,50.0,7.2,0,1,1,1,0.9324047619047618
1,0,1.97,22,0.0,0,31.7,3.3,0,0,1,1,0.98
1,1,7.75,28,0.18,0,237.2,8.2,0,0,0,0,0.05783333333333332
1,1,7.25,16,1.84,0,45.3,2.0,0,0,0,0,0.00977777777777778
1,1,6.84,58,0.0,1,60.6,3.9,0,0,0,1,0.9048711843711844
1,1,3.27,24,0.66,0,34.4,1.9,0,0,0,0,0.032499999999999994
1,1,1.89,20,0.08,0,82.4,4.1,0,0,0,0,0.0225
0,0,1.15,0,,0,0.0,0.0,0,1,1,1,1.0
1,0,2.05,20,,0,2.3,0.2,0,1,1,1,1.0
1,1,0.03,0,1.95,0,,,0,0,0,0,0.0
1,0,0.27,13,,0,37.8,3.4,0,1,1,1,0.747909090909091
1,1,4.4,15,1.22,0,32.9,2.8,0,0,0,0,0.0625
1,1,6.31,16,1.58,0,62.6,4.4,0,0,0,0,0.02928571428571429
1,1,0.64,15,1.33,1,70.7,3.5,0,0,0,0,0.008333333333333333
0,0,0.78,20,0.0,0,20.9,3.2,0,0,1,1,0.9971428571428571
1,0,3.84,22,0.11,0,51.1,3.6,0,0,0,0,0.003333333333333333
0,0,0.64,23,,0,13.6,1.5,0,1,1,1,0.9966666666666667
1,0,1.49,14,0.0,3,48.0,3.2,0,0,1,1,0.9894999999999999
1,1,6.37,22,0.09,0,12.8,1.3,0,0,0,0,0.0
1,0,1.98,0,,0,14.6,0.6,1,1,1,1,0.983
1,1,1.47,14,0.5,0,30.9,1.8,0,0,1,0,0.49857142857142855
1,0,2.08,0,,1,40.1,7.3,0,1,1,1,0.7456309523809524
0,0,5.72,18,,0,0.0,0.0,0,1,1,1,1.0
1,0,1.38,26,,0,36.1,1.0,0,1,1,1,0.96225
1,0,1.96,30,0.0,0,45.7,2.0,0,0,1,1,0.9953214285714286
1,0,4.44,20,1.42,1,6.4,0.4,0,0,0,0,0.04958333333333333
0,0,4.94,23,,0,35.9,4.5,0,1,1,1,0.9249761904761905
1,0,5.15,24,0.0,2,35.5,2.2,0,0,1,1,1.0
0,0,2.76,24,,0,39.0,4.5,0,1,1,1,0.8362499999999998
1,1,4.92,12,0.0,0,28.4,1.0,0,0,1,1,1.0
1,0,1.29,27,,0,49.3,2.3,0,1,1,1,0.9420000000000001
0,0,2.96,32,,1,12.5,3.8,0,1,1,1,0.9129761904761905
1,0,1.84,30,0.0,0,88.0,2.6,0,0,1,1,1.0
1,0,7.36,12,0.0,0,18.4,1.5,0,0,1,1,0.9933333333333333
1,0,1.14,24,0.0,1,154.0,6.4,0,0,1,1,0.975
1,0,2.41,34,0.0,0,154.9,73.6,0,0,1,1,0.9904999999999999
1,0,4.79,21,0.18,1,2.7,0.2,0,0,0,0,0.020916666666666663
1,0,4.2,21,,0,9.8,0.7,0,1,1,1,0.8968214285714287
1,1,0.59,15,1.38,1,43.8,12.0,0,0,0,0,0.025833333333333333
1,0,11.93,45,1.83,0,70.3,9.7,0,0,0,0,0.13866666666666666
1,0,1.95,22,0.0,2,28.3,2.7,0,0,1,1,0.9853333333333333
0,0,1.58,20,,0,0.0,0.0,0,1,1,1,1.0
1,1,2.48,24,0.95,0,63.7,3.7,0,0,0,0,0.04638095238095238
0,0,1.8,45,0.0,1,0.0,0.0,0,0,1,1,1.0
1,1,2.64,16,1.56,0,252.1,21.4,0,0,0,0,0.005833333333333333
1,1,1.58,0,0.0,0,0.0,0.0,0,0,1,1,1.0
1,1,4.87,10,1.13,0,10.0,0.5,0,0,0,0,0.015555555555555555
1,1,6.97,28,,1,53.4,8.6,0,1,0,0,0.491952380952381
1,1,1.97,0,,0,12.2,1.1,0,1,1,1,0.9299999999999998
1,0,3.87,21,0.4,0,107.6,8.5,0,0,0,0,0.018333333333333333
1,0,1.63,13,0.34,0,57.1,2.3,0,0,0,0,0.04166666666666666
1,0,1.97,22,0.0,0,126.0,9.9,0,0,1,1,0.995
0,0,2.49,15,,0,10.5,1.0,0,1,1,1,0.998
1,0,2.63,24,,0,11.7,0.8,0,1,1,1,0.9946666666666666
0,0,0.54,25,0.0,0,44.4,4.9,0,0,1,1,0.9946666666666667
0,0,1.75,35,0.0,0,93.6,6.1,0,0,1,1,1.0
1,0,1.26,25,0.0,0,68.2,19.9,0,0,1,1,0.9423333333333334
1,1,4.11,20,0.0,0,79.6,2.4,0,0,1,1,0.9711190476190477
1,1,3.96,24,,0,1.6,0.5,0,1,1,1,0.9462499999999998
1,1,2.1,23,,2,0.0,0.0,0,1,1,1,1.0
1,0,6.49,21,1.75,1,8.8,2.3,0,0,0,0,0.046083333333333344
1,0,2.0,14,,0,58.1,6.2,0,1,1,1,0.7969523809523811
1,1,7.13,17,1.86,0,51.5,5.1,0,0,0,0,0.006666666666666666
1,1,0.15,16,1.88,0,47.9,5.8,0,0,0,0,0.005833333333333333
1,0,3.34,32,,0,8.6,1.5,0,1,1,1,0.9070079365079365
1,0,3.37,25,0.0,1,29.3,2.9,0,0,1,1,0.9975
1,0,2.99,25,0.0,0,13.0,0.8,0,0,1,1,0.9954166666666667
1,1,6.31,11,1.32,0,33.4,2.3,0,0,1,0,0.15658333333333332
1,1,0.24,15,1.74,0,19.0,2.4,0,0,0,0,0.01
1,0,2.71,0,,2,0.0,0.0,0,1,1,1,1.0
1,1,2.86,21,0.3,0,61.6,6.9,0,0,0,0,0.037000000000000005
1,0,2.31,15,0.0,0,39.6,3.8,0,0,1,1,0.96
1,1,1.2,22,0.78,0,27.4,1.5,0,0,0,0,0.04392857142857142
1,1,1.51,19,0.46,0,38.5,7.7,0,0,1,0,0.3784642857142857
0,0,0.92,0,1.53,0,0.0,0.0,6,0,1,1,1.0
0,0,0.69,17,0.0,0,0.0,0.0,0,0,1,1,1.0
1,0,1.29,21,,0,1.1,0.1,0,1,1,1,0.9926666666666667
0,0,0.15,25,1.82,0,24.2,3.5,0,0,0,0,0.026969696969696973
1,1,2.78,129,1.01,0,948.0,255.3,0,0,0,0,0.25489285714285714
0,0,2.92,18,,0,0.0,0.0,0,1,1,1,1.0
1,0,0.91,14,1.06,0,36.8,2.3,0,0,0,0,0.014499999999999999
1,1,0.24,0,,0,0.0,0.0,2,1,1,1,1.0
0,0,1.32,15,0.0,0,0.8,0.2,0,0,1,1,1.0
1,1,0.89,22,1.08,0,81.0,2.2,0,0,0,0,0.05916666666666667
1,1,4.93,26,0.33,0,19.8,4.5,0,0,0,0,0.06527380952380953
1,1,3.34,15,1.64,0,16.5,4.8,0,0,0,0,0.036861111111111115
1,0,0.14,13,1.83,0,17.9,3.0,0,0,1,0,0.04626190476190477
1,1,7.95,19,1.66,0,140.1,11.7,0,0,0,0,0.07997619047619048
1,1,7.16,23,1.75,0,201.7,10.8,0,0,0,0,0.08616666666666667
1,1,7.06,14,1.64,0,12.8,0.6,0,0,0,0,0.04446428571428571
1,0,0.76,18,0.0,2,0.0,0.0,0,0,1,1,1.0
0,0,2.01,0,,0,0.0,0.0,5,1,1,1,1.0
1,0,3.23,12,0.93,0,95.5,5.9,0,0,0,0,0.006666666666666666
0,0,2.57,23,,1,0.0,0.0,0,1,1,1,1.0
1,0,8.08,22,1.13,1,99.4,9.5,0,0,0,0,0.014999999999999998
0,0,3.27,24,,0,3.3,4.9,0,1,1,1,0.9274722222222223
1,1,0.38,15,0.0,0,22.4,5.6,0,0,1,1,1.0
1,0,0.92,20,1.05,0,59.0,3.0,0,0,0,0,0.03666666666666667
1,0,1.05,22,,0,41.8,2.3,0,1,1,1,0.9655555555555557
1,1,5.87,15,1.68,0,90.5,4.3,0,0,0,0,0.004
1,0,2.97,12,,0,4.8,0.3,0,1,1,1,0.9679047619047618
1,0,2.2,32,,0,23.0,1.1,0,1,1,1,0.9683333333333334
1,1,2.85,15,1.06,0,66.6,8.9,0,0,0,0,0.10033333333333334
1,1,3.71,29,0.19,1,48.0,1.9,0,0,0,0,0.08277380952380951
0,0,1.13,18,,0,0.2,0.0,0,1,1,1,1.0
1,0,0.84,22,0.0,2,4.1,0.4,0,0,1,1,1.0
1,1,4.08,43,,6,47.3,4.6,0,1,1,1,0.8800238095238098
1,0,0.56,5,0.2,0,29.1,3.4,0,0,1,1,0.6762142857142857
0,0,0.81,16,0.0,0,0.0,0.0,0,0,1,1,1.0
1,1,5.59,21,0.44,0,49.8,5.3,0,0,0,0,0.03333333333333333
1,0,2.09,12,0.93,0,8.7,0.7,0,0,0,0,0.06110714285714286
1,0,2.46,19,,0,1.3,0.1,0,1,1,1,0.9369047619047619
1,0,2.45,20,,0,20.7,2.8,0,1,1,1,0.9081666666666665
0,0,0.31,18,1.66,0,0.0,0.0,0,0,1,1,1.0
1,0,1.04,36,,0,85.2,8.7,0,1,1,1,0.8838333333333332
1,1,5.95,21,0.44,0,33.0,1.3,0,0,0,0,0.006666666666666666
1,0,1.63,13,0.34,0,53.4,5.4,0,0,0,0,0.02033333333333333
0,0,3.41,24,,0,56.5,10.9,0,1,1,1,0.6542023809523809
1,0,1.98,14,,0,10.5,2.5,0,1,1,1,0.8451666666666666
1,1,0.08,11,1.9,0,73.3,2.9,0,0,0,0,0.051904761904761905
1,0,2.92,12,0.99,0,21.3,2.9,0,0,0,0,0.009047619047619047
1,1,1.25,14,0.73,0,83.6,5.2,0,0,0,0,0.31675
1,1,3.01,14,0.92,0,31.4,1.3,0,0,1,0,0.40738095238095234
1,0,1.41,21,0.5,0,33.3,10.4,0,0,0,0,0.04369047619047619
1,1,0.95,34,0.13,0,165.3,74.8,0,0,1,0,0.10035714285714283
1,1,5.95,15,1.62,0,1.4,0.1,0,0,0,0,0.05483333333333333
0,0,0.52,20,0.0,0,0.0,0.0,0,0,1,1,1.0
1,0,0.8,12,0.0,0,27.5,0.7,0,0,1,1,1.0
1,0,2.34,23,,0,18.4,0.9,0,1,1,1,0.9626666666666667
1,0,6.94,21,0.2,0,33.1,1.8,0,0,0,0,0.0
1,0,0.99,18,0.0,0,10.6,0.7,0,0,1,1,0.9975
1,1,8.07,13,1.73,0,12.2,1.2,0,0,0,0,0.02295238095238095
0,0,2.21,24,,0,2.2,0.1,0,1,1,1,0.9983333333333334
1,0,0.35,23,1.62,2,102.7,5.1,0,0,0,0,0.051476190476190474
1,1,6.27,22,0.1,0,81.3,5.7,0,0,0,0,0.003333333333333333
1,1,3.91,15,1.28,0,37.8,7.3,0,0,0,0,0.037333333333333336
1,0,1.02,20,0.0,5,81.5,6.7,0,0,1,1,0.9475
1,1,0.41,19,1.29,1,32.7,4.5,0,0,0,0,0.3317380952380952
1,1,6.88,15,1.39,0,62.4,5.6,0,0,0,0,0.033
1,0,2.35,18,,0,16.7,0.7,0,1,0,1,0.8508452380952382
1,1,2.3,13,1.61,1,59.2,6.1,0,0,0,0,0.18373809523809526
1,1,1.53,20,0.6,0,95.4,10.9,0,0,1,0,0.12133333333333335
0,0,3.51,40,,0,8.8,0.5,0,1,0,1,0.99075
1,0,2.91,18,0.0,0,20.8,2.4,0,0,1,1,1.0
1,0,0.96,18,0.0,0,32.3,1.6,0,0,1,1,1.0
0,0,5.33,24,,1,14.0,2.2,0,1,0,1,0.7347142857142858
0,0,2.51,22,,1,4.1,0.3,0,1,1,1,1.0
1,0,0.99,14,0.0,0,46.1,6.2,0,0,1,1,0.992
1,0,2.56,17,,0,33.1,1.2,0,1,1,1,0.9131825396825397
1,1,0.12,10,0.0,0,23.1,0.9,0,0,1,1,1.0
1,0,1.99,13,,0,74.2,3.2,0,1,1,1,0.845642857142857
1,1,2.14,7,1.78,0,18.0,3.0,0,0,0,0,0.16358333333333333
1,0,1.99,30,,0,15.4,1.2,0,1,1,1,0.99
1,0,1.77,13,0.19,0,42.7,10.4,0,0,0,0,0.059595238095238104
0,0,5.62,9,,0,7.1,0.5,7,1,1,1,0.9480714285714285
1,0,2.87,40,,2,64.2,4.7,0,1,0,1,0.9330158730158729
1,0,0.48,14,0.0,0,20.2,0.9,0,0,1,1,1.0
1,1,1.01,24,0.96,0,21.7,2.2,0,0,0,0,0.05125
0,0,1.97,24,0.0,0,0.0,0.0,0,0,1,1,1.0
1,1,1.99,0,,0,0.0,0.0,0,1,1,1,1.0
1,0,1.32,14,0.58,0,11.4,0.6,0,0,0,0,0.059416666666666666
1,0,0.24,11,0.27,0,154.5,8.3,0,0,0,0,0.1148730158730159
1,0,1.18,20,0.8,2,190.1,10.2,0,0,0,0,0.013333333333333332
0,0,2.49,22,,0,4.0,0.2,0,1,1,1,1.0
1,1,1.67,26,0.25,2,288.4,20.3,0,0,0,0,0.10974206349206347
1,0,2.48,21,,0,8.8,1.1,0,1,1,1,0.9363809523809524
1,1,0.35,11,1.73,0,65.8,4.2,0,0,0,0,0.25025
0,0,0.3,13,1.68,0,47.4,5.0,0,0,1,1,0.6090119047619047
0,0,0.15,8,,0,0.0,0.0,0,1,1,1,1.0
1,1,2.12,24,,2,0.0,0.0,0,1,1,1,1.0
1,0,0.42,18,0.0,0,167.7,77.6,0,0,1,1,1.0
1,1,10.8,21,0.0,0,8.0,1.3,0,0,1,1,0.9597380952380952
1,1,2.23,21,,0,0.0,0.0,0,1,1,1,1.0
0,0,2.91,0,,0,1.3,0.1,4,1,1,1,1.0
1,1,6.59,21,0.28,2,71.8,5.9,0,0,0,0,0.017833333333333333
1,1,4.5,22,0.02,1,49.0,2.5,0,0,0,0,0.024023809523809524
1,1,5.13,21,0.46,0,121.6,15.8,0,0,0,0,0.016666666666666666
1,0,0.06,6,,0,5.0,0.4,0,1,1,1,0.9665277777777778
1,0,1.67,23,0.0,1,12.2,0.7,0,0,1,1,1.0
1,1,6.04,21,0.0,0,76.8,4.6,0,0,1,1,0.9775
1,0,0.09,14,1.88,0,53.4,2.6,0,0,0,0,0.02583333333333333
1,0,5.09,22,1.11,0,51.3,1.7,0,0,0,0,0.028249999999999997
1,0,3.24,12,0.76,0,25.1,3.5,0,0,0,0,0.036904761904761905
1,0,6.23,21,0.2,0,128.3,8.6,0,0,0,0,0.01452380952380952
1,1,2.2,8,1.73,0,60.8,4.5,0,0,0,0,0.14166666666666666
1,1,1.45,40,,0,64.3,6.7,0,1,1,1,0.6044015151515151
1,1,3.32,26,0.55,0,66.4,4.5,0,0,0,0,0.07858333333333334
1,0,3.17,8,0.78,0,17.2,1.0,0,0,0,0,0.10854761904761905
1,0,4.5,49,,0,116.4,7.9,0,1,1,1,0.7477424242424243
0,0,1.65,16,,0,8.7,0.5,0,1,1,1,0.9983333333333334
0,0,2.76,23,,5,12.0,1.0,0,1,1,1,1.0
1,0,2.93,12,0.99,0,10.6,2.7,0,0,0,0,0.03
1,0,4.3,11,1.87,0,68.3,6.8,0,0,0,0,0.1642857142857143
1,0,1.32,14,0.65,0,20.8,1.2,0,0,0,0,0.05533333333333333
0,0,0.59,12,0.0,1,0.0,0.0,0,0,1,1,1.0
1,1,1.03,22,0.94,0,16.3,1.1,0,0,0,0,0.02
1,0,1.35,24,0.0,0,10.0,0.5,0,0,1,1,1.0
1,0,3.76,20,0.0,0,4.9,0.5,0,0,1,1,1.0
1,1,1.82,0,,0,0.0,0.0,0,1,1,1,1.0
1,0,1.41,29,0.51,0,18.6,0.7,0,0,0,0,0.17384523809523805
0,0,0.76,40,,0,160.3,14.8,0,1,1,1,0.8721666666666666
1,0,1.09,19,0.0,0,49.6,1.7,0,0,1,1,1.0
1,0,1.25,20,0.72,0,99.9,4.4,0,0,0,0,0.06970634920634922
1,1,0.09,11,1.88,0,13.1,9.5,0,0,0,0,0.04957142857142857
1,1,4.16,16,1.74,0,37.9,7.5,0,0,0,0,0.0305
1,1,5.08,18,1.52,1,32.5,0.6,0,0,1,0,0.2095
1,0,2.07,14,,0,57.4,4.1,0,1,1,1,0.6844805194805196
1,1,0.65,46,,2,0.0,0.0,0,1,1,1,1.0
0,0,0.66,18,,0,0.0,0.0,0,1,1,1,1.0
1,0,0.8,41,0.14,0,44.8,16.5,0,0,0,0,0.23714285714285716
1,1,6.23,19,1.93,0,9.5,1.2,0,0,0,0,0.008333333333333333
1,1,0.75,24,1.22,0,17.2,0.9,0,0,0,0,0.24025000000000002
1,0,5.1,0,,0,1.0,0.2,2,1,1,1,0.9885714285714287
1,0,1.35,22,0.0,0,92.9,4.6,0,0,1,1,1.0
1,1,4.47,15,1.41,0,427.4,8.8,0,0,0,0,0.0915
0,0,0.61,23,,0,0.0,0.0,0,1,1,1,1.0
1,0,0.02,0,,0,,,0,1,0,0,0.3014426406926407
0,0,6.3,45,0.03,0,276.7,12.4,0,0,0,0,0.2455
1,1,1.57,18,0.0,0,0.0,0.0,0,0,1,1,1.0
1,1,0.7,15,1.52,0,68.8,2.4,0,0,0,0,0.07802380952380952
1,1,4.73,33,0.01,0,85.6,4.2,0,0,0,0,0.16468939393939394
1,1,0.95,14,1.03,0,108.8,8.7,0,0,0,0,0.20885714285714285
0,0,0.47,11,0.0,0,0.0,0.0,0,0,1,1,1.0
1,0,2.01,17,0.0,0,6.7,0.5,0,0,1,1,1.0
1,1,1.02,22,0.0,0,0.0,0.0,0,0,1,1,1.0
0,0,3.19,24,,0,9.6,0.8,0,1,1,1,1.0
1,0,2.16,21,,0,98.8,8.3,0,1,1,1,0.7262777777777777
1,1,0.07,16,1.9,0,41.3,5.7,0,0,0,0,0.03361111111111111
1,1,1.3,24,0.67,0,85.6,3.9,0,0,0,0,0.1420714285714286
1,1,4.17,47,1.73,0,197.1,9.4,1,0,1,0,0.07616666666666667
1,0,2.01,22,,0,39.8,2.4,0,1,1,1,0.8965000000000001
1,0,2.98,12,0.0,0,36.2,3.0,0,0,1,1,1.0
1,1,6.56,10,1.27,0,61.9,5.3,0,0,0,0,0.022000000000000002
1,1,2.65,15,1.27,0,180.3,12.7,0,0,0,0,0.05057936507936508
1,0,1.08,14,0.89,0,85.9,3.9,0,0,0,0,0.01
0,0,0.9,28,0.0,0,43.7,4.1,0,0,1,1,1.0
0,0,0.67,22,,0,0.0,0.0,0,1,1,1,1.0
1,0,1.69,13,0.23,0,89.7,3.8,0,0,0,0,0.04416666666666667
1,1,2.52,10,1.36,0,9.8,0.6,0,0,0,0,0.0025
1,0,0.04,2,0.0,0,10.6,0.6,0,0,1,1,1.0
1,1,3.41,27,,0,0.0,0.0,0,1,1,1,1.0
1,0,7.87,20,1.73,0,103.2,7.6,0,0,0,0,0.008
1,0,1.14,14,0.84,0,49.7,1.8,0,0,0,0,0.002
1,1,1.87,20,0.1,2,28.9,1.6,0,0,1,0,0.08544047619047619
1,0,4.9,24,,0,59.1,3.7,0,1,0,1,0.7596111111111111
0,0,0.15,25,0.0,0,11.9,0.5,0,0,1,1,0.98
1,1,0.66,15,1.31,0,45.0,2.5,0,0,0,0,0.006666666666666666
1,0,0.67,13,0.0,0,41.7,1.8,0,0,1,1,0.9940000000000001
1,1,5.17,10,1.28,1,71.2,9.0,0,0,0,0,0.026428571428571426
1,0,0.59,12,0.0,0,1.3,0.0,0,0,1,1,0.9790476190476189
1,1,1.09,8,0.88,0,127.3,8.3,0,0,0,0,0.1998333333333333
0,0,2.15,81,,0,201.7,20.0,0,1,1,1,0.606107142857143
0,0,2.34,19,,0,0.0,0.0,0,1,1,1,1.0
0,0,0.92,41,,0,39.7,3.6,0,1,0,1,0.9057380952380951
1,1,0.09,22,1.88,0,70.8,24.5,0,0,0,0,0.011428571428571429
1,0,2.31,23,,0,28.8,3.8,0,1,1,1,0.9781666666666666
1,1,2.78,15,1.31,0,113.7,5.2,0,0,0,0,0.03716666666666667
1,1,2.63,15,1.31,0,29.2,2.6,0,0,0,0,0.06675
0,0,0.55,60,0.0,0,178.6,11.8,0,0,1,1,0.88
0,0,1.84,14,,1,0.0,0.0,0,1,1,1,1.0
1,1,1.41,20,,0,32.6,1.6,0,1,1,1,0.9543333333333334
1,0,0.47,10,0.0,0,13.5,1.0,0,0,1,1,1.0
1,1,2.05,0,,0,0.0,0.0,7,1,1,1,1.0
1,0,1.6,21,,0,11.0,0.8,0,1,1,1,0.995
1,0,1.75,22,0.65,1,0.0,0.0,0,0,1,1,0.9933333333333334
1,1,0.51,15,0.0,0,0.0,0.0,0,0,1,1,1.0
0,0,2.91,21,,1,4.0,0.7,0,1,1,1,1.0
1,0,0.52,21,,1,4.4,0.9,0,1,1,1,0.9729761904761905
1,1,1.02,32,0.95,0,136.3,9.1,0,0,0,0,0.14076190476190475
1,0,2.45,11,0.0,0,29.4,1.4,0,0,1,1,1.0
1,0,1.97,13,0.0,0,69.9,4.4,0,0,1,1,0.996
1,1,3.95,15,1.94,0,8.9,0.6,0,0,0,0,0.07016666666666667
0,0,1.51,0,,0,0.0,0.0,4,1,1,1,1.0
1,1,0.86,24,1.11,2,83.7,4.9,0,0,0,0,0.03666666666666667
1,1,0.66,15,1.31,0,73.4,3.7,0,0,0,0,0.003333333333333333
1,1,3.63,0,,0,0.1,0.0,0,1,1,1,0.955
0,0,10.39,27,,0,171.2,8.5,1,1,0,1,0.52275
0,0,2.05,30,,0,54.7,24.5,0,1,1,1,0.9162261904761906
1,1,3.49,16,1.74,0,74.1,6.6,0,0,0,0,0.0175
1,0,4.01,20,,0,60.3,7.6,0,1,1,1,0.6865476190476191
0,0,1.9,14,,1,0.0,0.0,0,1,1,1,1.0
0,0,2.62,14,,0,0.0,0.0,0,1,1,1,1.0
1,0,1.96,14,0.02,0,81.6,2.8,0,0,0,0,0.10583333333333332
1,0,2.14,0,,0,6.0,0.4,0,1,1,1,0.9340952380952381
1,1,1.19,20,1.73,0,46.3,2.5,0,0,1,0,0.1349285714285714
1,0,1.98,12,,0,30.8,1.4,0,1,1,1,0.9563809523809523
0,0,1.15,23,,0,3.2,1.0,0,1,1,1,0.995
1,1,5.95,10,1.34,0,19.3,9.8,0,0,0,0,0.012333333333333333
1,0,1.52,13,0.38,0,57.7,3.1,0,0,0,0,0.0
1,0,1.3,11,0.0,0,7.3,0.4,0,0,1,1,1.0
1,1,4.95,20,0.0,0,0.0,0.0,0,0,1,1,1.0
1,0,0.58,17,0.0,0,0.0,0.0,0,0,1,1,1.0
1,0,3.2,25,,1,24.7,2.0,0,1,1,1,0.902904761904762
0,0,0.41,9,,1,0.4,0.0,1,1,1,1,0.98
1,0,1.33,13,0.58,0,46.2,3.3,0,0,0,0,0.02708333333333333
1,1,4.16,21,1.74,0,74.4,6.0,0,0,0,0,0.026428571428571426
1,1,6.38,44,,0,204.1,18.4,0,1,0,0,0.4838809523809524
0,0,1.5,23,0.0,0,0.0,0.0,0,0,1,1,1.0
1,1,4.97,26,1.87,0,82.1,4.2,0,0,0,0,0.04783333333333333
0,0,0.17,39,1.8,1,23.1,10.8,0,0,0,0,0.08833333333333333
1,0,4.91,22,0.0,1,80.9,3.5,0,0,1,1,0.988
1,0,1.86,10,,0,2.8,0.1,0,1,1,1,1.0
1,1,2.17,16,1.81,0,34.9,0.6,0,0,0,0,0.21208333333333332
1,0,1.82,13,0.15,0,20.4,0.9,0,0,0,0,0.032
1,0,0.5,26,1.48,3,20.1,1.2,0,0,0,0,0.17942857142857144
0,0,0.39,38,,0,37.4,34.2,0,1,1,1,0.9275238095238094
1,0,1.0,23,0.0,0,0.0,0.0,0,0,1,1,1.0
1,1,5.78,28,,0,41.3,2.5,0,1,0,1,0.7078809523809525
1,1,6.76,10,1.4,0,13.8,1.3,0,0,0,0,0.021642857142857144
1,1,6.92,25,0.0,0,41.2,3.5,0,0,1,1,0.8756111111111111
1,0,1.83,37,0.14,0,104.5,22.3,0,0,0,0,0.07030952380952382
1,1,2.11,16,1.84,0,301.1,11.8,0,0,0,0,0.1763690476190476
1,0,0.46,20,1.52,2,30.8,1.3,1,0,0,0,0.11297619047619048
0,0,0.64,18,0.0,0,0.0,0.0,0,0,1,1,1.0
1,0,4.03,13,,0,0.0,0.0,0,1,1,1,1.0
1,0,5.84,26,,0,23.6,1.4,0,1,1,1,0.6139126984126986
1,0,6.72,26,0.0,0,25.8,0.9,0,0,1,1,0.9825833333333333
1,0,6.4,22,0.72,0,70.5,8.1,0,0,0,0,0.02583333333333333
1,0,0.99,22,0.98,0,173.6,7.2,0,0,0,0,0.026666666666666665
1,1,1.06,22,0.91,0,77.8,4.8,0,0,0,0,0.008
1,0,1.73,13,0.18,0,50.4,3.6,0,0,0,0,0.006363636363636364
1,1,7.06,17,1.18,0,151.7,9.8,0,0,0,0,0.3807380952380952
1,0,2.01,23,,2,14.9,1.9,0,1,1,1,0.9828571428571429
1,0,0.96,21,0.0,0,14.7,1.2,0,0,1,1,1.0
1,0,2.88,22,,0,102.9,5.7,0,1,1,1,0.8120039682539683
1,0,0.46,18,0.0,0,0.0,0.0,0,0,1,1,1.0
1,1,1.23,36,1.7,0,95.1,14.5,0,0,0,0,0.0665952380952381
1,0,1.47,21,0.0,0,0.8,0.1,0,0,1,1,1.0
0,0,0.63,0,,0,23.2,5.6,0,1,1,1,0.892
0,0,1.7,22,0.0,0,2.6,0.2,0,0,1,1,1.0
1,0,0.55,24,0.0,0,28.6,1.1,0,0,1,1,1.0
1,0,0.0,2,0.0,0,0.0,0.0,0,0,1,1,1.0
1,0,1.57,14,0.0,0,53.6,6.9,0,0,1,1,1.0
1,0,2.1,15,,0,21.5,1.3,0,1,1,1,0.538920634920635
1,0,4.95,26,0.0,0,33.1,1.2,0,0,1,1,0.9766666666666666
1,1,6.41,12,0.17,0,32.6,1.3,0,0,0,0,0.04666666666666667
1,0,2.03,11,,0,29.1,1.8,0,1,1,1,0.7853174603174604
1,1,4.31,5,1.44,0,5.1,0.2,0,0,1,0,0.40021428571428563
1,0,0.77,23,0.0,0,0.0,0.0,0,0,1,1,1.0
1,0,2.34,22,0.0,0,45.5,1.6,0,0,1,1,0.99
1,1,2.27,24,1.95,0,27.3,2.7,0,0,1,0,0.07467857142857143
1,1,4.71,33,1.38,0,53.9,5.3,0,0,1,0,0.0743888888888889
1,1,4.79,24,1.11,0,69.2,4.2,0,0,0,0,0.14935497835497835
1,1,6.8,21,0.32,1,14.7,2.2,0,0,0,0,0.005
1,0,0.01,5,0.0,0,0.0,0.0,0,0,1,1,1.0
1,1,4.36,21,1.84,0,44.7,3.8,0,0,0,0,0.02
1,0,1.98,71,,0,0.3,0.1,0,1,1,1,0.9193928571428571
0,0,5.34,24,,0,31.5,5.2,0,1,1,1,0.7696904761904761
1,0,1.05,21,0.0,0,0.0,0.0,0,0,1,1,1.0
0,0,1.98,24,,0,0.0,0.0,0,1,1,1,1.0
0,0,0.45,21,,0,14.1,0.8,0,1,1,1,0.9933333333333334
1,0,0.49,10,,0,0.0,0.0,0,1,1,1,1.0
1,0,4.03,21,1.96,0,131.7,8.0,0,0,0,0,0.02
1,0,10.22,21,0.39,0,5.0,0.2,0,0,0,0,0.032261904761904756
1,0,2.09,14,1.83,0,60.3,4.9,0,0,0,0,0.002
1,0,3.07,11,0.0,1,33.6,4.6,0,0,1,1,0.9969047619047618
1,0,0.99,11,0.98,0,0.0,0.0,0,0,1,1,0.9719444444444444
1,0,2.02,21,,0,45.9,2.9,0,1,1,1,0.8461587301587301
1,0,5.48,12,0.92,0,162.6,13.2,0,0,0,0,0.04445238095238095
0,0,0.0,1,0.0,0,0.0,0.0,0,0,1,1,1.0
1,0,0.21,9,0.76,0,2.7,0.1,0,0,0,0,0.2459761904761905
1,1,2.33,22,0.65,0,0.0,0.0,0,0,1,1,0.9971428571428571
1,0,2.03,12,,0,129.0,6.9,0,1,1,1,0.5577500000000001
1,1,0.08,18,1.89,0,103.3,2.5,0,0,0,0,0.02352380952380952
1,1,2.22,0,,0,0.0,0.0,0,1,1,1,1.0
1,0,1.33,22,0.59,0,62.4,2.6,0,0,0,0,0.1971428571428571
1,0,1.13,22,0.84,0,29.0,4.4,0,0,0,0,0.010333333333333332
1,0,1.16,36,0.0,0,39.8,2.1,0,0,1,1,0.99
1,1,4.59,26,1.56,0,22.4,2.5,0,0,1,0,0.20849999999999994
1,0,1.02,14,0.96,0,47.2,3.0,0,0,0,0,0.01
1,0,1.58,29,0.0,0,6.2,0.5,0,0,1,1,1.0
1,1,7.84,22,0.02,0,107.4,6.9,0,0,0,0,0.0625
1,0,1.5,13,0.42,0,67.4,4.3,0,0,0,0,0.0
1,0,2.46,22,,0,6.5,0.7,0,1,1,1,0.995
1,0,1.42,54,0.55,0,30.7,1.6,0,0,0,0,0.22283730158730158
1,0,7.76,25,0.15,1,134.7,7.6,0,0,0,0,0.0
1,0,0.63,12,0.99,0,75.5,4.3,0,0,0,0,0.08633333333333333
1,1,2.06,14,,1,43.0,4.1,0,1,0,1,0.613825036075036
1,0,0.21,8,0.0,0,120.8,4.3,0,0,1,1,0.98
1,0,3.61,16,0.0,1,103.5,6.6,0,0,1,1,0.9816666666666667
1,0,5.48,17,0.0,0,5.1,0.4,0,0,1,1,0.9966666666666666
0,0,1.9,25,0.41,0,32.3,0.5,0,0,0,0,0.12386111111111113
1,0,2.27,24,,0,49.5,2.7,0,1,1,1,0.9628214285714287
1,0,1.99,19,,0,0.0,0.0,0,1,1,1,1.0
0,0,2.68,0,0.0,1,0.0,0.0,6,0,1,1,0.9940000000000001
1,1,5.77,18,1.82,2,8.7,3.6,0,0,0,0,0.034499999999999996
1,0,2.9,12,1.02,1,47.9,2.9,0,0,0,0,0.0016666666666666666
1,1,0.76,15,0.0,0,55.4,1.2,0,0,1,1,0.9926666666666667
1,0,4.74,21,0.27,0,33.1,2.3,0,0,0,0,0.018000000000000002
1,0,5.39,14,,0,0.0,0.0,0,1,1,1,1.0
1,0,1.0,11,0.0,0,42.7,3.3,0,0,1,1,0.9895238095238095
1,1,2.53,15,1.38,0,38.5,2.8,0,0,0,0,0.034333333333333334
1,0,4.19,0,,0,5.7,1.2,7,1,1,1,0.9864285714285714
1,0,1.61,9,0.37,0,44.9,2.3,0,0,0,0,0.31551587301587297
1,1,0.65,11,0.0,0,11.4,0.2,0,0,1,1,0.99
1,0,0.12,12,0.78,0,26.9,1.8,0,0,0,0,0.1482142857142857
1,0,1.11,20,0.86,0,22.1,3.2,0,0,0,0,0.01
0,0,0.1,32,0.88,0,25.4,3.4,0,0,0,0,0.18891666666666665
1,0,0.95,22,1.02,0,20.7,4.1,0,0,0,0,0.05555555555555555
1,0,1.46,27,2.55,0,149.6,14.1,0,0,0,0,0.0695
0,0,2.09,0,,0,0.0,0.0,0,1,1,1,1.0
1,0,2.18,23,,0,3.4,1.5,0,1,1,1,0.9900000000000001
1,0,1.63,22,,0,9.6,0.9,0,1,1,1,1.0
1,0,3.49,22,0.72,0,,,0,0,0,0,0.004
1,0,1.98,0,,0,0.0,0.0,5,1,1,1,1.0
1,0,0.77,14,1.2,0,5.7,0.9,0,0,0,0,0.0
1,1,0.18,14,1.79,0,57.1,6.0,0,0,0,0,0.06133333333333333
0,0,2.24,0,,0,0.0,0.0,6,1,1,1,1.0
0,0,3.63,21,,0,16.0,1.7,0,1,1,1,1.0
1,0,0.42,17,0.0,1,8.0,0.3,0,0,1,1,1.0
1,0,2.86,12,1.06,0,16.9,1.3,0,0,0,0,0.0
1,0,5.04,16,,0,1.8,0.3,0,1,1,1,0.9556666666666668
1,1,2.6,23,,0,34.9,2.0,0,1,1,1,0.9265952380952379
1,0,2.29,21,,0,3.4,0.3,0,1,1,1,0.9715714285714285
1,1,1.18,16,1.63,0,26.3,2.1,0,0,0,0,0.15407142857142855
1,1,0.62,13,1.6,0,52.9,3.5,0,0,0,0,0.07233333333333332
1,0,0.8,20,1.53,1,39.2,3.2,0,0,1,0,0.14583333333333334
1,1,2.83,54,0.13,2,120.5,11.7,0,0,1,0,0.07882142857142858
1,0,0.33,18,1.64,0,149.1,13.4,0,0,0,0,0.06883333333333334
1,1,0.94,15,1.43,0,101.5,4.3,0,0,0,0,0.13166666666666668
1,0,5.08,21,0.0,0,77.2,8.2,0,0,1,1,0.9983333333333333
1,1,2.02,0,,0,0.0,0.0,5,1,1,1,1.0
1,0,0.92,14,1.05,0,36.6,6.0,0,0,0,0,0.0
1,0,1.97,24,0.0,0,12.6,1.2,0,0,1,1,0.9966666666666667
1,0,0.55,13,0.0,1,1.8,0.1,0,0,1,1,0.99
0,0,0.4,22,1.3,2,0.0,0.0,0,0,1,1,1.0
1,0,1.83,13,0.14,0,48.8,1.9,0,0,0,0,0.04969047619047618
1,0,1.58,21,0.35,0,38.5,2.3,0,0,0,0,0.10115476190476193
1,0,1.27,22,0.62,0,80.1,17.9,0,0,0,0,0.05916666666666666
0,0,0.6,22,,0,0.0,0.0,0,1,1,1,1.0
0,0,4.01,0,,0,0.0,0.0,5,1,1,1,1.0
1,0,3.22,22,0.71,0,56.7,7.5,0,0,0,0,0.0
1,0,4.45,19,1.45,0,49.0,4.5,0,0,1,0,0.3705
0,0,2.33,20,,0,4.6,0.8,0,1,1,1,1.0
1,1,0.61,0,0.0,0,0.0,0.0,0,0,1,1,1.0
1,0,0.04,4,1.93,0,9.1,1.4,0,0,0,0,0.0
1,1,2.93,0,0.98,0,80.5,3.8,0,0,1,1,0.8669285714285714
1,0,2.92,12,0.99,0,131.0,9.1,0,0,0,0,0.0016666666666666666
1,0,5.82,17,,0,63.3,3.2,0,1,1,1,0.8276309523809527
1,0,0.93,22,1.04,0,20.9,0.9,0,0,0,0,0.020761904761904763
1,0,3.47,16,0.0,0,2.9,1.4,0,0,1,1,1.0
1,1,7.61,10,1.07,0,43.9,3.7,0,0,0,0,0.09347619047619048
1,1,6.14,12,0.12,0,43.5,4.8,0,0,0,0,0.05333333333333334
1,1,4.92,15,1.25,2,77.2,26.3,0,0,0,0,0.0385
1,0,0.7,14,1.27,0,41.4,2.7,0,0,0,0,0.01
1,0,3.01,12,0.92,0,98.7,15.0,0,0,0,0,0.009523809523809523
0,0,0.09,30,1.88,0,49.8,2.1,0,0,0,0,0.006999999999999999
1,0,3.08,26,0.0,0,20.6,1.9,0,0,1,1,1.0
0,0,5.22,40,,0,79.3,3.0,0,1,0,1,0.7371666666666665
1,1,0.35,19,,0,0.0,0.0,0,1,1,1,1.0
0,0,0.09,11,0.0,0,0.0,0.0,0,0,1,1,1.0
1,0,2.04,15,0.0,0,17.8,7.3,0,0,1,1,1.0
1,1,2.89,0,,0,0.0,0.0,3,1,1,1,1.0
1,1,0.5,39,0.0,0,5.6,0.5,0,0,1,1,1.0
1,0,1.8,26,0.0,0,20.2,1.7,0,0,1,1,1.0
1,1,2.49,19,1.44,0,99.5,6.8,0,0,1,0,0.21529761904761904
1,0,1.02,14,0.95,0,79.2,3.6,0,0,0,0,0.0
1,1,1.38,10,1.19,0,29.9,2.1,0,0,0,0,0.0660952380952381
1,0,2.26,19,1.85,0,11.2,2.5,0,0,0,0,0.0936111111111111
1,0,1.01,23,0.01,1,0.0,0.0,0,0,1,1,1.0
1,0,2.96,23,,0,2.3,0.2,0,1,1,1,1.0
1,1,1.25,0,,0,0.0,0.0,2,1,1,1,1.0
0,0,3.46,24,,0,3.0,0.3,0,1,1,1,0.9891666666666665
1,1,2.04,20,0.42,0,66.4,6.6,0,0,0,0,0.07485714285714286
1,0,4.11,19,1.8,0,21.7,2.7,0,0,0,0,0.013166666666666667
1,1,2.53,15,1.38,1,68.2,2.5,0,0,0,0,0.06611904761904762
1,1,1.22,28,0.99,1,147.2,13.0,0,0,0,0,0.0488095238095238
0,0,0.12,24,0.0,0,41.3,4.9,0,0,1,1,0.9682142857142857
1,1,5.47,48,,0,154.0,5.6,0,1,1,1,0.7647142857142858
1,0,2.21,16,,0,52.2,3.2,0,1,1,1,0.8376666666666667
1,1,1.98,14,,0,159.6,11.7,0,1,0,1,0.7607142857142858
1,0,1.57,12,0.4,1,88.4,3.4,0,0,1,0,0.3256507936507937
1,0,6.05,20,1.12,0,65.5,4.2,0,0,0,0,0.05482142857142857
1,0,1.04,14,0.93,0,20.7,2.8,0,0,0,0,0.02107142857142857
0,0,0.04,6,0.02,0,0.0,0.0,0,0,1,1,0.9940000000000001
1,1,3.82,26,,1,17.3,0.5,0,1,1,1,0.9551428571428572
1,0,1.67,54,0.3,1,192.3,17.0,0,0,0,0,0.07749999999999999
1,1,3.94,25,1.76,0,44.9,1.7,0,0,0,0,0.04335714285714285
1,0,0.18,34,1.79,2,141.4,12.7,0,0,0,0,0.040166666666666656
0,0,2.82,18,,0,12.7,1.8,0,1,1,1,1.0
0,0,0.82,0,0.0,0,0.0,0.0,6,0,1,1,1.0
1,1,0.27,12,1.71,0,37.7,3.1,0,0,0,0,0.16288095238095238
1,0,0.73,14,1.24,0,35.1,4.8,0,0,0,0,0.0
0,0,1.44,162,,1,47.9,20.9,0,1,1,1,0.7299761904761904
1,1,1.3,15,1.32,0,19.2,1.3,0,0,0,0,0.17316666666666664
0,0,2.28,13,,0,0.0,0.0,0,1,1,1,1.0
1,0,0.62,13,0.0,0,89.6,6.1,0,0,1,1,1.0
0,0,0.45,0,1.52,0,0.0,0.0,5,0,1,1,1.0
0,0,4.17,20,,0,21.4,1.4,0,1,1,1,0.975
1,1,1.42,12,0.0,0,28.3,0.5,0,0,1,1,1.0
1,1,2.04,19,,0,51.8,2.2,0,1,1,1,0.7786944444444442
1,1,1.25,20,0.0,2,0.0,0.0,0,0,1,1,1.0
1,1,1.05,19,0.0,1,96.0,6.8,0,0,1,1,0.99
1,0,2.42,12,0.0,0,28.2,1.0,0,0,1,1,1.0
1,0,4.49,10,,0,8.9,0.4,7,1,1,1,0.9833333333333334
1,1,0.85,15,1.12,0,3.1,0.2,0,0,0,0,0.06483333333333334
1,0,3.07,20,1.09,0,47.7,9.9,0,0,0,0,0.0484047619047619
0,0,1.87,0,0.59,0,0.0,0.0,5,0,1,1,1.0
1,1,6.68,15,1.16,2,52.4,5.4,0,0,0,0,0.0175
0,0,2.23,24,,1,7.0,1.0,0,1,1,1,0.9966666666666666
1,1,0.45,20,0.0,0,0.0,0.0,0,0,1,1,1.0
0,0,3.52,14,0.01,2,0.0,0.0,0,0,1,1,0.9827222222222223
1,0,0.47,30,1.5,1,21.3,1.5,0,0,0,0,0.0825
1,0,0.54,0,0.0,0,19.9,1.1,2,0,1,1,1.0
1,1,1.2,22,0.78,0,45.6,1.5,0,0,0,0,0.04333333333333333
1,0,0.98,22,0.0,1,39.1,5.4,0,0,1,1,1.0
1,0,2.12,21,,0,0.0,0.0,0,1,1,1,1.0
1,0,1.08,8,0.9,0,18.6,1.8,0,0,0,0,0.05092857142857143
1,0,5.09,24,,1,3.8,0.5,0,1,1,1,0.8303333333333334
1,1,3.92,20,1.04,0,155.6,20.0,0,0,0,0,0.07466666666666666
1,0,1.45,0,0.0,0,1.4,0.1,6,0,1,1,1.0
1,1,6.34,22,1.86,0,23.1,2.2,0,0,0,0,0.0
1,0,1.09,14,0.88,0,52.0,2.4,0,0,0,0,0.006666666666666666
0,0,2.07,24,,1,132.5,8.5,0,1,0,1,0.8143506493506494
1,0,1.29,14,0.93,0,23.4,0.6,0,0,0,0,0.07633333333333332
1,1,2.83,20,,0,16.2,1.7,0,1,1,1,0.9700000000000002
1,1,0.98,24,1.24,0,110.4,4.9,0,0,0,0,0.11261904761904763
1,1,0.95,10,0.0,0,17.7,3.0,0,0,1,1,1.0
0,0,4.23,0,,0,9.4,0.8,7,1,1,1,0.9971428571428572
1,1,0.43,15,1.9,0,26.3,4.5,0,0,0,0,0.04254545454545454
1,1,4.75,15,1.14,0,107.7,2.3,0,0,0,0,0.10726190476190477
1,0,1.98,21,,1,13.8,1.3,0,1,1,1,1.0
1,1,5.39,15,1.63,0,4.4,0.5,0,0,0,0,0.08228571428571428
0,0,0.27,0,0.0,0,0.0,0.0,0,0,1,1,1.0
1,1,8.88,22,0.01,0,17.6,2.1,0,0,0,0,0.06435714285714286
1,1,6.9,10,1.29,0,5.4,1.3,0,0,0,0,0.0475
1,0,3.39,21,0.53,0,31.6,2.9,0,0,0,0,0.006666666666666666
1,0,0.06,11,0.0,0,24.3,2.5,0,0,1,1,0.9739199134199135
0,0,1.77,14,,1,0.0,0.0,0,1,1,1,1.0
1,0,3.46,12,0.46,0,156.7,11.4,0,0,1,1,0.5818333333333333
1,1,0.47,29,,1,25.0,2.9,0,1,1,1,0.7480119047619048
1,1,4.78,33,1.15,1,38.7,5.2,0,0,1,0,0.06991666666666667
0,0,5.13,23,,1,36.1,3.6,0,1,0,1,0.8699880952380953
1,0,3.21,22,0.71,0,40.1,4.1,0,0,0,0,0.011500000000000002
1,0,0.69,14,1.28,0,22.3,0.8,0,0,0,0,0.04559523809523809
1,0,0.86,20,1.11,0,50.4,2.2,0,0,0,0,0.1338611111111111
1,1,6.68,19,1.87,0,0.6,0.3,0,0,0,0,0.02419047619047619
1,1,0.86,22,1.11,0,7.7,1.0,0,0,0,0,0.14848809523809525
1,0,3.01,12,0.92,0,69.3,6.0,0,0,0,0,0.0
0,0,0.95,18,0.0,0,0.0,0.0,0,0,1,1,1.0
0,0,1.99,22,,0,10.1,1.4,0,1,1,1,1.0
1,1,1.5,40,,0,72.9,15.2,0,1,1,1,0.7815000000000001
0,0,2.03,20,,0,21.0,1.7,0,1,1,1,0.9771428571428572
1,1,2.69,58,0.24,0,28.1,8.0,0,0,0,0,0.09064285714285714
1,0,0.3,11,0.0,0,27.0,1.2,0,0,1,1,1.0
1,1,4.27,25,,0,22.6,7.0,0,1,1,1,0.8812976190476192
1,1,2.52,15,1.42,0,26.3,2.0,0,0,0,0,0.07387301587301587
1,1,8.43,21,0.32,0,35.2,2.3,0,0,0,0,0.005
1,0,2.52,21,0.33,1,113.5,3.5,0,0,0,0,0.11406349206349205
1,0,1.18,22,0.8,0,20.9,2.8,0,0,0,0,0.022476190476190476
1,0,4.56,21,0.39,0,11.3,5.0,0,0,0,0,0.008928571428571428
0,0,1.64,24,,1,13.0,2.2,0,1,1,1,0.9770357142857143
1,0,5.52,12,0.87,0,68.5,6.0,0,0,0,0,0.018000000000000002
0,0,3.91,24,,0,17.4,1.7,0,1,1,1,0.9881428571428572
1,0,3.29,24,,0,20.5,2.1,0,1,1,1,0.8625555555555556
1,0,2.36,24,,0,0.0,0.0,0,1,1,1,1.0
1,0,0.77,22,0.76,0,27.7,2.5,0,0,0,0,0.24482142857142858
1,0,5.36,10,1.83,0,63.7,6.7,0,0,0,0,0.13538095238095238
1,1,2.01,0,,0,0.0,0.0,5,1,1,1,1.0
1,0,1.1,14,0.88,0,91.5,8.6,0,0,0,0,0.013999999999999999
1,0,1.98,13,0.0,3,16.4,3.6,0,0,1,1,0.99
1,1,0.71,15,1.07,0,115.6,16.8,0,0,1,0,0.0898809523809524
1,1,3.91,21,0.0,0,21.6,1.5,0,0,1,1,0.9083333333333333
1,0,1.9,20,0.0,0,42.2,3.8,0,0,1,1,1.0
1,0,4.22,12,,0,20.6,1.6,6,1,0,1,0.8746428571428573
1,1,1.85,12,0.13,0,5.7,0.4,0,0,0,0,0.1440833333333333
1,1,1.34,12,0.63,0,30.0,2.3,0,0,0,0,0.20781746031746035
1,1,2.02,0,,0,0.0,0.0,5,1,1,1,1.0
0,0,2.2,22,,0,7.7,0.8,0,1,1,1,1.0
1,0,1.97,30,0.0,0,38.7,1.6,0,0,1,1,0.9925
0,0,3.61,18,,0,5.5,0.5,0,1,1,1,0.9941666666666668
1,0,0.62,14,1.35,0,30.6,1.9,0,0,0,0,0.01
1,0,0.87,26,,0,24.1,3.6,0,1,1,1,0.9802023809523809
1,0,0.83,13,0.0,0,1.7,0.2,0,0,1,1,1.0
1,0,1.25,26,0.68,0,22.6,3.0,0,0,0,0,0.13964285714285718
1,1,2.07,12,,0,29.7,1.3,0,1,0,1,0.7971666666666664
1,1,6.64,20,1.25,0,77.3,7.7,0,0,0,0,0.06338095238095237
1,1,6.29,12,0.87,2,39.3,5.0,0,0,0,0,0.05952380952380953
1,0,6.08,12,1.02,0,12.5,0.7,0,0,0,0,0.01
0,0,2.0,20,,0,40.8,2.3,0,1,1,1,0.9819999999999999
1,0,0.33,18,1.64,1,6.6,0.7,0,0,0,0,0.05471428571428571
1,0,0.45,0,0.0,0,0.0,0.0,1,0,1,1,1.0
1,0,6.58,18,,0,56.5,9.1,0,1,0,0,0.4530238095238095
1,0,1.97,24,0.0,0,133.8,10.9,0,0,1,1,0.985
0,0,1.04,22,0.98,0,0.0,0.0,0,0,1,1,1.0
1,0,2.29,5,,0,14.3,1.3,0,1,1,1,0.8342261904761904
1,1,3.56,17,0.37,0,130.4,5.2,0,0,0,0,0.20419047619047617
1,0,2.06,14,1.86,0,61.8,4.4,0,0,0,0,0.012666666666666666
1,1,4.11,18,1.78,0,93.4,14.8,0,0,0,0,0.03496825396825397
0,0,6.06,0,,2,11.7,1.9,1,1,1,1,0.8230714285714285
1,0,0.72,34,,0,22.2,2.2,0,1,1,1,0.8313730158730158
1,1,2.14,0,,0,0.0,0.0,0,1,1,1,1.0
1,1,2.01,0,,1,0.0,0.0,7,1,1,1,1.0
1,0,0.6,16,0.0,0,11.7,1.5,0,0,1,1,1.0
1,1,1.79,19,0.19,0,95.0,2.5,0,0,1,0,0.2526190476190476
1,0,0.71,22,0.0,1,40.6,5.6,0,0,1,1,1.0
1,1,6.16,22,1.52,0,131.9,11.6,2,0,0,0,0.0
0,0,5.08,17,0.0,1,14.7,1.5,0,0,1,1,0.9816666666666666
1,0,1.52,24,,0,8.1,0.4,0,1,1,1,0.9946666666666667
1,0,0.03,0,,0,6.9,0.8,0,1,1,1,0.9691428571428571
0,0,0.1,38,1.87,0,255.0,14.4,0,0,0,0,0.14191666666666664
1,0,3.7,24,,0,3.7,0.2,0,1,1,1,0.99
0,0,0.81,23,0.0,0,75.3,5.0,0,0,1,1,0.99
1,0,1.73,20,0.23,7,48.8,5.4,0,0,0,0,0.35456746031746034
0,0,3.06,15,,0,109.7,5.5,0,1,1,1,0.738452380952381
1,0,2.9,12,1.02,0,39.9,1.7,0,0,0,0,0.01
1,0,1.18,20,0.79,0,38.6,1.3,0,0,0,0,0.017857142857142856
0,0,0.83,35,0.0,0,79.1,9.4,0,0,1,1,0.9925
1,0,2.0,30,,0,28.5,1.9,0,1,1,1,0.943452380952381
1,0,6.12,22,0.85,0,97.5,8.2,0,0,0,0,0.016666666666666666
1,1,0.83,23,1.15,0,39.5,3.5,0,0,0,0,0.4106547619047619
0,0,0.0,0,0.0,0,0.3,0.0,0,0,1,1,0.995
1,0,1.13,13,0.02,0,57.3,2.7,0,0,1,0,0.18126190476190476
1,0,1.6,13,0.33,0,97.9,17.7,0,0,0,0,0.029523809523809525
1,1,5.28,22,,0,108.4,10.0,0,1,1,1,0.6696150793650796
1,0,2.37,21,1.58,0,30.0,3.0,0,0,0,0,0.12922619047619047
1,1,2.97,12,0.96,0,52.2,3.2,0,0,0,0,0.03507575757575757
0,0,2.73,20,1.3,1,0.0,0.0,0,0,1,1,1.0
0,0,0.0,1,,0,0.0,0.0,0,1,1,1,1.0
0,0,0.99,25,0.0,0,24.2,5.8,0,0,1,1,0.9975
0,0,0.27,43,1.71,0,37.4,2.0,0,0,0,0,0.006999999999999999
1,0,5.42,22,0.11,0,40.4,2.4,0,0,0,0,0.020666666666666663
0,0,2.15,0,,0,0.0,0.0,0,1,1,1,1.0
1,1,3.58,17,0.0,6,18.9,0.9,5,0,1,1,0.978
1,1,0.6,27,0.13,1,4.3,1.0,0,0,1,0,0.2086230158730159
0,0,7.35,12,,0,0.0,0.0,0,1,1,1,0.8649285714285712
1,1,6.24,18,1.61,0,75.3,3.8,0,0,0,0,0.0829029304029304
1,1,3.7,15,0.69,0,22.0,4.2,0,0,1,0,0.49696825396825406
0,0,0.36,0,,0,0.0,0.0,0,1,1,1,1.0
0,0,3.18,26,0.0,0,0.8,0.0,0,0,1,1,0.995
1,0,5.95,21,0.21,0,35.6,17.9,0,0,0,0,0.010833333333333332
1,0,1.98,22,,1,52.9,2.3,0,1,1,1,0.9556666666666667
1,1,2.7,15,1.22,1,36.9,3.8,0,0,0,0,0.022857142857142857
0,0,4.13,24,,0,67.8,6.8,0,1,0,1,0.7290238095238095
1,1,0.2,21,0.81,0,148.1,7.8,0,0,0,0,0.17177380952380955
1,0,0.57,22,0.0,1,20.3,5.4,0,0,1,1,1.0
1,0,0.62,14,1.35,0,27.1,1.6,0,0,0,0,0.005833333333333333
1,0,2.1,22,,0,34.9,4.5,0,1,1,1,0.9513333333333333
1,1,2.15,17,1.77,0,54.9,4.5,0,0,0,0,0.03959523809523809
1,0,2.65,11,1.63,0,35.4,2.1,0,0,0,0,0.33025
1,0,1.41,13,0.51,0,32.1,1.1,0,0,0,0,0.01
1,0,1.98,22,,0,0.0,0.0,0,1,1,1,1.0
1,1,1.32,22,0.68,0,0.0,0.0,0,0,1,1,0.99
1,0,1.41,6,0.51,0,162.9,9.1,0,0,0,0,0.15223015873015872
1,0,0.07,11,1.9,0,17.8,2.1,0,0,0,0,0.031095238095238096
1,0,2.19,22,0.0,0,54.7,4.4,0,0,1,1,1.0
1,0,3.1,20,0.0,0,22.3,3.0,0,0,1,1,0.9806666666666668
1,0,3.45,49,0.47,0,39.8,4.5,0,0,1,0,0.11107142857142857
1,1,2.62,40,1.3,0,181.7,26.0,0,0,0,0,0.03
1,0,0.01,4,,0,0.0,0.0,0,1,1,1,1.0
1,1,0.08,12,1.89,0,33.0,0.7,0,0,0,0,0.06490476190476191
1,1,4.48,18,,4,7.0,1.1,0,1,1,1,0.88075
1,1,0.31,20,0.78,0,82.9,3.9,0,0,0,0,0.15101190476190476
1,1,4.6,15,1.26,0,55.1,3.4,0,0,0,0,0.19892857142857143
1,1,0.72,28,,0,99.8,6.3,0,1,1,1,0.7797936507936508
1,1,9.23,18,1.45,0,264.4,24.0,0,0,0,0,0.16392857142857142
1,0,2.16,0,,0,0.0,0.0,0,1,1,1,1.0
0,0,0.35,49,1.62,0,0.0,0.0,0,0,1,1,0.965
1,1,1.18,36,1.04,2,104.3,7.4,0,0,0,0,0.12397619047619048
0,0,0.43,23,0.0,0,0.0,0.0,0,0,1,1,1.0
1,0,3.92,22,1.04,0,27.8,3.4,0,0,0,0,0.03421428571428571
0,0,0.66,12,0.0,0,36.7,11.7,0,0,1,1,0.9195277777777778
1,1,2.57,23,,0,13.9,1.2,0,1,1,1,0.9780833333333332
1,0,1.79,13,0.0,0,20.7,1.1,0,0,1,1,1.0
1,0,0.98,16,0.0,0,0.0,0.0,0,0,1,1,1.0
1,1,0.59,15,1.38,0,126.4,6.5,0,0,0,0,0.0025
1,1,6.84,8,,0,2.9,0.1,1,1,1,1,0.5032142857142857
1,1,0.65,15,1.32,2,52.6,2.7,0,0,0,0,0.018333333333333333
1,0,0.79,9,1.18,0,17.9,1.3,0,0,0,0,0.3380793650793651
0,0,0.33,19,1.64,0,0.0,0.0,0,0,1,1,1.0
1,0,1.52,21,0.41,0,26.8,2.8,0,0,0,0,0.005
0,0,1.58,17,,0,19.8,1.1,0,1,1,1,0.995
0,0,1.11,20,,0,0.0,0.0,0,1,1,1,1.0
1,0,0.46,8,0.45,1,52.8,5.1,0,0,1,0,0.30535714285714277
1,0,2.92,12,1.08,0,3.3,1.0,0,0,0,0,0.01525
0,0,1.91,69,,0,51.2,3.7,0,1,1,1,0.77575
1,0,1.98,22,,2,50.4,2.5,0,1,1,1,0.9614999999999999
0,0,1.24,21,0.0,0,0.0,0.0,0,0,1,1,1.0
1,0,1.99,13,,0,0.0,0.0,0,1,1,1,1.0
1,0,2.95,12,0.98,0,100.6,6.2,0,0,0,0,0.0
1,0,0.91,12,0.0,0,0.0,0.0,0,0,1,1,1.0
1,0,3.09,12,0.86,0,46.2,4.2,0,0,0,0,0.0
1,1,5.18,25,0.35,0,3.2,0.2,0,0,0,0,0.005833333333333333
1,1,0.13,11,1.84,0,55.7,4.5,0,0,0,0,0.030750000000000003
1,0,4.95,33,0.0,0,6.1,1.1,0,0,1,1,0.99
1,0,3.77,18,0.0,0,47.1,2.8,0,0,1,1,1.0
1,1,6.87,15,1.16,0,128.1,7.0,0,0,0,0,0.0125
0,0,0.02,0,,0,0.0,0.0,0,1,1,1,1.0
1,0,6.27,24,,0,6.8,0.9,0,1,1,1,0.5136190476190476
0,0,4.67,24,,0,0.0,0.0,0,1,1,1,0.995
1,0,0.3,19,1.68,0,43.9,6.4,0,0,0,0,0.02209523809523809
1,1,0.25,23,1.73,2,129.3,8.4,0,0,0,0,0.07301190476190476
1,0,2.14,11,0.21,1,17.5,1.4,0,0,1,1,0.5888333333333334
1,1,4.85,22,0.0,0,80.4,3.9,0,0,1,1,0.9854999999999999
1,1,2.2,20,1.73,0,26.8,1.5,0,0,0,0,0.09699999999999999
0,0,2.72,25,0.22,0,30.5,0.9,0,0,0,0,0.024666666666666663
1,1,0.0,0,0.0,0,0.0,0.0,0,0,1,1,1.0
1,1,3.46,12,0.42,0,40.6,3.0,0,0,0,0,0.06766666666666667
1,0,0.63,14,0.82,0,114.2,4.4,0,0,0,0,0.05833333333333333
1,0,2.02,23,,0,6.9,0.3,0,1,1,1,0.9975
1,0,1.65,11,0.0,0,8.1,0.3,0,0,1,1,1.0
0,0,5.13,0,,0,0.0,0.0,0,1,1,1,1.0
0,0,1.82,24,,0,0.0,0.0,0,1,1,1,1.0
0,0,0.82,12,0.0,0,0.0,0.0,0,0,1,1,1.0
0,0,0.48,0,0.0,1,1084.5,159.3,5,0,1,1,0.9734523809523811
1,0,1.67,13,0.3,1,28.6,2.3,0,0,0,0,0.011333333333333332
1,0,3.01,12,0.93,0,162.9,17.3,0,0,0,0,0.013999999999999999
0,0,2.36,21,,0,0.0,0.0,0,1,1,1,1.0
1,1,0.1,15,1.87,0,96.3,5.5,0,0,0,0,0.014833333333333334
1,1,1.49,22,1.96,0,85.7,3.5,0,0,0,0,0.054940476190476185
1,0,2.26,20,,0,0.0,0.0,0,1,1,1,1.0
1,0,0.4,11,0.88,0,10.0,0.8,0,0,0,0,0.19363492063492063
0,0,0.86,0,,0,0.0,0.0,0,1,1,1,1.0
1,0,1.28,8,0.69,0,42.4,27.2,0,0,0,0,0.25040476190476185
1,0,1.9,14,0.07,0,55.4,4.7,0,0,0,0,0.00125
1,0,1.88,14,0.07,0,39.7,4.1,0,0,0,0,0.0025
1,0,6.14,33,0.0,0,131.5,10.2,0,0,1,1,0.9758333333333333
1,0,6.18,21,1.6,0,86.9,5.1,0,0,0,0,0.046880952380952384
1,1,3.38,12,1.96,0,6.0,0.6,0,0,1,0,0.1831111111111111
1,1,6.27,12,0.77,0,18.1,0.5,0,0,0,0,0.11295238095238096
1,0,0.51,20,1.71,6,104.9,9.4,0,0,0,0,0.1184761904761905
1,0,0.77,0,,0,0.0,0.0,5,1,1,1,1.0
1,0,1.99,18,,0,532.6,28.3,0,1,1,1,0.6036904761904761
1,1,3.18,17,0.0,0,15.0,1.6,0,0,1,1,0.9677777777777777
1,1,9.06,15,1.24,2,10.0,1.6,0,0,0,0,0.07652380952380954
1,0,1.78,14,0.0,1,18.9,1.0,0,0,1,1,1.0
1,0,0.83,21,0.36,0,38.7,1.8,0,0,0,0,0.1743095238095238
1,1,0.62,15,1.35,0,15.9,0.7,0,0,0,0,0.015
1,0,3.27,22,,2,10.2,1.2,0,1,1,1,0.9841666666666667
1,1,0.53,20,0.02,0,85.6,4.9,0,0,0,0,0.0891031746031746
1,0,1.68,13,0.29,0,38.4,1.9,0,0,0,0,0.018023809523809522
0,0,4.42,21,0.0,1,4.1,0.3,0,0,1,1,1.0
0,0,2.49,21,,0,0.0,0.0,0,1,1,1,1.0
1,0,1.47,30,0.0,0,14.3,0.7,0,0,1,1,1.0
1,0,0.66,20,0.0,0,4.5,0.1,0,0,1,1,1.0
1,0,1.12,20,0.85,0,131.2,9.3,0,0,0,0,0.0
1,1,1.56,21,0.13,0,98.7,6.0,0,0,0,0,0.006999999999999999
1,0,2.41,0,,0,0.0,0.0,4,1,1,1,1.0
1,1,6.33,10,1.19,0,14.5,1.3,0,0,0,0,0.02861111111111111
1,0,3.87,22,0.04,0,42.4,5.5,0,0,0,0,0.06
0,0,2.01,57,,0,44.6,4.3,0,1,0,1,0.8923174603174603
1,1,6.56,21,1.69,1,16.3,6.1,0,0,0,0,0.01587301587301587
1,1,2.77,32,0.0,1,136.9,29.6,0,0,1,1,0.99
1,0,4.95,22,0.0,0,22.8,2.4,0,0,0,1,0.97
1,1,2.81,10,1.12,0,101.3,7.1,0,0,0,0,0.010190476190476189
1,1,3.31,22,,0,2.7,0.3,0,1,1,1,0.9975
1,1,0.93,22,1.04,0,138.0,15.1,0,0,0,0,0.03626190476190476
0,0,0.05,0,0.0,0,0.0,0.0,1,0,1,1,1.0
1,1,1.8,39,0.42,0,95.4,3.8,0,0,0,0,0.0952857142857143
0,0,1.98,21,,0,0.0,0.0,0,1,1,1,1.0
1,1,2.78,24,1.12,0,176.2,5.2,0,0,0,0,0.09661904761904762
1,0,2.42,19,,0,7.0,2.1,0,1,1,1,0.9937142857142857
0,0,2.05,0,,0,1.4,0.1,6,1,1,1,1.0
1,0,1.1,22,0.87,0,16.4,1.3,0,0,0,0,0.013500000000000002
1,1,7.52,28,0.02,0,121.2,6.6,0,0,0,0,0.06730952380952382
1,0,3.12,22,0.81,0,9.6,2.8,0,0,0,0,0.003333333333333333
0,0,0.88,23,,0,0.0,0.0,0,1,1,1,1.0
1,1,0.43,23,1.54,0,31.9,2.6,0,0,0,0,0.044976190476190475
1,1,0.08,18,1.89,0,52.3,2.6,0,0,0,0,0.0288015873015873
1,0,3.04,12,0.91,0,37.9,2.7,0,0,0,0,0.002
1,0,1.95,22,0.0,0,3.5,0.4,0,0,1,1,1.0
1,0,5.85,22,1.13,1,28.1,3.1,0,0,0,0,0.026999999999999996
1,0,0.88,14,1.09,1,18.3,2.0,0,0,0,0,0.0
1,0,0.11,8,1.86,0,20.9,0.9,0,0,0,0,0.09880952380952383
1,0,4.13,22,,0,61.0,4.8,0,1,1,1,0.7125714285714285
0,0,0.0,0,,0,0.0,0.0,0,1,1,1,1.0
0,0,2.66,15,0.0,0,21.0,3.4,0,0,1,1,1.0
1,1,4.81,22,0.01,0,85.6,3.5,0,0,1,0,0.06769047619047619
1,0,1.84,55,0.0,1,80.3,40.1,0,0,1,1,0.99
1,1,3.67,21,0.27,0,52.7,1.8,0,0,0,0,0.07335714285714286
1,0,1.33,13,0.64,1,20.1,1.0,0,0,0,0,0.07561111111111112
1,0,0.62,0,1.23,7,0.0,0.0,5,0,1,1,1.0
1,0,5.7,21,,0,80.3,15.8,0,1,1,1,0.6643650793650794
1,0,2.13,26,,0,6.5,0.3,0,1,1,1,0.98
1,0,2.11,14,,5,29.6,3.1,0,1,0,1,0.7827619047619047
1,1,1.22,28,1.0,2,175.4,12.1,0,0,0,0,0.04297619047619047
1,1,5.95,10,1.15,0,4.2,0.3,0,0,0,0,0.0
1,0,0.01,3,0.0,0,3.2,0.2,0,0,1,1,1.0
1,0,1.06,24,0.0,0,0.0,0.0,0,0,1,1,1.0
1,0,0.32,20,1.66,1,28.4,1.5,0,0,0,0,0.042333333333333334
1,0,1.25,14,0.72,0,59.4,4.2,0,0,0,0,0.0175
0,0,2.79,13,,0,0.0,0.0,0,1,1,1,1.0
0,0,1.92,32,,0,32.7,1.3,0,1,1,1,0.9517142857142856
1,1,0.53,15,1.44,0,92.0,13.4,0,0,0,0,0.004857142857142857
1,1,2.04,25,0.21,0,19.8,1.2,0,0,0,0,0.15544047619047618
1,1,1.98,10,,0,2.2,0.1,0,1,1,1,0.99125
1,0,3.4,0,,1,1.6,0.2,4,1,1,1,1.0
1,0,0.59,0,0.0,0,0.0,0.0,4,0,1,1,1.0
1,1,1.38,16,0.59,0,30.9,1.7,0,0,1,1,0.5344047619047619
1,1,0.13,10,1.84,0,18.1,1.2,0,0,0,0,0.0225
0,0,0.58,18,0.0,0,0.0,0.0,0,0,1,1,1.0
1,0,6.81,22,,0,49.9,2.5,0,1,0,1,0.6864880952380952
1,1,8.12,25,0.3,0,62.0,5.7,0,0,0,0,0.034999999999999996
1,1,3.64,23,1.85,0,40.0,1.7,0,0,0,0,0.0235
1,1,6.89,15,1.05,2,85.2,7.9,0,0,0,0,0.1914126984126984
1,0,1.14,22,0.84,0,74.4,4.5,0,0,0,0,0.0075
0,0,2.81,11,,0,0.0,0.0,0,1,1,1,1.0
1,0,1.53,12,0.39,1,62.2,3.8,0,0,0,0,0.3380714285714286
0,0,2.8,0,,0,0.0,0.0,2,1,1,1,1.0
1,0,0.88,14,1.09,0,18.6,0.9,0,0,0,0,0.0
1,0,0.32,20,1.66,0,57.9,4.5,0,0,0,0,0.016666666666666666
1,1,0.49,13,1.73,0,40.1,31.6,0,0,0,0,0.12784126984126984
1,0,0.31,12,0.0,0,28.2,3.9,0,0,1,1,1.0
1,0,2.39,19,1.88,0,66.4,9.1,0,0,0,0,0.09754761904761905
1,0,4.87,12,1.05,0,16.4,2.3,0,0,0,0,0.003666666666666667
1,1,5.77,9,0.0,0,31.8,3.2,0,0,1,1,0.9548333333333335
1,1,4.47,20,0.04,0,16.4,3.9,0,0,0,0,0.04983333333333334
1,0,1.92,14,0.06,0,81.2,4.1,0,0,0,0,0.009761904761904762
0,0,1.99,24,,0,16.8,1.4,0,1,1,1,0.9975
1,0,1.86,14,0.11,0,82.8,6.9,0,0,0,0,0.011047619047619046
1,0,4.99,21,1.57,0,39.5,4.9,0,0,0,0,0.061833333333333323
1,1,5.89,22,0.0,0,158.4,12.1,0,0,1,1,0.9616666666666667
1,0,0.43,13,0.0,0,51.7,2.1,0,0,1,1,1.0
1,0,3.28,16,,0,45.9,2.8,0,1,1,1,0.9165833333333333
1,1,0.55,24,1.43,0,70.5,1.7,0,0,0,0,0.028666666666666667
0,0,3.32,23,,0,2.1,0.2,0,1,1,1,1.0
1,1,3.94,20,1.97,0,85.3,7.9,0,0,0,0,0.0175
0,0,0.61,15,0.01,1,0.0,0.0,0,0,1,1,1.0
0,0,0.09,10,,1,0.0,0.0,1,1,1,1,0.995
1,1,4.91,20,,0,15.2,0.9,0,1,1,0,0.4656587301587301
1,0,0.62,12,,0,116.7,4.4,0,1,1,1,0.7798950216450216
1,0,3.19,12,0.76,0,7.3,0.9,0,0,0,0,0.0375
1,0,1.32,25,0.0,0,65.6,7.1,0,0,1,1,1.0
0,0,4.22,12,,0,0.2,0.0,0,1,1,1,0.9941666666666668
0,0,0.36,23,,0,86.5,8.1,0,1,1,1,0.9144285714285714
1,0,5.41,21,0.51,0,34.3,2.0,0,0,0,0,0.011833333333333331
1,0,0.6,18,0.0,0,0.0,0.0,0,0,1,1,1.0
1,0,0.99,14,0.99,0,54.7,2.8,0,0,0,0,0.0
1,0,3.23,25,0.0,0,0.9,0.3,0,0,1,1,1.0
1,0,0.25,8,0.55,0,17.5,3.5,0,0,0,0,0.25319841269841264
0,0,5.81,25,0.05,0,6.1,0.3,0,0,0,0,0.17875
1,0,2.02,15,,0,0.0,0.0,0,1,1,1,1.0
1,1,2.02,0,,0,0.0,0.0,4,1,1,1,1.0
1,1,0.58,24,0.61,0,7.0,0.8,0,0,0,0,0.15492857142857142
1,1,1.77,15,0.99,0,54.7,4.4,0,0,1,0,0.2643095238095238
1,1,3.98,15,1.95,0,41.9,1.2,0,0,0,0,0.06892857142857144
1,1,3.54,24,,0,15.2,1.7,0,1,1,1,0.8708809523809523
1,0,0.01,0,0.76,0,,,0,0,0,0,0.01
1,1,6.12,24,1.41,0,29.0,2.0,0,0,0,0,0.06654220779220779
0,0,4.72,24,,0,62.7,5.4,0,1,1,1,0.6735079365079365
1,1,2.82,13,0.0,0,1.7,0.2,0,0,1,1,1.0
1,0,1.98,9,,0,0.0,0.0,0,1,1,1,0.998
0,0,1.5,21,,0,3.4,0.3,0,1,1,1,0.985
1,1,2.19,12,0.43,1,74.8,2.2,0,0,0,0,0.05970238095238095
1,1,2.07,17,1.86,0,13.4,0.6,0,0,0,0,0.042833333333333334
1,0,1.98,13,,0,12.9,1.0,0,1,1,1,0.9858333333333333
1,1,0.04,3,1.93,0,7.0,0.7,0,0,0,0,0.013636363636363637
1,0,2.75,22,,0,13.1,1.5,0,1,1,1,0.9966666666666667
1,0,1.42,14,0.03,0,25.4,3.2,0,0,0,0,0.14734920634920637
1,1,5.3,10,1.26,0,145.6,23.2,0,0,0,0,0.020238095238095236
0,0,4.56,13,,0,0.1,0.0,0,1,1,1,0.9662142857142857
1,0,2.18,24,,0,0.4,0.0,0,1,1,1,0.995
1,1,4.1,16,1.9,0,34.3,4.3,0,0,0,0,0.014499999999999999
1,0,6.82,29,0.0,0,59.3,1.4,0,0,1,1,0.9866666666666666
1,0,1.97,22,0.0,1,0.0,0.0,0,0,1,1,1.0
1,1,1.74,20,0.23,0,110.4,7.3,0,0,0,0,0.06671428571428571
1,1,2.1,19,1.82,0,35.4,5.4,0,0,0,0,0.026333333333333334
1,1,3.44,20,0.48,0,89.0,7.9,0,0,0,0,0.049833333333333334
1,1,0.08,0,0.0,0,27.1,0.8,0,0,1,1,0.9925
1,0,0.16,20,1.81,0,40.2,2.1,0,0,0,0,0.015
1,0,6.24,20,,1,12.5,0.7,0,1,0,1,0.9828333333333333
1,0,2.95,33,,0,0.2,0.0,0,1,1,1,0.998
1,0,1.19,39,0.0,0,82.0,17.1,0,0,1,1,1.0
1,1,3.3,12,0.5,0,12.8,0.7,0,0,0,0,0.07685714285714287
1,0,3.24,12,0.78,0,14.3,1.0,0,0,0,0,0.017
1,0,3.59,21,0.33,0,58.1,3.3,0,0,0,0,0.019
1,0,1.07,21,0.0,0,6.7,0.4,0,0,1,1,1.0
1,0,1.1,10,1.04,0,6.0,0.8,0,0,1,0,0.0901904761904762
0,0,3.64,15,,0,7.2,0.4,0,1,1,1,0.9907777777777776
1,1,9.47,17,1.83,0,5.5,0.6,0,0,0,0,0.03342857142857143
1,0,3.02,22,0.0,0,72.2,4.3,0,0,1,1,0.9908333333333332
0,0,1.06,18,,0,37.2,1.8,0,1,1,1,0.99
1,0,2.86,15,0.0,3,33.6,3.3,0,0,1,1,0.99
1,0,0.58,16,0.0,2,13.2,3.1,0,0,1,1,1.0
0,0,5.0,32,,0,78.2,6.0,0,1,1,1,0.7796984126984127
0,0,8.25,24,,0,4.7,0.4,0,1,0,1,0.7351706349206352
1,1,3.43,0,,0,3.0,0.3,3,1,1,1,1.0
1,0,1.99,25,,0,24.9,1.5,0,1,1,1,0.8809087301587302
1,0,7.87,21,0.1,1,63.6,7.2,0,0,0,0,0.002
0,0,3.37,22,,0,0.0,0.0,0,1,1,1,1.0
1,0,2.78,20,,0,0.0,0.0,0,1,1,1,1.0
1,0,1.97,4,0.25,0,0.0,0.0,0,0,1,1,0.9790476190476189
0,0,2.51,22,,0,0.0,0.0,0,1,1,1,1.0
1,1,4.4,24,,1,99.9,10.1,0,1,0,1,0.7995
1,0,0.61,22,0.0,0,31.8,2.4,0,0,1,1,0.985
1,0,3.36,13,,0,0.0,0.0,0,1,1,1,1.0
1,1,0.91,17,1.31,0,0.0,0.0,0,0,1,1,1.0
1,0,1.43,13,0.49,0,8.4,0.6,0,0,0,0,0.04025
1,0,1.56,13,0.32,1,37.7,2.3,0,0,0,0,0.0345
1,0,0.38,13,0.0,0,0.3,0.0,0,0,1,1,0.9833333333333333
1,1,0.42,12,0.0,0,9.0,0.3,0,0,1,1,0.995
1,0,4.31,20,1.59,0,12.2,1.5,0,0,0,0,0.0365
0,0,4.62,141,,0,102.8,24.5,0,1,1,1,0.500297619047619
1,0,1.26,14,0.71,0,80.6,4.0,0,0,0,0,0.03083333333333333
1,0,2.09,21,,0,5.2,0.3,0,1,1,1,0.9925714285714287
1,1,2.58,0,,0,0.0,0.0,0,1,1,1,1.0
1,0,0.04,3,1.93,0,13.0,0.5,0,0,0,0,0.044607142857142866
1,0,3.03,25,0.0,0,79.2,5.8,0,0,1,1,1.0
0,0,1.98,16,,0,2.6,0.1,0,1,1,1,1.0
0,0,4.08,16,,0,0.1,0.0,0,1,1,1,0.8808690476190476
1,1,1.35,25,,0,30.2,2.3,0,1,1,1,0.9596666666666667
0,0,1.28,0,0.0,0,0.0,0.0,7,0,1,1,1.0
1,0,0.13,4,1.85,0,0.0,0.0,0,0,1,1,0.9208373015873015
0,0,0.2,19,1.77,0,0.0,0.0,0,0,1,1,1.0
1,0,1.53,19,0.68,2,54.8,3.9,0,0,1,0,0.2979642857142857
1,1,2.68,15,1.24,0,49.8,2.9,0,0,0,0,0.04591666666666667
1,1,0.08,12,1.89,0,34.8,8.6,0,0,0,0,0.005357142857142857
0,0,2.01,32,,0,39.8,8.3,0,1,1,1,0.9603571428571429
1,1,1.88,14,0.09,0,14.9,0.6,0,0,0,0,0.11541666666666667
0,0,0.25,21,1.72,0,144.7,8.4,0,0,0,0,0.2591547619047619
1,1,1.63,32,0.0,1,218.8,49.3,0,0,1,1,0.8794047619047619
1,1,1.7,13,0.22,0,19.6,0.7,0,0,0,0,0.04783333333333333
1,0,0.88,14,0.0,0,26.1,1.1,0,0,1,1,1.0
1,1,0.68,15,1.29,3,130.3,9.7,0,0,0,0,0.014285714285714285
1,1,6.79,24,0.0,0,66.1,6.1,0,0,1,1,0.9168910256410256
1,1,0.75,15,1.22,0,29.7,1.2,0,0,0,0,0.0025
1,1,4.47,21,0.12,0,1.2,0.1,0,0,0,0,0.023333333333333334
1,0,0.9,14,0.52,1,129.7,9.7,0,0,0,0,0.09400793650793653
1,0,2.59,20,,0,3.9,0.1,0,1,1,1,0.981
1,1,0.75,15,1.22,0,81.5,19.2,0,0,0,0,0.0
1,0,4.52,24,,0,10.3,0.8,0,1,1,1,0.9576666666666667
1,0,2.13,22,0.8,0,48.3,4.6,0,0,0,0,0.0671547619047619
1,0,1.46,23,0.0,1,39.5,2.5,0,0,1,1,1.0
1,1,6.45,29,1.78,4,206.7,17.9,0,0,0,0,0.07086111111111111
1,1,2.0,22,,0,0.0,0.0,0,1,1,1,1.0
1,0,5.21,20,1.04,0,37.0,8.3,0,0,0,0,0.055325396825396826
1,0,0.52,31,,4,0.0,0.0,0,1,1,1,0.9892857142857143
0,0,2.74,33,,0,75.1,4.0,1,1,1,1,0.8285714285714286
1,0,5.85,22,0.0,0,89.5,3.5,0,0,1,1,0.9444444444444444
0,0,1.73,18,0.75,1,0.0,0.0,0,0,1,1,1.0
0,0,1.21,21,1.5,0,0.0,0.0,0,0,1,1,1.0
1,0,5.53,26,0.0,0,37.6,2.0,0,0,1,1,1.0
1,1,3.34,15,1.61,0,113.1,3.6,0,0,0,0,0.12924603174603178
0,0,2.3,25,1.62,0,63.7,5.4,0,0,0,0,0.09944444444444443
1,1,0.85,36,1.36,5,119.5,7.8,0,0,0,0,0.048035714285714286
0,0,3.58,32,,0,43.9,3.8,0,1,1,1,0.7243968253968253
1,0,5.45,22,0.0,0,16.9,1.3,0,0,1,1,0.99
1,0,4.67,36,,0,10.3,0.6,0,1,1,1,0.8770833333333334
1,1,0.11,14,1.68,1,89.8,3.2,0,0,0,0,0.05833333333333333
1,1,0.52,18,0.0,3,29.1,6.6,0,0,1,1,0.99
0,0,5.47,17,,2,43.3,2.5,0,1,1,1,0.7460238095238096
1,0,1.85,19,0.0,0,0.5,0.1,0,0,1,1,1.0
1,0,0.37,5,0.0,0,16.1,2.3,0,0,1,1,1.0
1,1,2.64,22,,0,15.9,5.0,0,1,1,1,0.958
1,1,5.54,22,0.02,0,65.5,5.1,0,0,0,0,0.029444444444444443
1,1,0.58,15,1.39,0,5.5,2.0,0,0,0,0,0.047452380952380954
1,0,6.64,24,,0,13.3,2.1,0,1,1,1,0.5084642857142857
1,1,6.3,13,0.0,1,49.2,4.8,1,0,1,1,0.975
1,1,0.05,3,1.36,0,20.4,1.8,0,0,0,0,0.08795238095238095
1,0,1.65,15,,0,2.6,0.1,5,1,1,1,0.9746666666666667
1,1,2.07,22,1.4,0,47.7,3.1,0,0,1,0,0.1567857142857143
1,0,5.2,21,0.29,0,55.3,5.0,0,0,0,0,0.01
1,0,0.38,18,0.51,0,20.4,1.2,0,0,0,0,0.12864285714285717
1,1,3.25,12,0.64,0,9.4,0.6,0,0,0,0,0.1291060606060606
0,0,1.84,20,0.0,0,0.0,0.0,0,0,1,1,1.0
1,1,3.05,18,0.0,0,2.4,0.2,0,0,1,1,1.0
1,0,3.11,11,0.84,0,64.2,11.1,0,0,0,0,0.11366666666666665
1,0,0.03,0,1.95,0,0.2,0.1,0,0,0,0,0.18221428571428572
0,0,0.48,22,0.0,0,28.2,2.3,0,0,1,1,1.0
1,1,0.83,24,1.14,0,89.1,8.7,0,0,0,0,0.060833333333333336
0,0,2.36,41,,0,11.2,0.9,0,1,0,1,0.9542857142857142
1,0,1.7,13,0.22,0,36.4,5.2,0,0,0,0,0.02
0,0,5.2,24,,1,40.6,2.5,0,1,1,1,0.7428333333333335
1,1,4.04,22,0.05,0,32.1,2.0,0,0,0,0,0.018666666666666668
1,1,0.6,15,1.37,0,61.5,2.8,0,0,0,0,0.0
0,0,0.21,37,0.16,0,76.7,3.8,0,0,0,0,0.1475
0,0,2.06,17,,0,0.0,0.0,0,1,1,1,1.0
0,0,0.73,18,0.0,0,0.0,0.0,0,0,1,1,1.0
1,0,0.92,8,1.06,0,27.2,3.1,0,0,0,0,0.07947619047619048
0,0,3.16,15,0.0,0,32.3,1.2,0,0,1,1,1.0
1,0,1.95,6,0.0,1,0.0,0.0,1,0,1,1,1.0
1,1,5.2,17,0.82,0,34.7,4.2,0,0,1,1,0.6513730158730158
1,1,0.71,15,1.26,0,104.7,7.4,0,0,0,0,0.01633333333333333
1,0,3.23,12,0.87,0,9.0,2.7,0,0,0,0,0.03471428571428572
0,0,3.02,0,0.0,2,0.0,0.0,4,0,1,1,1.0
0,0,0.68,22,1.29,0,0.0,0.0,0,0,1,1,1.0
1,0,1.04,14,0.93,0,28.4,1.8,0,0,0,0,0.0275
1,0,0.16,12,1.04,1,69.6,6.7,0,0,0,0,0.03583333333333333
1,1,2.23,28,0.0,0,70.9,7.5,0,0,1,1,0.9833333333333333
1,0,0.79,14,1.95,0,40.4,5.7,0,0,0,0,0.09757142857142856
1,1,1.74,56,0.0,0,152.8,9.8,0,0,1,1,0.985
1,1,7.03,5,0.02,0,1.5,0.1,0,0,1,0,0.46842857142857147
1,1,1.35,22,0.0,0,33.3,3.0,0,0,1,1,0.965
1,1,5.5,15,,0,0.0,0.0,0,1,1,1,0.9975
1,1,1.02,32,0.95,0,112.2,11.5,0,0,0,0,0.21470634920634918
0,0,0.24,31,1.73,0,45.9,6.5,0,0,0,0,0.08694444444444445
1,1,4.17,14,1.73,0,87.2,6.9,0,0,0,0,0.23141666666666666
1,0,3.04,19,0.0,0,3.2,0.2,0,0,1,1,0.998
1,0,1.15,22,0.88,0,159.2,13.1,0,0,1,0,0.01
1,1,0.42,24,1.56,0,69.4,1.9,1,0,0,0,0.020095238095238097
1,1,0.55,22,0.0,0,71.4,4.8,0,0,1,1,0.99
1,0,0.64,14,1.33,0,73.0,3.3,0,0,0,0,0.003333333333333333
1,0,7.6,14,,0,4.2,0.5,0,1,1,1,0.939797619047619
0,0,0.44,35,1.53,2,148.6,23.9,0,0,0,0,0.15107142857142855
1,1,1.87,22,0.1,0,34.6,2.2,0,0,1,0,0.0725
1,1,6.48,28,1.41,0,219.9,85.5,0,0,0,0,0.08506349206349206
1,1,0.44,17,1.53,0,39.5,13.5,0,0,0,0,0.24427380952380953
0,0,2.21,21,,0,8.6,0.6,0,1,1,1,1.0
1,0,5.11,21,0.0,0,72.7,7.8,0,0,1,1,0.9983333333333333
1,1,0.79,15,1.18,0,18.6,1.3,0,0,0,0,0.015
1,0,3.42,53,,0,99.2,11.5,0,1,1,1,0.8034761904761905
0,0,5.56,20,,0,10.9,0.6,0,1,1,1,0.9611666666666667
1,0,0.7,19,0.52,0,133.5,5.9,0,0,1,0,0.3228928571428571
1,1,2.0,0,,0,0.0,0.0,5,1,1,1,1.0
1,1,1.27,30,0.0,0,71.7,7.0,0,0,1,1,1.0
1,0,0.11,13,1.86,0,16.0,0.7,0,0,0,0,0.005833333333333333
1,1,6.21,16,1.58,1,70.6,2.6,0,0,0,0,0.028214285714285713
1,0,2.99,17,0.0,0,19.6,0.6,0,0,1,1,1.0
1,0,0.48,23,1.5,0,17.7,1.6,0,0,0,0,0.10619047619047621
1,0,0.62,14,1.35,0,45.7,3.3,0,0,0,0,0.008
1,0,3.23,25,,0,50.9,4.8,0,1,1,1,0.8829285714285714
1,0,0.92,22,0.0,0,0.0,0.0,0,0,1,1,1.0
1,0,2.21,26,0.0,0,62.0,9.4,0,0,1,1,0.9966666666666666
1,0,7.91,0,,0,0.0,0.0,0,1,1,1,0.99
1,1,6.09,10,0.64,0,31.3,3.2,0,0,1,0,0.400468253968254
1,0,2.02,20,,0,0.6,0.0,0,1,1,1,0.9158333333333333
0,0,3.72,40,,0,128.6,12.5,0,1,1,1,0.7841309523809522
1,0,1.1,22,0.87,0,6.5,0.8,0,0,0,0,0.049166666666666664
1,0,6.96,19,,0,17.6,1.1,2,1,0,1,0.5610476190476191
1,0,1.34,24,,0,5.6,1.4,0,1,1,1,0.9685714285714284
1,1,4.58,16,0.0,0,5.8,1.1,0,0,1,1,0.978
1,1,6.9,16,1.74,0,43.0,3.2,0,0,0,0,0.023333333333333334
1,0,3.03,10,,0,74.8,3.5,0,1,1,1,0.8766666666666667
1,0,2.94,0,0.0,0,5.0,0.4,5,0,1,1,0.993
0,0,0.75,25,0.18,0,38.2,1.1,0,0,0,0,0.09700000000000002
0,0,3.18,21,,0,16.0,1.2,0,1,0,1,0.99
1,1,0.48,0,,0,0.0,0.0,0,1,1,1,1.0
1,0,1.7,36,0.0,0,42.8,3.6,0,0,1,1,1.0
1,1,0.72,15,1.26,3,33.4,4.7,0,0,0,0,0.042333333333333334
1,1,2.09,18,1.8,0,85.7,2.5,0,0,0,0,0.015499999999999998
0,0,5.53,12,,0,,,0,1,0,0,0.37207142857142855
1,0,2.54,21,0.0,0,33.7,1.2,0,0,1,1,0.98
1,1,5.66,20,0.0,0,15.1,0.5,0,0,1,1,0.8807539682539683
1,0,4.55,22,0.07,0,33.9,2.3,0,0,0,0,0.003333333333333333
1,1,4.12,15,1.83,0,111.8,6.3,0,0,0,0,0.1214047619047619
0,0,1.37,26,,0,84.1,4.2,0,1,1,1,0.7729404761904761
1,1,0.48,21,1.5,0,23.5,1.0,0,0,0,0,0.21571428571428572
1,1,0.68,15,1.3,1,61.9,3.1,0,0,0,0,0.005
1,0,1.76,13,0.16,0,37.2,2.0,0,0,0,0,0.0
1,1,2.54,20,,0,1.5,0.1,0,1,1,1,0.9833333333333333
1,0,6.05,32,,0,72.0,5.6,0,1,0,1,0.6192936507936506
0,0,5.98,35,1.94,0,112.0,7.1,0,0,0,0,0.07884523809523808
1,0,5.22,24,,0,14.3,1.2,0,1,1,1,0.8277229437229439
1,1,0.53,20,0.0,0,64.3,5.9,0,0,1,1,0.985
1,0,1.36,28,0.86,0,39.3,3.2,0,0,0,0,0.08580952380952381
1,0,0.42,12,0.0,0,20.8,1.5,0,0,1,1,1.0
1,0,0.93,30,0.0,0,15.4,1.1,0,0,1,1,1.0
1,1,1.75,0,0.0,0,0.0,0.0,0,0,1,1,1.0
0,0,0.72,22,1.25,6,0.0,0.0,0,0,1,1,1.0
1,0,0.91,14,1.07,0,24.2,1.9,0,0,0,0,0.028690476190476186
1,0,6.96,8,0.9,0,52.2,3.4,0,0,0,0,0.04764285714285714
1,1,1.77,12,0.0,1,58.7,3.4,0,0,1,1,0.9975
0,0,0.78,22,0.0,0,0.0,0.0,0,0,1,1,1.0
1,0,1.15,22,0.11,1,133.9,14.2,0,0,0,0,0.08654761904761905
1,1,6.41,15,1.34,0,25.8,2.3,0,0,0,0,0.01916666666666667
0,0,2.08,38,,0,51.0,5.5,0,1,1,1,0.8988333333333333
1,1,0.24,11,0.63,0,6.4,0.5,0,0,1,0,0.32337698412698407
1,0,3.63,16,0.0,0,34.8,4.0,0,0,1,1,1.0
1,0,1.13,13,0.84,0,25.1,2.2,0,0,0,0,0.2430674603174603
1,1,1.45,11,0.52,0,,,0,0,0,0,0.21850793650793648
0,0,0.65,11,0.0,1,25.6,1.8,0,0,1,1,1.0
1,0,1.84,13,0.1,0,4.3,0.3,0,0,0,0,0.021666666666666664
1,0,4.55,24,,0,86.3,7.2,0,1,1,1,0.5448344155844156
1,1,0.61,22,,1,14.5,0.8,0,1,1,1,0.9287222222222222
1,1,0.28,15,0.0,0,18.0,2.4,0,0,1,1,1.0
1,0,0.32,0,0.0,1,9.5,2.9,0,0,1,1,0.99
1,0,0.93,14,0.0,1,11.9,1.6,0,0,1,1,1.0
1,0,3.59,22,1.33,0,24.1,1.8,0,0,0,0,0.07358333333333332
1,1,2.77,10,1.15,0,133.3,7.6,0,0,0,0,0.04280952380952381
0,0,0.92,21,,0,9.1,0.5,0,1,1,1,1.0
0,0,2.0,22,0.95,1,58.0,8.8,0,0,0,0,0.43024999999999997
0,0,3.33,23,,0,0.0,0.0,0,1,1,1,1.0
1,0,2.87,12,1.07,0,6.8,0.7,0,0,0,0,0.009666666666666665
1,0,0.93,21,0.0,0,25.0,1.4,0,0,1,1,1.0
0,0,0.76,0,,0,0.0,0.0,0,1,1,1,1.0
1,0,0.69,14,1.28,0,25.8,1.9,0,0,0,0,0.0425
1,1,7.68,21,0.0,0,33.5,4.4,0,0,1,1,0.6901626984126985
1,1,1.06,0,,0,3.7,0.3,0,1,1,1,1.0
1,0,1.21,16,,0,0.2,0.0,0,1,1,1,0.9840000000000001
1,0,2.43,16,0.0,0,26.4,2.6,0,0,1,1,1.0
0,0,2.0,0,,0,0.0,0.0,4,1,1,1,1.0
1,1,2.82,15,1.1,0,33.1,1.3,0,0,0,0,0.0475
1,1,2.15,21,0.89,0,22.4,1.0,0,0,0,0,0.12792857142857142
1,0,4.07,30,,0,49.7,1.9,0,1,1,1,0.8872857142857142
1,1,6.96,16,1.81,0,26.7,4.2,0,0,0,0,0.0105
1,0,4.45,22,,1,26.7,1.4,0,1,1,1,0.9648888888888888
1,1,5.89,12,0.44,0,30.9,5.7,0,0,0,0,0.06963095238095236
1,0,1.55,56,0.0,0,69.8,21.2,0,0,1,1,0.99
1,0,0.36,16,0.0,0,4.4,0.8,1,0,1,1,0.9775
0,0,2.92,24,,0,7.5,0.4,0,1,1,1,0.9842142857142858
1,0,1.18,18,0.0,0,0.0,0.0,0,0,1,1,1.0
1,1,0.77,15,1.2,0,85.7,21.2,0,0,0,0,0.0025
0,0,2.05,25,,0,49.4,4.8,0,1,1,1,0.946
1,0,5.33,24,,0,8.5,1.4,0,1,1,1,0.8750000000000001
1,0,0.4,18,0.29,0,36.5,2.5,0,0,0,0,0.19442857142857148
1,1,0.15,24,1.14,0,65.3,9.5,0,0,0,0,0.06722222222222221
0,0,2.42,24,0.0,1,25.9,3.4,0,0,1,1,0.99
1,0,2.09,16,,0,0.0,0.0,0,1,1,1,1.0
1,1,0.9,24,1.08,1,50.7,3.5,0,0,0,0,0.13316666666666668
1,0,1.29,0,,0,0.0,0.0,0,1,1,1,1.0
1,0,6.77,12,0.92,0,76.3,3.5,0,0,0,0,0.04166666666666667
1,0,0.21,10,0.06,0,82.2,7.3,0,0,0,0,0.26241666666666663
1,0,6.54,21,0.19,0,61.1,4.2,0,0,0,0,0.0
1,1,2.55,19,1.34,0,172.2,11.4,0,0,0,0,0.07651190476190478
0,0,0.68,49,0.0,1,0.0,0.0,0,0,1,1,1.0
1,0,0.96,14,1.01,0,26.9,3.8,0,0,0,0,0.01
1,0,2.73,25,0.37,0,67.1,5.3,0,0,0,0,0.04916666666666667
1,1,6.81,12,0.19,0,16.2,3.8,0,0,0,0,0.015333333333333334
0,0,1.53,25,0.0,0,7.6,0.9,0,0,1,1,0.9716666666666667
1,1,4.72,16,1.63,0,56.5,4.9,0,0,0,0,0.01583333333333333
1,1,1.84,28,1.79,3,2.8,0.2,0,0,0,0,0.11615079365079364
1,0,1.38,11,0.0,0,20.7,0.6,0,0,1,1,0.995
1,1,4.05,22,0.0,0,31.9,2.4,0,0,1,1,0.9696666666666666
0,0,5.19,24,,3,11.8,0.8,0,1,1,1,0.6467420634920634
1,0,2.29,15,1.62,0,150.5,8.7,0,0,1,0,0.15650000000000003
1,0,0.26,0,1.96,0,12.7,5.4,0,0,0,0,0.09259523809523809
1,1,0.78,11,1.27,0,0.0,0.0,0,0,1,1,0.992
0,0,0.11,27,0.0,0,0.0,0.0,0,0,1,1,1.0
1,0,1.02,14,0.0,1,61.2,10.4,0,0,1,1,1.0
0,0,1.79,40,,0,69.8,10.3,0,1,1,1,0.7898769841269843
0,0,2.45,23,1.49,0,40.1,7.8,0,0,0,0,0.13811904761904764
1,1,0.6,15,1.37,0,28.0,4.0,0,0,0,0,0.0175
0,0,0.18,16,0.0,0,0.0,0.0,0,0,1,1,1.0
1,1,0.61,22,1.36,0,58.9,2.1,0,0,0,0,0.05330952380952381
1,1,3.44,21,0.43,0,8.4,0.6,0,0,0,0,0.002
1,0,3.99,18,1.95,0,421.5,43.0,0,0,0,0,0.05026190476190476
1,0,4.79,24,0.0,0,23.1,1.2,0,0,1,1,0.98
0,0,1.58,13,,0,0.0,0.0,0,1,1,1,1.0
1,1,1.68,14,0.0,0,13.0,1.7,0,0,1,1,1.0
1,0,0.82,24,0.0,0,0.0,0.0,0,0,1,1,1.0
1,1,7.0,15,1.22,0,67.8,6.1,0,0,0,0,0.0
1,1,6.87,18,1.87,1,12.4,1.8,0,0,0,0,0.0
0,0,2.23,39,,0,63.1,2.2,0,1,1,1,0.8909999999999999
1,0,0.78,8,0.0,0,5.0,0.8,0,0,1,1,1.0
1,1,1.04,11,0.0,0,49.9,1.2,0,0,1,1,0.9926666666666667
1,1,1.1,22,0.87,0,70.0,4.6,0,0,0,0,0.06958333333333334
1,1,2.32,16,1.59,0,52.2,4.2,0,0,0,0,0.06994444444444445
0,0,0.16,77,0.0,0,95.0,51.0,0,0,1,1,0.9530714285714287
0,0,6.88,24,,0,131.7,10.0,0,1,0,0,0.3977023809523811
1,0,2.12,20,,0,10.3,1.0,0,1,1,1,0.9804761904761904
1,1,5.06,11,,0,22.7,4.6,0,1,1,1,0.8335714285714285
1,0,1.88,14,0.01,0,69.3,12.4,0,0,0,0,0.07871428571428572
1,0,3.12,12,0.82,0,64.7,4.8,0,0,0,0,0.0
1,0,0.93,14,1.04,0,79.7,5.4,0,0,0,0,0.0
1,0,1.83,13,0.11,0,45.2,5.0,0,0,0,0,0.0
1,0,1.05,20,0.93,0,117.5,10.3,0,0,0,0,0.018000000000000002
1,0,0.9,24,0.0,0,2.5,0.3,0,0,1,1,1.0
1,1,0.88,17,1.42,0,25.4,3.1,0,0,1,1,0.5078571428571429
1,0,7.52,25,0.36,0,27.8,1.5,0,0,0,0,0.04904761904761905
1,1,0.56,30,1.42,0,55.0,3.0,0,0,0,0,0.03933333333333334
1,0,1.01,23,0.0,0,0.0,0.0,0,0,1,1,1.0
1,0,1.28,12,0.0,0,29.2,3.0,0,0,1,1,0.99
1,0,2.08,22,,0,31.5,4.7,0,1,1,1,0.9766666666666666
1,1,1.98,20,,0,66.9,4.3,0,1,0,1,0.7031587301587301
1,0,0.12,10,0.0,0,14.3,1.8,0,0,1,1,1.0
1,0,4.43,26,,0,46.4,2.4,0,1,1,1,0.9085000000000001
0,0,3.56,19,,0,19.0,2.4,0,1,1,1,0.9734999999999999
1,1,5.71,38,1.22,0,80.7,7.0,0,0,0,0,0.059523809523809514
1,0,3.91,22,0.02,3,98.5,4.7,0,0,0,0,0.06195238095238096
0,0,2.82,0,,0,0.0,0.0,0,1,1,1,1.0
1,1,0.92,22,1.05,0,19.4,1.4,0,0,0,0,0.03627380952380952
1,0,0.19,7,0.0,0,37.1,2.4,0,0,1,1,0.9754999999999999
1,1,8.06,10,1.13,0,33.8,2.6,0,0,0,0,0.0025
1,1,1.04,19,0.93,0,25.8,1.0,0,0,1,0,0.3430714285714286
1,1,1.98,18,,0,0.0,0.0,0,1,1,1,1.0
1,1,1.67,12,0.26,3,18.6,1.9,0,0,0,0,0.0998095238095238
1,1,0.99,22,0.98,0,9.8,2.9,0,0,0,0,0.10052380952380954
1,1,1.17,24,1.21,0,112.0,10.6,0,0,0,0,0.017
0,0,0.55,26,,0,32.6,6.7,0,1,1,1,0.97
1,0,0.98,29,0.0,0,14.1,1.6,0,0,1,1,1.0
0,0,0.75,18,,0,0.0,0.0,0,1,1,1,1.0
1,1,0.87,22,1.11,0,91.9,2.9,0,0,0,0,0.03833333333333334
0,0,8.04,17,,0,0.0,0.0,0,1,1,1,0.9597619047619047
1,0,1.36,13,0.0,0,22.2,2.2,0,0,1,1,1.0
1,0,5.35,20,1.65,0,22.2,1.8,0,0,0,0,0.01
1,1,2.85,20,0.08,0,100.1,9.4,0,0,0,0,0.005
0,0,0.84,24,0.0,0,10.4,1.5,0,0,1,1,1.0
1,0,2.13,29,,0,13.2,4.3,0,1,1,1,0.9680714285714285
1,0,0.78,20,0.0,0,105.8,7.3,0,0,1,1,1.0
1,0,1.98,14,,0,75.7,12.1,0,1,1,1,0.8471666666666668
0,0,0.0,1,,0,0.0,0.0,0,1,1,1,1.0
1,0,1.86,36,0.0,0,46.2,2.5,0,0,1,1,1.0
1,1,1.52,21,0.45,0,0.0,0.0,0,0,1,1,1.0
1,0,0.98,20,0.99,0,57.5,5.5,0,0,0,0,0.059000000000000004
1,1,1.04,35,1.92,1,111.8,5.8,0,0,0,0,0.13285714285714287
1,0,4.11,16,1.82,0,117.0,7.6,0,0,0,0,0.027500000000000004
0,0,2.63,12,,0,24.1,1.0,0,1,1,1,0.9883333333333334
1,0,1.81,21,0.16,2,40.2,7.3,0,0,0,0,0.0889642857142857
1,1,1.23,20,0.74,0,47.7,4.3,0,0,0,0,0.24698809523809526
1,0,5.52,35,,0,201.7,13.7,0,1,1,1,0.5641111111111111
0,0,0.65,20,,0,12.4,1.5,1,1,1,1,0.9488333333333334
1,1,2.32,17,1.73,0,94.8,2.8,0,0,0,0,0.14875
1,0,1.14,14,0.83,0,13.3,0.9,0,0,0,0,0.05211904761904762
1,0,6.94,22,1.04,0,103.5,11.1,0,0,0,0,0.0
1,0,2.07,17,,0,15.5,1.0,0,1,1,1,0.8147619047619047
1,0,11.13,37,1.62,0,74.9,8.8,0,0,0,0,0.10873809523809524
1,0,0.98,16,0.0,2,21.8,1.3,0,0,1,1,1.0
0,0,0.22,14,0.0,0,1.8,0.3,0,0,1,1,1.0
1,0,2.78,15,,0,73.3,6.4,0,1,1,1,0.7445238095238096
0,0,5.17,24,1.53,0,76.4,3.7,0,0,0,0,0.062142857142857146
1,0,0.01,0,0.0,0,0.0,0.0,0,0,1,1,1.0
1,0,7.27,20,,0,6.4,0.2,0,1,1,1,0.9601666666666666
1,0,1.0,22,0.0,0,0.0,0.0,0,0,1,1,1.0
1,0,4.71,0,,0,0.0,0.0,5,1,1,1,1.0
0,0,1.7,32,,0,30.4,1.4,0,1,1,1,0.965404761904762
0,0,0.09,36,1.88,0,54.1,20.4,0,0,0,0,0.01676190476190476
1,0,2.98,12,0.97,0,20.2,1.6,0,0,0,0,0.0
1,0,1.61,13,0.36,0,53.9,5.0,0,0,0,0,0.03133333333333333
1,1,1.48,20,0.11,0,26.2,1.7,0,0,0,0,0.1774047619047619
1,0,3.56,16,,0,42.8,5.0,0,1,1,1,0.7451666666666665
1,0,0.78,3,1.19,0,12.0,2.5,0,0,1,1,0.6394642857142857
1,0,1.8,19,0.17,0,95.9,10.1,0,0,1,0,0.4988888888888889
1,0,5.71,30,0.0,0,69.9,6.4,0,0,1,1,0.9716666666666666
1,1,1.21,0,0.76,0,77.1,7.4,0,0,1,1,0.9373333333333332
1,1,0.56,23,1.42,1,54.8,3.2,0,0,1,0,0.07375
1,0,1.03,22,0.94,0,60.2,3.2,0,0,0,0,0.017333333333333333
1,1,3.37,40,0.99,0,160.6,8.2,0,0,0,0,0.1395833333333333
1,1,2.5,19,1.62,0,57.2,2.1,0,0,0,0,0.14170238095238094
1,0,2.13,27,,0,45.3,7.4,0,1,1,1,0.8901904761904761
1,0,4.59,22,1.84,0,43.9,8.7,0,0,0,0,0.018968253968253967
1,0,4.63,0,0.47,7,0.0,0.0,5,0,1,1,0.98625
0,0,2.51,16,,0,8.6,0.5,1,1,1,1,0.8982380952380952
1,0,0.21,37,0.77,0,125.9,10.8,0,0,0,0,0.1589880952380952
1,1,0.18,24,0.0,0,26.4,2.2,0,0,1,1,1.0
1,0,0.05,11,0.0,0,3.6,0.5,0,0,1,1,1.0
1,0,3.16,23,,0,20.4,1.0,0,1,1,1,0.9833333333333333
1,1,3.9,10,,0,0.0,0.0,0,1,1,1,1.0
1,0,0.32,20,1.66,0,10.5,0.9,0,0,0,0,0.0
1,0,1.51,27,,1,33.9,6.4,0,1,1,1,0.9517142857142856
1,1,3.06,24,1.07,0,32.0,5.6,0,0,0,0,0.04733333333333333
1,0,0.84,23,,2,2.3,0.4,0,1,1,1,1.0
1,0,1.33,24,0.0,0,38.9,5.3,0,0,1,1,1.0
0,0,1.98,21,,0,0.0,0.0,0,1,1,1,1.0
1,0,2.01,21,,0,0.0,0.0,0,1,1,1,1.0
0,0,1.67,3,0.0,0,0.0,0.0,0,0,1,1,1.0
1,1,4.85,14,1.76,1,48.9,3.9,0,0,0,0,0.08883333333333335
1,1,0.81,12,0.48,0,105.8,8.0,0,0,0,0,0.04716666666666667
1,1,3.07,15,1.19,0,21.0,1.0,0,0,0,0,0.08059523809523811
1,0,1.88,22,0.07,0,12.4,2.5,0,0,0,0,0.1385
1,0,0.54,16,1.77,0,4.2,0.2,0,0,0,0,0.22611868686868686
1,1,3.94,20,1.95,0,163.9,5.3,0,0,0,0,0.06194444444444445
1,1,2.0,19,1.92,0,142.7,10.0,0,0,0,0,0.0
1,0,3.47,21,0.46,0,97.9,5.0,0,0,0,0,0.0
0,0,0.99,16,0.0,0,0.0,0.0,0,0,1,1,1.0
0,0,2.0,22,,0,0.0,0.0,0,1,1,1,1.0
1,0,1.01,26,0.0,1,23.4,0.7,0,0,1,1,1.0
1,1,1.56,22,,1,30.0,1.5,0,1,1,1,0.9393333333333332
1,1,1.61,15,1.15,0,46.8,3.0,0,0,0,0,0.12116666666666667
1,0,0.22,19,0.0,0,10.0,0.5,3,0,1,1,0.99
1,0,1.59,21,0.34,0,61.6,2.3,0,0,0,0,0.07375
1,0,2.33,28,0.0,0,60.3,9.8,0,0,1,1,1.0
1,0,0.15,17,0.0,0,29.1,1.3,0,0,1,1,0.996
1,0,1.79,13,0.18,0,16.9,1.1,0,0,0,0,0.0
0,0,1.11,22,0.0,0,0.0,0.0,0,0,1,1,1.0
1,0,2.63,22,,0,4.5,0.5,0,1,1,1,0.9975
0,0,1.95,22,0.0,1,0.0,0.0,0,0,1,1,1.0
0,0,0.68,17,0.0,0,0.0,0.0,0,0,1,1,1.0
1,1,2.12,0,,0,0.0,0.0,0,1,1,1,1.0
0,0,0.89,55,,1,48.6,2.4,0,1,1,1,0.9725714285714285
1,0,0.6,13,0.02,0,0.0,0.0,0,0,1,1,1.0
1,1,0.56,10,0.39,0,45.4,1.3,0,0,1,0,0.29768398268398266
1,0,0.22,15,1.76,0,8.3,1.3,0,0,0,0,0.0630952380952381
1,1,0.82,22,1.16,2,19.4,3.1,0,0,0,0,0.10950000000000003
1,0,0.12,14,1.85,0,37.3,2.3,0,0,0,0,0.0
1,1,1.4,13,0.54,0,25.5,2.3,0,0,0,0,0.07066666666666667
1,0,5.77,33,0.0,0,128.2,37.6,0,0,1,1,0.9766666666666667
1,0,0.99,19,0.0,0,0.6,0.0,0,0,1,1,1.0
0,0,4.32,26,,0,25.9,1.1,0,1,1,1,0.9858333333333333
1,1,6.93,15,1.38,0,56.1,3.9,0,0,0,0,0.02
0,0,2.01,21,,2,16.1,1.2,0,1,1,1,1.0
1,0,4.44,22,,0,26.7,1.8,0,1,0,1,0.9300555555555554
0,0,0.9,53,,0,5.9,4.6,0,1,1,1,0.9563333333333334
1,0,3.4,40,,0,23.6,1.6,0,1,1,1,0.5669246031746032
1,0,5.06,20,1.16,1,59.0,4.0,0,0,0,0,0.04383333333333333
1,0,1.95,14,0.0,0,4.0,0.3,0,0,1,1,0.9925
1,0,1.05,21,0.0,0,0.0,0.0,0,0,1,1,1.0
1,1,5.9,10,1.36,1,31.4,1.9,0,0,0,0,0.019
1,1,2.47,15,1.44,0,46.2,4.2,0,0,0,0,0.04441269841269842
1,0,1.25,14,0.72,0,43.2,1.7,0,0,0,0,0.06654761904761904
1,1,8.9,22,1.97,0,33.4,10.1,0,0,0,0,0.2186428571428571
1,1,0.97,24,1.01,0,43.5,3.4,0,0,0,0,0.033666666666666664
0,0,3.98,25,0.0,0,4.1,0.4,0,0,1,1,0.9934999999999999
1,0,1.48,15,0.0,0,0.0,0.0,0,0,1,1,1.0
1,1,0.56,28,,0,13.5,7.6,0,1,1,1,0.7797142857142859
1,1,3.02,12,0.92,0,77.0,24.5,0,0,0,0,0.24080952380952383
1,0,0.36,16,1.61,0,63.0,4.5,0,0,1,0,0.018666666666666668
1,1,0.08,10,1.9,0,17.8,11.4,0,0,0,0,0.029500000000000002
1,1,0.69,24,1.61,0,131.0,40.0,0,0,0,0,0.056916666666666664
1,0,5.92,21,0.0,0,12.2,0.9,0,0,1,1,0.9604761904761904
0,0,2.15,9,0.0,1,9.1,3.3,0,0,1,1,0.9866666666666667
1,1,0.2,20,1.77,0,83.5,2.9,2,0,0,0,0.0826904761904762
0,0,2.44,0,,0,0.0,0.0,0,1,1,1,0.995
0,0,3.64,24,,0,16.9,1.4,0,1,1,1,0.983142857142857
1,1,2.68,10,1.24,0,12.5,2.5,0,0,0,0,0.035277777777777776
1,0,3.39,16,0.0,1,88.3,4.8,0,0,1,1,1.0
0,0,0.06,15,1.91,0,63.2,2.9,0,0,0,0,0.019166666666666665
1,0,2.14,19,1.79,0,24.9,1.3,0,0,0,0,0.16700000000000004
1,0,2.74,33,,0,104.2,7.5,0,1,1,1,0.790626984126984
0,0,1.62,24,,0,30.6,2.2,0,1,1,1,0.8965238095238095
1,0,8.52,19,,0,0.0,0.0,0,1,1,1,0.9983333333333334
1,0,1.41,12,0.5,0,42.4,3.6,0,0,0,0,0.4955238095238095
0,0,1.9,12,,0,0.0,0.0,0,1,1,1,1.0
1,1,0.58,15,1.39,0,20.2,3.3,0,0,0,0,0.02208333333333333
1,0,1.79,13,0.18,0,5.5,0.6,0,0,0,0,0.03666666666666667
1,1,4.05,20,1.95,0,125.4,8.3,0,0,0,0,0.0662857142857143
1,1,1.49,20,0.0,0,0.0,0.0,0,0,1,1,1.0
1,1,11.92,10,1.27,0,,,0,0,0,0,0.046
1,0,1.37,21,0.0,0,3.4,0.4,0,0,1,1,1.0
1,1,2.68,15,1.32,1,6.2,0.5,0,0,0,0,0.0759404761904762
1,1,3.93,18,0.0,1,12.3,8.1,0,0,1,1,0.9528397435897437
0,0,0.15,22,0.0,0,11.2,0.7,0,0,1,1,0.9957142857142857
1,1,5.13,26,0.0,1,13.7,0.6,0,0,1,1,0.9822857142857143
1,1,0.32,0,,0,0.0,0.0,3,1,1,1,1.0
1,1,2.24,0,,0,12.6,0.8,1,1,1,1,0.9610000000000001
0,0,0.68,21,0.0,0,0.0,0.0,0,0,1,1,1.0
1,0,2.78,25,0.4,0,102.4,12.7,0,0,0,0,0.06558333333333334
1,1,7.69,15,1.23,0,63.8,7.7,0,0,0,0,0.02857142857142857
0,0,1.58,35,0.0,0,0.0,0.0,0,0,1,1,1.0
1,0,2.25,0,,0,18.7,0.7,3,1,1,1,0.9495833333333334
1,0,4.59,22,0.99,0,4.4,0.5,0,0,0,0,0.013333333333333332
1,0,1.64,13,0.32,0,21.0,3.4,0,0,0,0,0.03511111111111111
1,1,5.8,20,0.0,0,77.8,6.0,0,0,1,1,0.9762142857142857
1,1,4.04,18,1.87,0,3.0,0.6,0,0,0,0,0.01983333333333333
1,1,2.79,21,1.91,0,15.7,6.6,0,0,0,0,0.05971428571428571
1,1,0.65,15,1.32,1,137.1,11.1,0,0,0,0,0.02861904761904762
0,0,2.15,23,,0,5.8,0.3,0,1,1,1,0.99
1,0,2.15,22,,1,2.9,0.2,0,1,1,1,1.0
0,0,0.01,4,0.0,0,0.0,0.0,0,0,1,1,1.0
1,1,1.27,24,1.8,0,129.5,5.6,0,0,0,0,0.05564285714285714
1,1,2.5,11,1.55,0,30.7,1.5,2,0,0,0,0.15685714285714283
1,1,0.79,34,0.3,1,81.8,19.0,0,0,0,0,0.17655952380952378
1,0,1.12,14,0.86,3,22.0,3.5,0,0,0,0,0.07438095238095238
1,0,2.92,12,0.99,0,122.4,6.8,0,0,0,0,0.0
1,0,0.04,5,1.93,0,4.3,0.1,0,0,0,0,0.01
1,0,0.15,8,,0,0.0,0.0,0,1,1,1,1.0
1,1,0.05,5,0.44,0,12.2,0.6,0,0,0,0,0.24076190476190468
1,0,2.37,26,,0,68.8,2.8,0,1,1,1,0.826190476190476
1,0,2.1,13,1.87,1,81.3,5.8,0,0,0,0,0.059857142857142866
1,1,0.62,15,1.36,0,94.9,7.8,0,0,0,0,0.0
1,1,6.06,12,0.0,0,8.2,1.2,0,0,1,1,0.9740000000000001
0,0,0.67,20,0.0,0,0.0,0.0,0,0,1,1,1.0
1,1,2.95,10,1.09,0,11.5,0.8,0,0,0,0,0.051083333333333335
1,0,2.93,12,0.99,0,3.2,1.0,0,0,0,0,0.0095
1,1,7.98,24,0.0,0,3.1,0.1,0,0,1,1,0.8975
1,0,2.69,22,1.26,1,44.3,6.9,0,0,0,0,0.04229365079365079
1,0,6.46,20,1.62,0,6.8,0.4,0,0,0,0,0.052952380952380945
0,0,1.97,0,,0,0.0,0.0,0,1,1,1,1.0
1,0,1.84,13,0.1,0,63.6,6.6,0,0,0,0,0.028357142857142855
1,1,6.82,18,0.18,0,5.4,0.5,0,0,0,0,0.08465476190476191
1,1,2.02,26,0.0,0,73.8,6.4,0,0,1,1,1.0
1,1,0.57,17,1.66,0,25.8,0.9,0,0,0,0,0.2070674603174603
1,1,3.33,0,,0,0.0,0.0,6,1,1,1,1.0
1,1,0.86,15,1.11,0,69.1,4.4,0,0,0,0,0.03916666666666666
1,0,0.36,21,1.61,0,87.5,6.2,0,0,0,0,0.04476190476190476
1,0,0.04,3,1.94,0,16.1,0.7,0,0,0,0,0.044053030303030295
1,0,0.15,17,1.82,0,46.1,3.0,0,0,0,0,0.003611111111111111
1,1,6.52,15,1.16,0,68.4,10.7,0,0,0,0,0.01
1,0,0.12,13,0.87,0,37.7,1.5,0,0,0,0,0.050166666666666665
1,0,4.34,12,,0,11.4,8.0,0,1,1,1,0.8654999999999997
1,0,4.59,0,,0,1.0,0.1,7,1,1,1,1.0
0,0,1.75,24,,0,16.1,1.1,0,1,1,1,0.9933333333333334
1,1,2.45,21,1.72,0,30.3,3.7,0,0,0,0,0.24389285714285708
1,1,0.64,15,1.33,0,41.2,3.5,0,0,0,0,0.017833333333333333
1,0,1.79,36,0.13,0,57.4,4.2,0,0,0,0,0.13748809523809524
0,0,0.5,20,,2,0.0,0.0,0,1,1,1,1.0
1,1,1.7,12,0.27,0,122.2,10.3,0,0,0,0,0.019333333333333334
0,0,0.6,25,0.0,3,19.9,1.5,0,0,1,1,1.0
1,0,3.07,12,0.88,0,79.3,7.9,0,0,0,0,0.005
1,1,0.92,21,0.1,0,40.9,3.5,0,0,0,0,0.0775378787878788
1,1,0.56,15,1.41,0,37.1,3.3,0,0,0,0,0.016666666666666666
0,0,3.61,25,0.44,0,27.1,1.2,0,0,0,0,0.055634920634920634
0,0,3.66,26,0.0,1,78.1,3.3,0,0,1,1,0.986
1,1,0.38,23,1.59,0,91.6,13.2,2,0,0,0,0.026428571428571426
1,1,5.11,21,0.32,0,59.6,6.1,0,0,0,0,0.016666666666666666
0,0,2.5,0,,0,0.0,0.0,4,1,1,1,1.0
1,0,1.15,10,0.0,0,35.3,5.2,0,0,1,1,0.9866666666666666
1,1,2.36,12,0.47,0,72.6,5.6,0,0,0,0,0.04033333333333333
1,0,1.07,13,0.0,0,17.2,1.0,0,0,1,1,1.0
1,1,1.78,24,0.0,1,94.6,5.2,0,0,1,1,0.9466666666666665
1,1,0.17,20,1.8,0,52.2,3.9,0,0,0,0,0.017
0,0,0.8,22,,1,0.0,0.0,0,1,1,1,1.0
1,0,1.0,23,0.0,0,0.0,0.0,0,0,1,1,1.0
1,0,5.89,22,1.21,0,35.6,6.4,0,0,0,0,0.01619047619047619
1,0,0.1,21,1.87,0,33.4,2.4,0,0,0,0,0.006000000000000001
1,1,2.79,10,1.13,2,78.5,6.3,0,0,0,0,0.01
1,1,5.69,20,,0,32.4,3.2,0,1,1,1,0.8686071428571428
1,1,6.64,26,0.46,0,31.6,2.9,0,0,0,0,0.08866666666666667
1,0,1.08,22,0.89,0,122.5,51.0,0,0,0,0,0.013333333333333332
1,0,1.46,13,0.46,1,44.8,5.2,0,0,0,0,0.030333333333333334
1,0,2.87,12,1.07,2,110.2,14.9,0,0,0,0,0.021666666666666664
1,1,5.31,17,1.66,0,47.6,2.2,0,0,0,0,0.0225
1,0,1.17,13,0.0,0,29.5,1.4,0,0,1,1,1.0
1,0,0.06,5,1.35,0,2.7,0.1,0,0,0,0,0.06016666666666667
1,0,2.88,33,0.02,0,233.3,19.6,0,0,0,0,0.1614880952380952
1,0,0.96,14,1.01,0,27.1,3.1,0,0,0,0,0.01
1,0,3.86,22,0.07,1,149.4,5.5,0,0,0,0,0.0345
1,0,4.05,17,1.87,0,107.5,13.0,0,0,0,0,0.017777777777777778
1,1,2.73,21,,0,0.0,0.0,0,1,1,1,1.0
1,0,3.67,13,0.36,0,45.2,8.4,0,0,1,0,0.3803333333333333
1,0,2.14,23,,3,5.7,0.8,0,1,1,1,0.9940000000000001
1,1,2.7,15,1.22,1,146.1,10.4,0,0,0,0,0.031261904761904755
1,1,0.18,15,1.8,0,10.7,0.9,0,0,0,0,0.01
1,0,0.06,7,1.92,0,14.6,0.4,0,0,0,0,0.0095
1,0,0.94,14,1.03,0,66.9,5.0,0,0,0,0,0.0
1,0,1.65,13,0.27,0,15.1,1.3,0,0,0,0,0.0175
1,0,1.99,22,,0,18.0,1.7,0,1,1,1,0.9804166666666666
1,1,0.95,22,0.85,0,51.1,11.6,0,0,0,0,0.10976190476190477
1,0,3.27,23,,0,5.8,0.8,0,1,1,1,1.0
1,1,1.81,21,0.0,0,10.2,0.8,0,0,1,1,1.0
1,1,0.29,14,1.68,0,26.9,3.0,0,0,0,0,0.003666666666666667
1,0,3.14,19,,0,14.0,1.0,0,1,1,1,0.9708333333333334
1,1,0.32,24,1.54,2,78.4,6.3,0,0,0,0,0.04166666666666667
1,1,2.93,0,,0,1.7,0.2,4,1,1,1,1.0
1,1,4.22,22,1.68,1,115.8,17.1,0,0,0,0,0.061000000000000006
0,0,0.92,24,1.53,1,0.0,0.0,0,0,1,1,0.99
1,0,0.16,10,0.28,0,1.7,0.4,0,0,0,0,0.43557142857142855
1,1,3.16,24,,0,12.5,1.0,0,1,1,1,0.995
1,1,1.48,20,0.48,1,163.4,9.7,0,0,0,0,0.16654761904761906
1,0,0.81,23,0.0,0,4.8,0.4,0,0,1,1,1.0
1,0,4.04,24,0.0,0,32.5,2.9,0,0,1,1,0.9933333333333334
1,0,7.54,22,0.0,0,27.7,1.6,0,0,1,1,0.985
1,1,3.33,39,0.59,0,25.0,4.6,0,0,0,0,0.07022222222222221
1,1,3.3,13,0.82,0,31.1,3.7,0,0,1,1,0.5544444444444444
1,1,2.7,11,0.0,1,37.0,9.6,0,0,1,1,0.9835714285714287
1,1,3.12,12,0.83,0,27.8,1.4,0,0,0,0,0.06668650793650793
1,0,2.39,32,,0,29.6,0.9,0,1,1,1,0.8765909090909091
1,0,3.15,22,1.73,0,28.1,2.3,0,0,0,0,0.04527380952380953
1,0,4.33,20,,0,16.1,1.9,0,1,1,1,0.9202619047619046
1,1,0.7,15,1.27,0,31.1,0.6,0,0,0,0,0.0680952380952381
0,0,0.67,16,0.0,1,0.0,0.0,0,0,1,1,1.0
1,0,0.05,15,,0,0.0,0.0,0,1,1,1,1.0
1,0,4.1,22,1.01,0,25.3,1.3,0,0,1,0,0.0255
0,0,0.11,151,0.0,1,112.6,232.9,0,0,1,1,0.8791666666666668
1,0,0.33,14,1.64,0,35.5,2.9,0,0,0,0,0.057999999999999996
1,1,1.88,20,0.07,0,40.7,1.9,0,0,0,0,0.002
1,1,2.49,0,,0,0.5,0.1,3,1,1,1,1.0
1,0,1.98,23,,0,2.4,0.1,0,1,1,1,0.9971428571428572
1,0,4.13,30,0.0,1,58.8,3.6,0,0,1,1,1.0
1,0,0.2,16,2.02,1,17.6,2.6,0,0,0,0,0.05583333333333333
0,0,0.35,29,1.62,0,205.4,16.7,0,0,0,0,0.21077777777777779
1,0,5.36,21,0.16,0,214.3,8.3,0,0,0,0,0.022333333333333334
1,0,2.24,18,,0,0.0,0.0,0,1,1,1,1.0
1,1,4.74,10,1.19,0,41.2,5.0,0,0,0,0,0.0085
0,0,8.72,0,,1,1.2,0.1,2,1,1,1,0.7724047619047618
1,1,5.15,15,1.44,0,27.2,4.2,0,0,0,0,0.03666666666666667
1,0,2.56,11,0.0,0,44.2,6.4,0,0,1,1,0.98
0,0,2.02,21,,0,0.0,0.0,0,1,1,1,1.0
1,1,7.39,10,1.38,1,26.8,2.0,0,0,0,0,0.0
1,1,1.09,30,0.0,2,41.9,7.2,0,0,1,1,0.99
1,1,1.28,22,0.69,0,407.2,11.4,0,0,0,0,0.19352380952380951
1,1,5.78,17,1.83,0,41.4,3.2,0,0,0,0,0.069
0,0,1.98,0,,0,0.0,0.0,7,1,1,1,1.0
1,0,1.91,40,,2,30.4,2.4,0,1,1,1,0.8231753246753246
1,1,4.12,17,1.82,0,35.0,1.1,0,0,0,0,0.07077380952380952
0,0,2.08,18,,1,1.6,0.1,0,1,1,1,0.992
1,0,5.45,18,0.0,0,20.2,1.1,0,0,1,1,1.0
1,1,1.59,33,0.0,0,109.9,8.4,0,0,1,1,1.0
1,0,3.11,12,0.83,0,106.4,6.1,0,0,0,0,0.0
1,1,4.54,16,1.55,0,35.6,2.8,0,0,0,0,0.1466904761904762
1,1,1.18,11,0.79,0,27.0,1.7,0,0,0,0,0.47726190476190467
1,0,1.14,19,0.0,0,3.3,0.1,0,0,1,1,0.998
1,0,1.1,20,0.87,0,12.9,0.7,0,0,0,0,0.04302380952380952
1,0,0.53,8,1.44,3,19.8,1.6,0,0,0,0,0.3288809523809524
1,0,2.01,13,,2,0.0,0.0,0,1,1,1,1.0
1,0,1.6,13,0.33,0,138.6,4.2,0,0,0,0,0.05666666666666667
0,0,6.33,24,0.0,0,78.0,7.0,0,0,1,1,0.9045238095238095
1,1,0.2,24,1.78,0,83.2,7.8,0,0,0,0,0.11702380952380953
0,0,3.37,15,0.0,0,12.7,1.4,0,0,1,1,1.0
0,0,1.27,0,,0,0.0,0.0,6,1,1,1,1.0
1,1,0.87,22,1.1,0,72.0,5.2,0,0,0,0,0.01
1,0,7.91,24,,0,11.4,1.6,0,1,1,1,0.6312070707070707
1,0,1.22,10,0.0,0,0.0,0.0,0,0,1,1,1.0
1,1,3.2,21,1.7,0,85.2,4.7,0,0,0,0,0.08708333333333335
1,0,5.23,24,,0,8.4,0.4,0,1,1,1,0.8914761904761904
1,0,2.02,23,,0,0.0,0.0,0,1,1,1,1.0
1,1,2.52,15,1.35,1,64.7,2.8,0,0,0,0,0.051666666666666666
1,0,0.1,18,1.87,0,27.1,1.6,0,0,0,0,0.005
1,1,2.05,20,0.02,0,39.0,4.8,0,0,0,0,0.15455555555555556
1,1,2.47,18,1.48,0,51.7,2.7,0,0,0,1,0.5649880952380952
1,0,0.1,18,1.87,0,61.9,7.0,0,0,0,0,0.01
1,1,0.06,8,1.91,0,7.6,0.2,0,0,0,0,0.013333333333333332
1,1,0.27,32,2.55,1,51.2,2.4,0,0,0,0,0.07683333333333334
0,0,0.3,13,1.68,0,80.8,5.4,0,0,1,1,0.5752261904761905
0,0,0.01,0,0.0,0,0.0,0.0,0,0,1,1,1.0
0,0,2.2,12,,0,0.0,0.0,0,1,1,1,1.0
1,0,1.2,22,0.0,0,12.3,1.0,0,0,1,1,0.9866666666666666
1,1,0.68,22,,0,0.3,0.0,0,1,1,1,1.0
1,0,1.97,20,0.0,0,10.6,0.5,0,0,1,1,1.0
1,1,3.38,12,0.48,1,138.7,4.9,0,0,0,0,0.05566666666666666
1,0,6.47,22,1.08,0,136.8,10.9,0,0,0,0,0.002857142857142857
1,1,5.87,17,1.94,1,29.0,2.3,0,0,0,0,0.013999999999999999
1,0,1.65,6,0.32,0,14.8,1.1,0,0,1,0,0.19838095238095238
0,0,2.21,31,,0,21.9,2.5,0,1,1,1,0.9641666666666666
1,0,1.98,14,,0,13.9,1.5,0,1,0,1,0.8573809523809524
1,0,2.18,18,,0,35.8,10.9,0,1,1,1,0.9042619047619047
1,0,2.45,21,,0,1.5,0.1,0,1,1,1,0.9925714285714287
1,1,4.5,15,0.48,0,79.4,3.9,0,0,1,0,0.16941666666666663
1,1,6.22,14,,0,8.3,0.7,0,1,1,1,0.9380952380952382
0,0,1.07,21,,2,21.3,0.8,0,1,1,1,0.9752380952380952
1,1,2.78,10,1.15,0,57.1,3.5,0,0,0,0,0.00375
1,0,1.18,14,0.79,0,20.4,2.2,0,0,0,0,0.019166666666666665
1,1,5.66,17,1.85,1,93.0,13.8,0,0,0,0,0.022000000000000002
1,0,0.76,14,1.21,2,49.5,3.7,0,0,0,0,0.034333333333333334
0,0,2.02,21,,0,0.0,0.0,0,1,1,1,1.0
1,1,6.8,24,0.89,0,86.6,6.3,0,0,0,0,0.016666666666666666
1,0,1.99,22,,0,44.4,1.6,0,1,1,1,0.8967142857142858
1,0,0.84,13,0.0,0,58.5,2.9,0,0,1,1,1.0
1,1,2.31,21,1.57,0,187.3,6.7,0,0,0,0,0.08175649350649351
1,0,2.31,22,0.63,0,9.2,4.6,0,0,0,0,0.14495238095238094
0,0,0.62,0,1.36,0,0.0,0.0,0,0,1,1,0.99
1,1,7.04,15,1.67,2,31.3,1.7,0,0,0,0,0.04742857142857143
1,0,1.98,30,,0,11.5,0.9,0,1,1,1,0.9633333333333333
0,0,0.42,26,1.55,0,42.6,2.3,0,0,0,0,0.28761904761904766
1,1,0.72,12,0.19,0,76.5,2.9,0,0,0,0,0.17233333333333334
1,0,1.98,45,,0,163.5,6.3,0,1,1,1,0.8260476190476191
1,1,1.86,20,0.0,0,61.1,8.5,0,0,1,1,0.96
1,0,3.21,21,0.71,0,92.9,6.7,0,0,0,0,0.0
1,0,2.04,13,,0,20.1,1.5,0,1,0,1,0.8433333333333333
0,0,3.13,13,,0,0.0,0.0,0,1,1,1,1.0
1,0,2.13,16,,0,9.6,0.6,0,1,1,1,0.9492380952380952
1,1,5.0,19,1.57,0,63.9,6.1,0,0,0,0,0.03916666666666667
1,0,1.7,21,0.0,0,18.7,1.2,0,0,1,1,1.0
1,0,2.18,0,,0,0.0,0.0,0,1,1,1,1.0
1,0,1.11,14,0.86,0,34.9,2.9,0,0,0,0,0.0016666666666666666
1,0,2.06,0,,0,0.2,0.0,0,1,1,1,0.9797777777777779
1,1,0.58,15,1.39,0,19.5,2.2,0,0,0,0,0.017666666666666664
0,0,1.53,21,0.0,0,28.8,2.1,0,0,1,1,1.0
1,1,1.1,11,1.8,0,38.2,3.1,0,0,0,0,0.23442857142857143
1,1,5.7,23,1.85,0,7.8,0.6,0,0,0,0,0.0325
1,0,0.73,8,1.24,0,16.1,0.9,0,0,0,0,0.07433333333333333
0,0,1.69,13,,0,0.0,0.0,0,1,1,1,1.0
1,0,0.0,0,1.97,0,,,0,0,0,0,0.0
1,1,1.73,0,0.0,0,0.0,0.0,0,0,1,1,1.0
1,0,0.04,7,0.7,0,10.6,0.8,0,0,1,0,0.20648809523809525
0,0,2.33,12,,0,0.0,0.0,0,1,1,1,1.0
1,1,8.34,10,1.39,0,28.5,1.8,0,0,0,0,0.002
1,0,0.35,53,,0,25.3,3.3,0,1,0,1,0.834388888888889
1,1,1.53,17,1.12,0,26.2,2.3,0,0,1,1,0.5623095238095239
1,0,4.64,20,0.0,0,6.1,0.3,0,0,1,1,0.99
1,1,4.87,15,,0,0.8,0.1,0,1,1,1,0.9840873015873015
1,0,1.49,22,0.73,0,29.6,1.6,0,0,1,0,0.13414285714285715
1,0,0.1,8,0.0,0,11.9,0.4,0,0,1,1,1.0
1,0,2.6,22,1.35,0,40.3,2.4,0,0,0,0,0.13702380952380952
0,0,0.24,26,1.74,0,24.4,5.0,0,0,0,0,0.09066666666666669
0,0,0.01,0,,0,,,0,1,0,0,0.40792424242424247
0,0,5.99,21,0.0,0,12.7,0.7,0,0,1,1,0.9800000000000001
1,0,1.28,12,1.01,0,23.9,1.6,0,0,0,0,0.09599999999999997
0,0,2.19,13,,0,0.0,0.0,0,1,1,1,1.0
1,1,0.21,16,0.56,0,60.5,4.7,0,0,0,0,0.1850277777777778
1,1,0.44,17,1.53,0,3.7,0.8,0,0,0,0,0.17469047619047623
1,1,0.85,37,1.12,0,126.8,12.2,0,0,1,0,0.0525
1,0,2.88,12,1.04,4,123.1,15.2,0,0,0,0,0.046000000000000006
1,0,4.45,25,0.0,0,122.9,12.5,0,0,1,1,1.0
1,1,2.04,24,,0,1.5,0.2,0,1,1,1,0.9816666666666667
1,1,3.66,13,,0,0.0,0.0,0,1,1,1,1.0
1,0,0.16,13,0.0,0,9.9,1.3,0,0,1,1,0.998
1,0,0.8,13,0.0,1,40.8,5.7,0,0,1,1,1.0
1,0,0.89,17,0.0,0,0.0,0.0,0,0,1,1,1.0
1,1,3.73,12,0.2,0,48.5,2.7,0,0,0,0,0.019166666666666665
1,0,0.18,18,1.79,0,30.6,6.1,0,0,0,0,0.0125
1,1,3.87,20,0.07,0,59.4,4.3,0,0,0,0,0.0
1,0,6.54,69,0.58,2,1319.9,46.4,0,0,0,0,0.26185714285714284
1,0,4.4,24,,0,57.5,7.0,0,1,1,1,0.7617142857142858
1,0,2.05,0,,0,0.8,0.1,1,1,1,1,0.99
1,0,0.14,15,0.95,1,106.5,5.4,0,0,0,0,0.08876190476190476
1,1,3.65,12,0.39,0,43.2,3.7,0,0,0,0,0.023333333333333334
1,0,0.89,22,1.08,0,119.0,11.6,0,0,0,0,0.04066666666666666
1,0,1.77,25,0.0,0,49.8,4.6,0,0,1,1,1.0
1,0,1.02,32,,0,16.5,1.4,2,1,1,1,0.9759166666666665
1,0,3.33,22,0.74,0,44.3,7.5,0,0,0,0,0.0
1,0,1.84,5,0.13,0,59.5,1.7,0,0,1,1,0.8763888888888889
1,0,0.81,12,0.0,0,16.3,1.4,0,0,1,1,1.0
1,0,0.8,14,0.72,0,74.1,4.8,0,0,1,0,0.08549999999999999
1,0,0.54,24,1.44,0,114.8,5.4,0,0,0,0,0.09223809523809523
0,0,1.84,0,0.0,0,0.0,0.0,0,0,1,1,1.0
1,0,6.87,24,0.0,0,5.1,0.2,0,0,1,1,0.9487499999999999
1,1,1.04,19,0.0,0,8.6,0.9,0,0,1,1,1.0
0,0,0.55,53,,0,34.0,4.9,0,1,1,1,0.9261666666666666
1,1,0.53,15,0.0,0,16.6,1.1,0,0,1,1,1.0
1,1,3.82,12,0.48,0,16.6,2.3,0,0,0,0,0.040595238095238094
1,1,2.39,15,1.32,0,86.3,6.7,0,0,0,0,0.0225
1,0,0.9,28,0.0,0,28.0,3.8,0,0,1,1,0.9988888888888888
0,0,0.18,7,0.0,0,0.0,0.0,0,0,1,1,1.0
1,1,0.88,15,1.09,0,51.8,3.6,0,0,0,0,0.03397619047619048
1,0,0.73,14,0.0,0,48.3,3.2,0,0,1,1,1.0
1,0,3.55,15,,2,0.5,0.1,0,1,1,1,0.9863333333333333
1,0,1.54,21,0.38,0,56.9,2.7,0,0,0,0,0.13138095238095238
1,1,0.13,5,1.25,0,16.4,1.0,0,0,0,0,0.29409523809523813
1,0,0.4,16,0.0,3,33.4,5.7,0,0,1,1,0.9966666666666667
1,1,2.11,114,1.81,3,70.7,9.2,0,0,0,0,0.24161904761904765
0,0,0.77,28,0.0,1,120.9,7.2,0,0,1,1,0.9871428571428571
1,0,0.92,22,,0,0.0,0.0,0,1,1,1,1.0
1,0,5.34,16,0.0,3,57.8,3.4,0,0,1,1,1.0
0,0,2.53,22,,0,0.0,0.0,0,1,1,1,1.0
1,0,1.61,21,0.36,0,41.6,4.6,0,0,0,0,0.08233333333333334
1,0,2.53,0,,1,2.5,0.3,6,1,1,1,1.0
1,0,0.23,10,1.04,0,72.0,2.8,0,0,0,0,0.0315
1,0,0.1,28,1.51,0,33.5,1.3,0,0,0,0,0.09782539682539682
0,0,6.33,23,,0,19.7,1.0,0,1,1,1,0.7535158730158732
0,0,0.66,23,0.0,0,14.7,1.6,0,0,1,1,1.0
1,1,3.13,20,0.41,0,127.7,7.7,0,0,0,0,0.055690476190476186
1,0,6.06,21,0.27,2,103.9,4.9,0,0,0,0,0.0165
1,1,0.6,22,1.37,1,79.1,2.2,0,0,0,0,0.0461904761904762
0,0,1.0,28,,0,58.6,4.1,0,1,1,1,0.9142142857142858
1,1,2.71,15,1.21,0,80.1,3.2,0,0,0,0,0.036071428571428574
1,1,2.62,17,0.0,0,0.0,0.0,0,0,1,1,1.0
1,0,6.52,17,0.0,0,3.9,0.2,0,0,1,1,0.9834999999999999
1,1,6.12,15,1.16,0,65.2,3.7,0,0,0,0,0.04
1,1,0.14,16,1.84,0,69.4,2.6,0,0,0,0,0.0
0,0,2.09,0,,0,0.0,0.0,0,1,1,1,1.0
1,1,1.25,36,0.0,0,48.4,9.4,0,0,1,1,1.0
0,0,2.25,20,,0,0.0,0.0,0,1,1,1,1.0
1,1,5.67,14,1.85,0,41.3,1.5,0,0,0,0,0.08083333333333333
1,0,1.83,58,0.24,0,36.4,2.2,0,0,0,0,0.18195238095238098
1,0,1.14,22,0.83,0,48.2,3.5,0,0,0,0,0.05
1,0,0.2,0,0.0,0,0.0,0.0,1,0,1,1,1.0
0,0,0.36,20,0.01,0,0.0,0.0,0,0,1,1,1.0
1,0,1.12,28,0.0,0,14.0,0.8,0,0,1,1,1.0
1,1,1.02,28,0.0,0,82.6,20.2,0,0,1,1,0.995
0,0,2.71,24,,0,26.8,2.4,0,1,1,1,0.9254166666666666
1,0,2.22,28,,0,4.7,0.2,0,1,1,1,0.99
1,1,2.01,59,,3,0.0,0.0,0,1,1,1,1.0
1,1,2.26,10,,0,27.4,2.1,0,1,0,1,0.8271626984126985
0,0,2.21,40,,0,45.1,4.9,0,1,1,1,0.855904761904762
1,1,6.26,15,1.2,0,184.0,11.0,0,0,0,0,0.004523809523809524
1,0,6.24,22,1.97,0,25.5,1.5,0,0,0,0,0.014833333333333332
1,1,2.02,17,1.92,0,26.9,1.6,0,0,0,0,0.002
1,1,6.97,22,0.06,1,83.3,8.3,0,0,0,0,0.004
1,0,2.13,9,,0,31.1,1.4,0,1,1,1,0.6396587301587302
1,0,5.83,33,,0,50.1,5.3,0,1,0,0,0.4855595238095237
1,0,7.4,12,,0,0.0,0.0,0,1,1,1,0.8960952380952381
1,0,2.37,21,1.53,1,23.0,3.7,0,0,0,0,0.13523809523809524
0,0,1.31,18,,0,0.0,0.0,0,1,1,1,1.0
1,1,1.98,16,,1,101.8,5.6,0,1,1,1,0.7968333333333334
1,0,1.49,23,0.0,0,9.2,0.6,0,0,1,1,1.0
0,0,8.2,25,0.06,0,91.1,5.1,0,0,0,0,0.019333333333333334
0,0,1.92,19,0.0,0,0.0,0.0,0,0,1,1,1.0
1,0,1.35,15,0.0,0,51.0,2.6,0,0,1,1,1.0
1,1,0.4,20,,1,43.6,4.8,0,1,1,0,0.43529761904761904
1,1,0.53,10,0.35,1,35.1,5.6,0,0,1,0,0.32521428571428573
0,0,1.97,22,0.0,0,0.0,0.0,0,0,1,1,1.0
1,1,4.14,16,1.83,0,35.8,3.0,0,0,0,0,0.01
1,1,2.6,33,,0,37.9,3.9,0,1,0,1,0.8883333333333333
1,0,0.28,15,0.0,0,0.0,0.0,0,0,1,1,1.0
1,0,1.88,22,0.09,0,25.4,1.8,0,0,0,0,0.034
1,0,2.75,24,,0,0.0,0.0,0,1,1,1,1.0
1,0,2.58,22,0.0,0,35.0,1.5,0,0,1,1,0.9445
0,0,1.82,0,0.02,0,0.0,0.0,0,0,1,1,1.0
1,0,2.74,21,,0,11.3,1.2,0,1,1,1,1.0
1,0,1.07,14,0.9,0,14.7,0.4,0,0,0,0,0.09260714285714287
0,0,11.93,24,,0,,,0,1,0,0,0.005
1,0,0.68,22,0.0,0,0.0,0.0,0,0,1,1,1.0
1,0,0.12,6,0.0,2,0.0,0.0,0,0,1,1,1.0
1,0,2.83,22,1.11,0,95.8,7.2,0,0,0,0,0.05866666666666667
0,0,0.98,23,0.99,0,0.0,0.0,1,0,1,1,1.0
0,0,5.19,33,,0,14.7,1.1,0,1,1,1,0.761595238095238
0,0,5.66,0,,0,9.6,1.3,7,1,1,1,0.9771428571428571
0,0,1.95,23,0.0,0,15.7,4.4,0,0,1,1,0.992
1,1,0.13,9,1.29,0,70.3,2.4,0,0,0,0,0.08700000000000001
1,0,2.9,35,,0,16.2,1.4,0,1,1,1,0.937333333333333
0,0,0.99,26,,0,10.5,0.2,0,1,1,1,0.9884999999999999
1,1,5.84,39,,0,10.4,1.3,0,1,1,1,0.6666309523809524
0,0,0.98,0,0.0,0,13.0,0.5,1,0,1,1,1.0
1,1,0.34,21,1.03,0,5.6,0.7,0,0,0,0,0.1620952380952381
1,0,3.62,21,0.19,0,39.6,1.8,0,0,0,0,0.057666666666666665
1,0,2.08,14,1.84,1,64.3,10.1,0,0,0,0,0.09061904761904761
1,0,2.64,23,,0,8.4,0.6,0,1,1,1,0.9666666666666667
1,0,3.0,12,0.94,0,10.1,0.3,0,0,0,0,0.009166666666666667
0,0,0.29,16,1.68,0,0.0,0.0,0,0,1,1,1.0
1,1,3.08,31,1.71,0,134.2,31.6,0,0,0,0,0.0915
0,0,1.08,23,,0,176.6,24.9,0,1,0,1,0.83975
1,0,1.12,21,0.47,0,96.7,9.1,0,0,0,0,0.026666666666666665
1,1,1.43,22,0.0,1,0.0,0.0,0,0,1,1,1.0
1,0,0.65,18,,0,0.0,0.0,0,1,1,1,1.0
1,1,0.17,15,1.8,0,57.0,5.0,0,0,0,0,0.0
1,0,2.4,18,0.0,2,52.7,6.4,0,0,1,1,0.9966666666666667
1,0,3.19,18,,0,0.0,0.0,0,1,1,1,1.0
1,1,0.42,15,1.93,0,140.0,12.6,0,0,0,0,0.07530952380952381
1,0,0.67,22,0.0,0,31.4,2.4,0,0,1,1,0.985
1,1,2.64,0,,0,18.2,1.2,7,1,1,1,0.9925
1,0,4.9,23,,0,75.1,3.5,0,1,1,1,0.8982380952380953
1,0,0.28,12,0.0,0,29.4,2.0,0,0,1,1,1.0
1,0,1.98,21,,0,8.0,0.6,0,1,1,1,1.0
1,1,1.94,25,0.0,0,3.6,0.4,0,0,1,1,0.985
1,1,3.7,20,0.35,0,69.9,8.2,0,0,0,0,0.0575
1,1,2.11,18,1.82,0,82.3,5.3,0,0,0,0,0.0025
1,0,0.94,17,0.0,1,33.3,2.3,0,0,1,1,1.0
1,1,1.04,16,1.72,1,17.6,1.0,0,0,0,0,0.08396428571428573
0,0,0.82,22,,0,0.0,0.0,0,1,1,1,1.0
1,0,2.0,20,0.79,0,60.8,4.8,0,0,0,0,0.13608333333333333
0,0,2.28,20,,0,90.4,10.3,0,1,0,1,0.6231230158730159
1,0,2.21,0,,0,0.2,0.1,0,1,1,1,0.9550952380952381
0,0,2.28,0,,0,0.0,0.0,2,1,1,1,1.0
1,0,1.99,22,,0,20.2,1.0,0,1,1,1,1.0
1,0,3.17,12,0.76,0,85.7,7.0,0,0,0,0,0.0
0,0,3.3,32,,0,34.8,2.9,0,1,1,1,0.8584047619047618
1,1,2.74,16,1.18,1,149.3,8.0,0,0,0,0,0.31471428571428567
1,0,2.99,22,0.7,3,180.3,9.9,0,0,0,0,0.06874603174603174
1,0,6.04,21,0.21,0,9.0,1.4,0,0,0,0,0.01
1,1,11.06,22,0.0,0,7.1,0.8,0,0,1,1,0.9504761904761905
1,0,0.49,23,1.48,0,0.0,0.0,0,0,1,1,0.9146666666666667
1,0,0.84,12,0.0,0,82.1,125.5,0,0,1,1,0.9701666666666666
1,0,0.4,11,,0,4.3,0.5,0,1,1,1,0.9253333333333333
1,0,2.91,15,0.0,0,9.2,0.4,0,0,1,1,1.0
1,1,4.15,16,0.01,0,23.4,1.3,0,0,0,0,0.1778809523809524
1,0,0.87,14,1.1,0,14.1,0.7,0,0,0,0,0.0
1,0,2.42,19,1.55,1,77.9,13.8,0,0,0,0,0.22369047619047622
1,1,0.17,27,1.81,0,242.4,5.8,1,0,0,0,0.03666666666666667
1,0,2.23,24,,0,29.4,2.0,0,1,1,1,0.9816666666666666
1,1,2.62,20,1.29,0,158.6,8.7,0,0,0,0,0.03291666666666667
1,0,1.22,30,0.59,0,59.8,11.4,0,0,0,0,0.1262857142857143
1,1,1.36,23,0.93,0,14.2,0.7,0,0,1,0,0.17891666666666667
0,0,4.16,0,,0,0.0,0.0,0,1,1,1,1.0
1,0,1.87,14,0.11,0,17.3,2.1,0,0,0,0,0.02033333333333333
1,0,1.04,18,0.0,0,0.0,0.0,0,0,1,1,1.0
1,0,1.63,13,0.0,0,13.5,0.6,0,0,1,1,1.0
1,1,2.0,0,,0,0.0,0.0,3,1,1,1,1.0
1,0,6.31,19,,0,31.2,1.8,0,1,1,1,0.8817500000000001
1,1,7.94,24,,0,25.1,1.8,0,1,1,1,0.513702380952381
1,0,1.85,13,0.12,0,18.0,2.2,0,0,0,0,0.0553452380952381
0,0,0.04,5,,0,13.8,2.8,0,1,0,1,0.7817261904761902
1,0,3.13,12,0.86,0,76.4,13.4,0,0,0,0,0.015
1,0,1.33,14,0.64,1,57.1,4.9,0,0,1,0,0.14584920634920634
0,0,3.67,21,,0,0.0,0.0,0,1,1,1,1.0
0,0,0.38,17,0.0,2,0.0,0.0,0,0,1,1,1.0
1,0,5.89,20,1.2,0,72.6,2.5,0,0,0,0,0.12588888888888888
0,0,0.68,18,,1,0.0,0.0,3,1,1,1,1.0
1,0,0.32,20,0.0,0,52.5,4.8,0,0,1,1,1.0
1,0,1.0,14,0.97,0,27.1,1.1,0,0,0,0,0.036333333333333336
1,0,0.4,21,1.58,0,191.6,15.2,0,0,0,0,0.12904761904761905
1,1,1.78,12,0.15,0,46.3,3.5,0,0,0,0,0.01
0,0,0.57,22,,1,0.0,0.0,0,1,1,1,1.0
0,0,0.0,1,,0,0.0,0.0,0,1,1,1,1.0
1,1,6.56,22,1.96,0,9.4,0.6,0,0,0,0,0.005833333333333333
1,0,7.62,17,,0,25.8,1.9,3,1,1,1,0.6798690476190475
0,0,2.85,20,,0,0.0,0.0,0,1,1,1,1.0
0,0,1.45,18,0.99,0,0.0,0.0,0,0,1,1,1.0
1,0,6.87,21,0.12,0,73.9,5.5,0,0,0,0,0.01
1,0,2.01,9,,0,116.1,3.6,0,1,1,1,0.7151746031746032
1,0,2.7,20,1.67,0,43.9,3.2,0,0,0,0,0.15783333333333335
1,0,5.75,22,1.15,1,50.3,2.4,0,0,0,0,0.012023809523809523
0,0,1.98,24,,0,50.5,6.4,0,1,1,1,0.9195
0,0,0.42,15,,0,26.4,2.4,0,1,1,1,0.9485357142857141
1,0,0.13,19,0.0,2,144.6,6.1,0,0,1,1,0.9975
1,1,2.68,13,,0,13.4,1.6,0,1,1,1,0.955952380952381
1,0,3.83,20,0.0,0,87.4,13.8,0,0,1,1,1.0
1,1,0.77,22,1.2,0,58.5,4.7,0,0,0,0,0.028511904761904763
1,0,0.85,30,0.0,0,33.8,0.8,0,0,1,1,1.0
0,0,2.27,21,,0,9.5,0.6,0,1,1,1,1.0
1,1,1.86,20,0.09,0,11.5,0.5,0,0,0,0,0.04328571428571428
1,0,0.89,14,1.08,0,50.4,2.7,0,0,0,0,0.006363636363636364
0,0,0.84,22,0.0,0,9.2,1.0,0,0,1,1,0.99
1,0,1.27,22,0.62,0,81.3,4.7,0,0,0,0,0.01
1,0,3.13,21,0.0,0,35.6,1.8,0,0,1,1,0.992
1,1,2.02,28,,0,18.6,0.6,0,1,1,1,0.9293333333333333
1,0,3.13,12,0.82,0,58.9,4.3,0,0,0,0,0.0
1,0,5.28,17,0.0,3,203.4,11.8,0,0,1,1,0.9628888888888889
0,0,6.37,33,,0,17.9,2.5,0,1,0,1,0.5915793650793651
0,0,0.61,26,0.0,4,99.5,9.3,0,0,1,1,0.986
1,0,2.02,0,,1,0.0,0.0,1,1,1,1,1.0
0,0,0.13,23,1.84,0,29.6,2.7,0,0,0,0,0.026666666666666665
0,0,2.09,0,,0,0.0,0.0,0,1,1,1,1.0
1,1,0.42,13,0.0,0,25.4,1.4,0,0,1,1,1.0
1,0,0.66,8,1.31,0,24.3,2.6,0,0,0,0,0.02695238095238095
1,0,4.36,32,,0,25.7,1.5,0,1,1,1,0.9064999999999999
1,1,3.73,12,0.0,0,27.8,3.5,0,0,1,1,0.99
1,0,7.32,21,1.73,0,25.0,1.8,0,0,0,0,0.010095238095238095
1,1,3.21,28,0.93,0,73.4,10.7,0,0,0,0,0.062214285714285715
1,0,4.36,11,,0,1.6,0.1,0,1,1,1,0.9594523809523808
1,0,1.97,13,0.0,0,63.1,3.7,0,0,1,1,1.0
1,0,0.25,27,0.96,0,111.0,3.7,0,0,0,0,0.08636904761904761
1,0,2.15,22,,0,0.0,0.0,0,1,1,1,1.0
1,0,0.52,14,0.0,0,20.1,0.7,0,0,1,1,1.0
1,1,0.83,15,1.14,0,41.4,3.7,0,0,0,0,0.018333333333333333
1,0,2.92,12,1.01,0,20.8,1.2,0,0,0,0,0.0
1,1,1.56,28,0.0,0,128.1,6.1,0,0,1,1,1.0
1,1,0.64,15,0.56,1,95.1,3.7,0,0,0,0,0.22387301587301586
1,1,4.47,25,0.41,0,22.1,0.9,0,0,0,0,0.008666666666666666
1,0,1.98,29,0.0,0,21.8,1.5,0,0,1,1,1.0
1,0,0.96,14,1.02,0,74.1,6.2,0,0,0,0,0.008666666666666666
1,0,2.09,26,,1,5.7,0.3,0,1,1,1,0.9940000000000001
1,0,2.04,19,,0,33.2,2.3,0,1,1,1,0.9000476190476189
1,0,0.82,8,1.15,0,69.8,12.3,0,0,0,0,0.06541666666666666
1,1,0.34,24,1.63,0,41.1,0.9,0,0,0,0,0.11880952380952384
1,0,1.31,14,0.0,0,54.6,7.1,0,0,1,1,0.995
1,0,2.03,13,1.9,0,129.3,7.6,0,0,0,0,0.0265
0,0,0.76,16,,0,0.0,0.0,0,1,1,1,1.0
0,0,1.27,21,0.0,0,0.0,0.0,0,0,1,1,1.0
1,0,5.17,25,0.4,1,87.1,4.7,0,0,0,0,0.03166666666666667
1,0,1.97,13,0.0,0,67.5,3.8,0,0,1,1,0.9531428571428572
0,0,0.86,23,,0,0.0,0.0,0,1,1,1,1.0
1,0,0.36,17,1.48,0,3.5,0.3,0,0,1,0,0.17276190476190478
0,0,2.08,22,,0,0.0,0.0,0,1,1,1,1.0
1,1,5.91,25,0.07,0,35.6,3.9,0,0,0,0,0.0075
1,0,7.46,24,,0,57.7,2.7,0,1,1,0,0.4934047619047619
1,0,2.74,41,,0,12.2,2.1,0,1,1,1,0.8127499999999999
1,0,0.97,14,1.01,0,24.9,1.2,0,0,0,0,0.018333333333333333
1,0,5.09,26,0.0,1,64.0,4.4,0,0,1,1,0.995
1,0,6.86,10,,0,4.0,0.4,6,1,1,1,0.7557777777777779
1,0,0.21,42,,0,132.7,5.8,0,1,0,1,0.7361547619047619
1,1,6.3,34,0.17,0,167.5,16.8,0,0,0,0,0.025666666666666667
1,0,4.55,26,,1,24.1,1.9,0,1,1,1,0.9198333333333334
1,0,4.05,18,,0,10.4,1.4,0,1,1,1,0.9046666666666665
0,0,1.07,0,0.0,0,4.3,0.3,6,0,1,1,1.0
0,0,0.68,0,0.0,1,5.2,0.3,6,0,1,1,1.0
1,0,0.98,24,0.0,0,11.9,0.2,0,0,1,1,0.9940000000000001
1,1,6.59,15,1.42,0,62.8,3.0,0,0,0,0,0.01583333333333333
1,0,2.05,33,,0,0.0,0.0,0,1,1,1,1.0
1,0,6.41,24,,0,37.5,2.3,0,1,0,0,0.47484523809523815
1,0,0.37,7,1.85,0,78.0,8.7,0,0,0,0,0.1041904761904762
1,1,2.78,13,0.0,1,15.5,2.3,0,0,1,1,0.995
1,0,2.63,23,,0,5.9,0.4,0,1,1,1,1.0
1,1,2.27,33,,2,47.2,2.4,0,1,1,1,0.8475873015873016
0,0,2.56,24,,0,3.9,0.4,0,1,1,1,0.9628333333333333
1,0,2.18,23,,2,29.9,3.8,0,1,1,1,0.9655
0,0,0.48,23,,0,41.4,2.4,0,1,1,1,0.9895714285714285
1,1,2.33,9,1.14,0,49.5,2.7,0,0,0,0,0.18450793650793648
1,0,2.91,0,,1,15.6,1.0,1,1,1,1,0.9883333333333334
1,1,5.68,13,,0,1.3,0.2,0,1,1,1,0.895
1,1,2.71,15,1.26,1,128.2,7.0,0,0,0,0,0.02119047619047619
1,0,3.13,12,0.82,0,89.1,7.9,0,0,0,0,0.0
1,0,0.26,10,0.0,0,14.9,1.3,0,0,1,1,0.99
1,0,1.97,20,0.0,0,7.8,0.5,0,0,1,1,1.0
1,0,3.99,21,0.34,0,33.1,7.6,0,0,0,0,0.024214285714285716
0,0,2.81,17,,0,25.1,1.4,0,1,1,1,0.9568888888888888
1,1,2.95,15,1.26,1,50.6,10.5,0,0,0,0,0.028452380952380955
1,0,0.98,26,1.17,0,50.4,3.1,0,0,1,0,0.3865833333333334
1,1,3.55,19,1.38,0,257.6,17.0,0,0,0,0,0.08492063492063492
0,0,2.3,14,,0,0.0,0.0,0,1,1,1,1.0
1,1,7.71,21,0.28,0,40.2,3.9,0,0,0,0,0.005
1,1,1.3,17,0.0,0,54.1,7.9,0,0,1,1,0.99
1,1,8.01,20,0.08,0,139.8,8.3,0,0,0,0,0.013000000000000001
1,0,0.45,12,0.0,0,6.1,0.3,0,0,1,1,1.0
1,0,0.79,50,0.0,0,69.5,144.3,0,0,1,1,1.0
1,1,0.46,21,1.02,0,29.4,2.2,0,0,1,0,0.2165
1,1,0.79,15,1.19,0,45.7,3.7,0,0,0,0,0.04650000000000001
1,1,0.6,18,1.62,0,143.6,10.4,0,0,0,0,0.08522619047619048
1,1,6.83,22,1.95,2,52.1,3.4,0,0,0,0,0.015333333333333332
1,1,3.03,17,1.72,0,89.0,4.5,0,0,0,0,0.12986904761904763
0,0,2.94,0,,0,0.0,0.0,0,1,1,1,1.0
1,1,3.93,24,,0,3.7,0.2,0,1,1,1,0.9579047619047618
1,0,2.45,33,,1,28.4,1.8,1,1,1,1,0.8577380952380953
1,0,4.56,19,0.0,0,40.9,3.1,0,0,1,1,1.0
1,0,2.77,16,0.0,2,72.6,2.3,0,0,1,1,0.9843809523809522
1,1,2.51,18,1.38,0,59.7,54.3,0,0,1,0,0.12858333333333336
1,0,1.27,10,0.0,0,9.8,0.3,0,0,1,1,1.0
0,0,0.93,21,0.0,0,0.0,0.0,0,0,1,1,1.0
1,1,0.14,14,0.99,2,12.0,0.9,0,0,0,0,0.1418214285714286
1,1,1.38,18,1.67,0,40.6,7.1,0,0,1,0,0.06849999999999999
0,0,4.95,0,,0,1.0,0.1,2,1,1,1,0.9733333333333333
1,0,2.64,22,1.3,0,12.5,0.4,0,0,0,0,0.06
0,0,0.27,36,1.7,0,114.6,8.0,0,0,0,0,0.0
0,0,2.19,32,,0,54.0,4.5,0,1,0,1,0.8650000000000001
0,0,2.07,33,,0,48.4,1.8,0,1,1,1,0.9694047619047619
1,0,1.25,28,0.96,0,58.3,3.7,0,0,0,0,0.03133333333333333
1,1,0.58,15,1.4,0,19.4,2.0,0,0,0,0,0.028142857142857147
1,0,2.07,21,,0,4.9,1.0,0,1,1,1,1.0
0,0,2.09,20,,0,0.0,0.0,0,1,1,1,1.0
1,0,0.05,9,1.92,1,35.0,1.3,0,0,0,0,0.07332539682539682
1,1,7.22,10,0.44,0,104.7,23.5,0,0,1,0,0.2511111111111111
0,0,1.57,26,0.0,0,26.3,2.1,0,0,1,1,1.0
1,1,2.62,14,1.8,1,124.1,21.2,1,0,0,0,0.16966666666666666
1,1,1.1,13,0.0,0,182.7,10.0,0,0,1,1,0.99
1,0,3.19,12,0.76,0,4.9,0.2,0,0,0,0,0.035333333333333335
1,0,9.45,0,,0,0.0,0.0,0,1,1,1,0.998
0,0,1.76,13,0.0,0,0.0,0.0,0,0,1,1,1.0
1,0,8.03,22,,0,101.4,8.4,0,1,1,1,0.8457976190476191
1,1,1.44,20,0.49,0,138.2,11.5,0,0,0,0,0.04133333333333334
1,1,1.7,15,0.53,0,28.5,15.1,0,0,0,0,0.2987142857142857
1,1,2.65,21,0.31,0,278.4,18.2,0,0,0,0,0.0680952380952381
0,0,1.82,21,0.0,0,0.0,0.0,0,0,1,1,1.0
1,0,2.02,23,,0,18.0,1.3,0,1,1,1,0.9866666666666666
1,0,0.9,15,0.0,0,0.0,0.0,0,0,1,1,1.0
1,0,0.4,5,0.0,0,16.2,1.0,0,0,1,1,1.0
1,1,2.23,12,1.69,0,24.4,1.6,0,0,0,0,0.04833333333333334
0,0,1.07,0,,0,0.0,0.0,1,1,1,1,1.0
1,0,1.84,21,0.09,0,69.9,7.9,0,0,0,0,0.047714285714285716
1,0,0.31,12,0.78,0,78.3,2.8,0,0,0,0,0.15708730158730158
1,0,0.36,16,,1,14.6,55.8,0,1,1,1,0.8521428571428571
1,0,3.39,26,0.0,1,68.0,4.6,0,0,1,1,1.0
1,0,0.98,14,0.99,0,161.5,7.1,0,0,0,0,0.005
1,1,5.13,24,1.84,4,92.6,61.6,0,0,0,0,0.07715873015873016
0,0,1.28,24,,0,15.4,5.2,0,1,1,1,0.8438055555555559
1,0,3.14,12,0.81,0,17.5,1.3,0,0,0,0,0.009333333333333334
1,1,2.88,0,,0,0.0,0.0,0,1,1,1,1.0
1,0,4.6,21,0.28,0,62.3,2.3,0,0,0,0,0.0
1,0,6.73,17,0.0,0,135.4,47.7,0,0,1,1,0.9966666666666666
1,1,0.56,8,1.41,0,55.9,4.9,0,0,0,0,0.09007142857142857
0,0,2.05,0,,0,0.0,0.0,0,1,1,1,1.0
0,0,0.45,0,0.0,0,0.0,0.0,0,0,1,1,1.0
1,0,7.43,22,0.62,1,30.2,4.1,0,0,0,0,0.04730952380952381
1,0,3.8,22,,0,41.3,1.8,0,1,1,1,0.9066507936507936
1,0,6.6,22,0.08,0,32.5,3.9,0,0,0,0,0.019999999999999997
0,0,0.17,16,,0,0.0,0.0,0,1,1,1,1.0
1,1,1.48,12,0.0,0,45.5,5.3,0,0,1,1,0.995
1,0,0.98,10,0.0,0,69.0,1.8,0,0,1,1,1.0
1,1,0.42,12,0.0,0,26.9,1.9,0,0,1,1,1.0
1,1,7.64,25,0.0,0,29.8,1.5,0,0,1,1,0.885
1,0,1.77,22,0.0,0,31.2,3.5,0,0,1,1,1.0
1,0,1.24,22,0.74,0,11.2,2.0,0,0,0,0,0.05670634920634921
1,1,2.64,15,1.26,0,20.0,1.0,0,0,0,0,0.02777777777777778
1,1,0.13,15,1.84,0,8.7,3.2,0,0,0,0,0.0
1,1,0.28,24,1.7,1,63.3,3.7,0,0,0,0,0.04875
1,1,0.85,24,1.12,2,60.8,2.7,0,0,0,0,0.08883333333333335
0,0,2.7,24,,0,18.1,0.7,0,1,1,1,0.9533333333333333
0,0,0.7,17,0.0,0,6.9,0.5,0,0,1,1,1.0
1,1,2.83,12,0.0,2,29.7,3.1,0,0,1,1,0.986
1,0,1.31,21,0.0,0,1.4,0.1,0,0,1,1,1.0
0,0,3.72,24,,0,3.1,0.4,0,1,1,1,0.9784999999999999
1,0,7.02,20,0.0,0,17.8,1.3,0,0,1,1,0.9811111111111112
1,1,2.12,20,,0,13.2,4.9,0,1,1,1,0.9226666666666666
1,1,2.87,12,1.05,0,98.2,2.0,0,0,0,0,0.19235714285714287
1,1,6.9,0,,0,0.0,0.0,0,1,1,1,1.0
1,1,3.56,12,0.38,0,41.4,2.1,0,0,0,0,0.037
1,1,2.33,64,,0,0.0,0.0,0,1,1,1,1.0
1,1,0.28,24,1.7,0,62.5,3.8,0,0,0,0,0.031
1,0,0.99,28,0.0,0,46.2,2.4,0,0,1,1,1.0
1,0,2.87,22,1.05,0,18.3,1.3,0,0,0,0,0.005
1,1,6.52,21,0.12,0,144.5,11.1,0,0,0,0,0.01
0,0,0.31,54,0.0,0,171.7,16.5,0,0,1,1,0.97
1,1,5.6,15,1.17,0,68.9,8.3,0,0,0,0,0.013500000000000002
0,0,1.05,14,0.0,1,6.1,0.5,0,0,1,1,1.0
1,1,2.36,15,0.0,2,50.7,4.6,0,0,1,1,1.0
1,0,1.05,14,0.92,0,4.0,0.2,0,0,0,0,0.025166666666666667
1,0,1.05,20,0.92,3,34.4,7.3,0,0,0,0,0.07300000000000001
1,0,7.91,20,,0,15.1,3.1,0,1,0,1,0.7375238095238096
1,0,0.67,0,0.0,0,0.0,0.0,6,0,1,1,1.0
1,0,1.75,21,0.17,0,39.9,8.7,0,0,0,0,0.02162698412698413
1,0,1.97,26,0.0,0,82.7,9.1,0,0,1,1,1.0
1,1,0.8,20,1.17,0,66.9,1.8,0,0,0,0,0.2904047619047619
1,0,3.02,12,1.07,0,41.7,3.4,0,0,0,0,0.012000000000000002
1,0,1.84,16,,0,0.0,0.0,0,1,1,1,1.0
1,1,5.7,32,0.95,0,158.7,7.1,0,0,0,0,0.060297619047619044
0,0,2.79,22,,0,4.1,0.2,0,1,1,1,0.998
1,1,1.94,5,1.96,0,59.9,6.0,0,0,1,0,0.4373888888888888
0,0,2.0,21,,1,0.0,0.0,0,1,1,1,1.0
1,1,1.29,24,0.68,0,77.8,4.7,0,0,0,0,0.05
1,0,0.05,10,0.93,0,47.4,4.6,0,0,0,0,0.12883333333333333
1,0,0.27,14,0.0,0,70.5,10.8,0,0,1,1,0.99
1,1,1.48,12,0.49,0,74.6,3.3,0,0,0,0,0.015
1,1,0.58,15,1.39,0,20.2,1.1,0,0,0,0,0.003333333333333333
1,1,6.5,15,1.76,0,13.8,1.6,0,0,0,0,0.01717857142857143
0,0,0.58,4,,3,0.0,0.0,1,1,1,1,0.9966666666666667
0,0,0.25,18,,1,10.3,0.9,0,1,1,1,0.9971428571428572
1,0,5.07,0,,0,0.0,0.0,0,1,1,1,0.998
1,0,3.51,34,,0,10.1,2.1,0,1,1,1,0.9099523809523808
1,0,4.92,25,0.39,0,44.9,1.8,0,0,0,0,0.02428571428571429
1,0,0.62,9,0.0,0,17.7,3.8,0,0,1,1,0.985
1,1,3.19,24,0.73,0,96.9,4.7,0,0,0,0,0.039285714285714285
0,0,2.55,21,,0,55.8,3.4,0,1,1,1,0.7525912698412698
0,0,0.21,28,1.76,1,38.5,4.8,0,0,0,0,0.04333333333333334
1,0,4.1,17,1.82,0,72.7,109.6,0,0,0,0,0.033277777777777774
1,1,1.12,20,0.85,0,22.2,2.2,0,0,0,0,0.05608333333333333
1,1,2.36,24,0.0,0,0.0,0.0,0,0,1,1,1.0
1,1,1.98,0,,0,0.0,0.0,1,1,1,1,1.0
1,0,0.84,18,0.0,0,0.0,0.0,0,0,1,1,1.0
1,1,1.69,0,0.0,0,1.6,0.5,4,0,1,1,1.0
1,1,0.97,15,0.0,0,49.9,2.9,0,0,1,1,1.0
1,0,2.27,14,0.0,0,51.3,4.1,0,0,1,1,0.978
1,1,2.97,14,0.91,0,82.0,52.5,0,0,1,0,0.35819047619047617
0,0,9.57,0,,0,0.0,0.0,0,1,1,1,1.0
1,1,2.03,17,1.9,1,63.8,5.6,0,0,0,0,0.020833333333333336
1,0,1.01,14,0.96,0,40.3,1.3,0,0,0,0,0.03783333333333333
1,1,5.79,12,,0,0.7,0.1,1,1,1,1,0.8302500000000002
1,0,6.35,20,1.2,0,116.9,6.8,0,0,0,0,0.01961904761904762
1,0,1.79,22,0.0,0,0.0,0.0,0,0,1,1,1.0
1,1,1.1,19,0.0,0,0.0,0.0,0,0,1,1,1.0
0,0,2.07,21,,0,2.0,0.6,0,1,1,1,1.0
1,0,1.26,20,0.71,0,98.8,4.0,0,0,0,0,0.06033333333333333
1,1,3.95,16,0.0,0,0.0,0.0,0,0,1,1,1.0
0,0,8.33,33,,0,64.0,8.1,0,1,1,1,0.5652777777777779
1,1,0.99,0,0.98,0,37.2,1.9,0,0,1,1,0.9303333333333335
1,0,2.98,12,0.95,0,28.2,2.8,0,0,0,0,0.0
1,0,0.57,25,,0,8.4,0.4,0,1,1,1,0.8508333333333334
1,0,0.66,11,,0,61.5,2.8,0,1,1,1,0.98
1,1,2.04,40,1.95,0,138.5,17.6,0,0,0,0,0.02952380952380952
1,1,4.81,15,1.49,1,33.5,4.1,0,0,0,0,0.10311904761904761
0,0,1.28,21,0.0,0,0.0,0.0,0,0,1,1,1.0
1,1,0.48,13,1.49,0,228.3,13.0,2,0,0,0,0.13172619047619047
1,1,0.54,15,1.44,0,48.1,5.1,0,0,0,0,0.026000000000000002
1,0,0.48,12,1.04,0,13.1,2.8,0,0,0,0,0.14933333333333335
1,0,1.19,14,0.78,0,54.9,2.0,0,0,0,0,0.03899999999999999
1,0,0.31,20,1.67,0,42.8,2.0,0,0,0,0,0.02516666666666667
1,1,6.83,20,1.53,0,8.0,1.1,0,0,0,0,0.04891666666666666
0,0,0.64,21,,0,0.0,0.0,0,1,1,1,1.0
0,0,3.16,25,0.76,0,23.4,2.7,0,0,0,0,0.1699285714285714
1,0,1.26,144,0.71,1,153.2,17.9,0,0,0,0,0.10533333333333333
1,0,2.59,20,0.0,1,41.6,1.9,0,0,1,1,0.9653809523809523
1,1,1.61,7,0.0,0,41.4,2.0,0,0,1,1,0.9746666666666667
0,0,1.61,0,,0,0.0,0.0,0,1,1,1,1.0
0,0,0.02,5,0.0,0,0.0,0.0,0,0,1,1,1.0
1,0,3.54,21,,0,3.8,0.6,0,1,1,1,1.0
1,0,0.36,12,0.0,0,7.4,0.9,0,0,1,1,1.0
0,0,2.06,14,,1,0.0,0.0,0,1,1,1,1.0
1,0,0.22,4,0.0,0,1.7,0.1,0,0,1,1,1.0
1,0,1.95,13,0.0,0,7.9,0.8,0,0,1,1,0.99
1,1,0.6,24,1.38,0,26.5,1.5,0,0,0,0,0.1557261904761905
1,0,0.03,0,1.95,0,,,0,0,0,0,0.0
1,1,1.25,16,0.72,0,4.1,0.2,0,0,1,0,0.41033838383838384
1,1,0.23,15,1.22,0,17.6,1.5,0,0,1,0,0.10930952380952384
0,0,3.65,16,,0,0.2,0.0,0,1,0,1,0.9204047619047618
1,0,0.38,20,1.59,0,108.0,9.2,0,0,0,0,0.06878571428571428
1,1,1.45,12,0.51,0,56.8,3.2,0,0,0,0,0.02783333333333333
1,0,1.98,22,,0,2.0,0.2,0,1,1,1,1.0
1,0,0.79,7,1.35,0,30.6,1.3,0,0,0,0,0.17724603174603173
0,0,1.04,22,,0,114.7,16.7,0,1,1,1,0.8954166666666665
1,0,0.39,11,0.13,0,95.9,7.1,0,0,0,0,0.10157539682539682
1,0,1.86,22,1.07,0,25.6,2.2,0,0,0,0,0.08485714285714285
1,0,0.85,21,,1,14.6,1.2,0,1,0,1,0.985
1,0,0.71,10,0.0,0,29.5,4.0,0,0,1,1,1.0
1,0,0.22,18,1.76,0,97.3,10.0,0,0,0,0,0.05528571428571429
1,0,2.97,12,0.96,0,64.3,8.9,0,0,0,0,0.01
1,0,1.23,17,0.0,0,1.3,0.1,0,0,1,1,1.0
1,0,2.12,7,,0,116.6,7.7,0,1,0,1,0.6260952380952383
1,0,5.28,21,1.38,0,21.5,1.2,0,0,1,0,0.1015
1,0,0.68,13,0.0,0,56.5,4.4,0,0,1,1,1.0
1,0,0.22,14,0.0,0,65.9,8.1,0,0,1,1,0.9933333333333333
1,0,0.73,14,0.0,0,143.4,17.1,0,0,1,1,1.0
1,0,2.93,12,0.99,0,88.6,5.6,0,0,0,0,0.0075
1,1,4.04,17,,1,47.0,3.8,0,1,1,1,0.7289642857142857
1,0,2.92,20,0.85,0,66.3,3.4,0,0,0,0,0.03791666666666667
1,0,1.28,40,0.69,0,147.3,10.6,0,0,1,0,0.016666666666666666
1,1,0.76,15,1.21,0,116.7,9.4,0,0,1,0,0.01
1,0,1.09,8,0.88,0,37.2,4.8,0,0,0,0,0.19166666666666668
1,1,1.88,19,0.0,1,0.0,0.0,0,0,1,1,1.0
1,0,0.57,8,1.4,0,22.3,2.8,0,0,0,0,0.048761904761904756
1,0,3.32,22,0.7,0,67.9,6.0,0,0,0,0,0.02
1,0,5.38,21,0.52,0,20.4,1.2,0,0,0,0,0.01
1,1,1.98,19,1.76,0,6.7,1.6,0,0,0,0,0.1758492063492063
1,1,3.05,20,0.89,0,50.1,2.0,0,0,0,0,0.14604761904761904
1,1,2.99,17,1.17,0,60.3,7.6,0,0,1,0,0.49264285714285705
1,1,1.91,30,1.83,0,38.9,5.4,0,0,0,0,0.09102380952380953
0,0,4.93,0,,0,34.0,1.8,0,1,1,1,0.9285833333333333
1,0,1.81,13,0.16,0,121.7,5.3,0,0,0,0,0.014361111111111111
1,1,6.8,10,1.16,0,53.2,4.8,0,0,0,0,0.0095
1,0,2.0,30,,0,0.0,0.0,0,1,1,1,1.0
0,0,5.69,7,,0,2.2,0.1,3,1,1,1,0.8643452380952381
1,1,6.48,19,1.94,0,36.6,6.1,0,0,0,0,0.010595238095238095
1,0,1.52,33,0.0,0,74.6,5.0,0,0,1,1,0.98
1,0,0.41,12,0.0,2,33.4,1.4,0,0,1,1,1.0
1,0,0.62,14,1.35,0,83.5,3.4,0,0,0,0,0.018333333333333333
1,1,3.01,24,0.88,0,214.6,9.8,0,0,0,0,0.013333333333333332
1,1,2.68,13,0.0,1,69.6,3.6,0,0,1,1,1.0
1,0,6.72,24,,0,46.6,2.6,0,1,1,1,0.5997857142857143
1,0,0.73,14,1.25,0,20.2,2.0,0,0,0,0,0.018333333333333333
1,0,1.4,13,0.57,0,86.6,5.0,0,0,0,0,0.05959126984126985
1,0,1.7,25,0.0,0,46.1,2.1,0,0,1,1,1.0
1,0,1.49,14,,0,0.0,0.0,0,1,1,1,1.0
1,1,0.29,14,1.68,0,64.0,41.5,0,0,0,0,0.05242857142857143
1,0,0.4,22,0.0,0,15.4,0.6,0,0,1,1,0.9885714285714287
1,0,0.59,44,0.0,0,168.1,31.4,0,0,1,1,0.985
1,0,1.55,23,,0,0.0,0.0,0,1,1,1,1.0
1,0,1.06,14,0.91,0,36.3,2.8,0,0,0,0,0.007857142857142858
0,0,1.61,32,,0,28.5,1.3,0,1,1,1,0.9750000000000001
1,1,7.51,24,1.13,0,25.7,2.4,0,0,1,0,0.13252380952380954
1,0,3.8,21,0.16,0,60.0,4.1,0,0,1,0,0.012
1,1,6.85,22,0.07,0,6.2,0.3,0,0,0,0,0.0
1,0,1.7,13,0.22,0,122.4,7.2,0,0,0,0,0.09160714285714286
1,1,0.69,15,1.53,0,43.6,25.6,0,0,0,0,0.0815
0,0,1.35,15,,0,6.7,0.3,0,1,1,1,0.976515873015873
1,1,0.73,24,1.24,0,102.2,8.9,0,0,0,0,0.006999999999999999
1,1,0.5,23,1.47,0,37.0,3.8,1,0,0,0,0.0428968253968254
1,0,0.79,8,1.18,0,50.0,10.4,0,0,0,0,0.11779761904761905
0,0,2.98,21,,0,4.7,1.0,0,1,1,1,1.0
1,1,0.23,14,1.74,0,34.9,2.9,0,0,0,0,0.06102380952380951
1,1,0.88,20,0.0,0,44.3,2.1,0,0,1,1,0.98875
1,0,1.6,10,0.0,0,0.0,0.0,0,0,1,1,1.0
0,0,2.84,0,,0,19.8,1.3,7,1,1,1,0.98425
0,0,0.66,31,0.0,0,0.0,0.0,0,0,1,1,1.0
1,0,0.91,14,1.06,0,138.5,7.2,0,0,0,0,0.013333333333333332
0,0,2.68,22,,1,12.8,1.6,0,1,1,1,0.996
1,0,4.41,12,1.76,0,102.8,11.5,1,0,0,0,0.047380952380952385
1,0,0.51,12,0.46,0,51.3,3.1,0,0,0,0,0.20730158730158726
0,0,1.97,0,0.0,1,0.0,0.0,2,0,1,1,1.0
1,1,4.34,14,1.56,0,57.2,7.6,0,0,0,0,0.22532142857142856
0,0,2.17,49,,0,12.3,0.7,0,1,1,1,0.992
1,1,0.02,0,1.95,0,,,0,0,0,0,0.0
1,0,0.98,20,0.0,1,92.8,4.9,0,0,1,1,1.0
1,0,5.8,21,0.4,1,167.7,10.2,0,0,0,0,0.009579365079365078
1,0,2.8,20,,0,8.7,0.4,0,1,1,1,1.0
1,0,0.63,24,,0,11.3,0.8,0,1,0,1,0.9767878787878789
1,0,6.83,21,0.3,0,4.7,0.3,0,0,0,0,0.0
1,1,2.59,21,1.33,1,155.4,10.9,0,0,1,0,0.07554761904761906
0,0,1.1,24,0.0,0,12.0,0.7,0,0,1,1,1.0
0,0,1.5,22,1.2,2,0.0,0.0,0,0,1,1,1.0
1,1,2.5,9,1.61,0,4.2,2.4,0,0,0,0,0.17352380952380952
0,0,2.05,0,,0,0.0,0.0,5,1,1,1,1.0
1,0,2.03,8,,1,0.0,0.0,5,1,1,1,1.0
0,0,0.38,17,0.0,0,0.0,0.0,0,0,1,1,1.0
1,1,6.08,20,1.46,0,85.0,6.4,0,0,0,0,0.15004761904761904
1,0,0.64,14,1.33,0,19.2,1.3,0,0,0,0,0.018000000000000002
1,0,0.12,14,1.85,0,17.6,0.9,0,0,0,0,0.0016666666666666666
1,0,1.38,19,0.0,0,0.0,0.0,0,0,1,1,1.0
1,1,0.73,15,1.24,0,31.9,2.0,0,0,0,0,0.032678571428571425
1,0,8.96,20,,0,0.0,0.0,0,1,1,1,0.925
1,1,2.56,20,0.0,0,62.8,4.4,0,0,1,1,0.9965714285714286
1,0,3.0,12,0.94,0,37.7,2.4,0,0,0,0,0.0
1,0,3.05,12,0.88,0,43.7,2.4,0,0,0,0,0.0
1,0,0.51,20,0.15,1,67.2,3.5,0,0,0,0,0.12465476190476188
1,0,0.39,14,0.0,0,26.4,6.2,0,0,1,1,0.99
1,0,1.61,13,0.32,0,146.3,14.2,0,0,0,0,0.006666666666666666
1,1,0.52,0,0.72,0,0.0,0.0,6,0,1,1,0.98
1,0,1.98,12,,0,0.0,0.0,0,1,1,1,1.0
1,0,1.04,20,0.93,0,10.9,1.9,0,0,0,0,0.09513095238095236
1,0,0.95,20,0.0,0,15.0,0.5,0,0,1,1,1.0
1,0,1.07,20,0.9,0,46.8,2.1,0,0,0,0,0.0575
0,0,3.47,0,,0,0.0,0.0,6,1,1,1,1.0
1,0,0.04,6,2.92,0,45.3,14.4,0,0,0,0,0.16302380952380954
1,1,0.09,9,0.0,0,26.4,5.1,0,0,1,1,0.9815
1,1,1.27,24,0.7,3,62.0,3.0,0,0,0,0,0.11158333333333333
1,0,2.9,12,0.99,0,83.8,4.1,0,0,0,0,0.0
1,1,4.09,16,1.81,0,84.8,7.3,0,0,0,0,0.01
1,0,2.02,19,,0,0.0,0.0,0,1,1,1,1.0
1,1,1.47,0,0.0,0,0.0,0.0,5,0,1,1,1.0
1,1,0.9,14,1.63,0,72.2,4.4,0,0,0,0,0.19274999999999998
1,0,3.28,33,,0,32.3,3.7,0,1,1,1,0.5946428571428571
1,0,1.22,20,0.75,0,52.3,1.5,0,0,0,0,0.029833333333333333
1,0,4.28,20,1.72,0,48.7,2.4,0,0,0,0,0.06333333333333332
1,0,0.39,17,0.52,0,48.5,2.9,0,0,0,0,0.1888730158730159
1,0,1.98,30,,0,32.9,2.1,0,1,1,1,0.9053333333333333
1,0,0.08,13,1.26,0,20.9,1.3,0,0,0,0,0.07016666666666667
1,1,1.39,14,,5,0.0,0.0,0,1,1,1,1.0
1,1,2.43,21,1.93,0,21.3,1.5,0,0,0,0,0.06192857142857144
1,0,1.82,24,0.0,0,33.6,1.1,0,0,1,1,1.0
0,0,1.61,13,,0,0.0,0.0,0,1,1,1,1.0
0,0,2.27,56,,0,27.6,1.9,0,1,1,1,0.8813333333333334
1,1,4.63,15,1.34,0,7.5,6.6,0,0,0,0,0.11185714285714285
1,1,0.28,12,1.4,0,30.1,6.6,0,0,0,0,0.15804761904761905
1,1,0.97,24,1.01,0,104.9,12.1,0,0,0,0,0.0175
1,0,1.52,13,0.41,1,61.9,5.1,0,0,0,0,0.013666666666666666
1,1,1.96,5,0.02,1,86.2,3.0,0,0,1,1,0.8682142857142857
1,0,2.34,22,0.0,0,35.1,2.9,0,0,1,1,1.0
1,0,3.89,0,,0,13.6,2.0,0,1,1,1,0.9233928571428572
1,0,0.0,0,2.22,0,,,0,0,0,0,0.11357142857142857
1,0,0.02,0,1.95,0,,,0,0,0,0,0.0
1,1,0.75,15,1.22,0,144.9,8.9,0,0,0,0,0.02
1,0,0.83,18,0.0,0,42.8,2.6,0,0,1,1,1.0
1,1,6.89,21,0.3,0,21.2,4.5,0,0,0,0,0.009166666666666667
1,1,0.66,32,1.32,1,70.0,12.6,0,0,0,0,0.028333333333333332
1,0,2.91,12,1.01,0,29.5,3.8,0,0,0,0,0.0
1,1,2.49,1,1.41,8,66.6,8.6,0,0,1,1,0.7911984126984126
1,0,2.01,15,,0,9.6,0.3,0,1,1,1,0.9542380952380952
1,1,2.47,21,,0,21.2,1.5,0,1,1,1,0.9933333333333333
1,1,0.48,14,1.59,0,50.9,4.6,0,0,0,0,0.099
0,0,2.05,30,,0,63.9,6.1,0,1,1,1,0.9401428571428571
1,0,0.38,22,,0,49.1,5.6,0,1,1,1,0.8249166666666666
1,1,8.81,15,1.26,0,5.4,0.5,0,0,0,0,0.03372619047619047
1,0,7.72,22,0.67,0,7.8,0.2,0,0,0,0,0.011428571428571429
1,0,2.05,0,,0,0.0,0.0,5,1,1,1,1.0
1,0,0.67,0,0.0,1,0.0,0.0,6,0,1,1,1.0
0,0,1.69,0,,0,0.8,0.2,6,1,1,1,0.995
1,0,5.32,20,1.57,1,12.1,0.8,0,0,0,0,0.03186507936507936
1,0,3.38,21,0.54,0,24.6,3.3,0,0,0,0,0.0045000000000000005
1,0,3.0,25,,0,19.5,7.5,0,1,1,1,0.9324047619047618
1,0,0.65,13,0.0,0,61.3,2.5,0,0,1,1,1.0
1,0,7.76,21,0.17,0,24.1,2.8,0,0,0,0,0.02
0,0,3.54,18,,0,26.5,1.2,0,1,1,1,0.97
1,0,1.53,12,0.0,0,5.9,0.2,0,0,1,1,1.0
0,0,0.9,26,,0,0.0,0.0,0,1,1,1,1.0
1,0,5.2,26,0.0,0,148.5,8.1,0,0,1,1,0.9966666666666667
1,1,1.07,0,,0,0.0,0.0,0,1,1,1,1.0
1,1,0.32,17,0.67,1,255.0,5.6,0,0,1,0,0.30016666666666664
1,1,2.21,17,1.68,0,116.8,12.5,0,0,0,0,0.036333333333333336
1,1,3.15,23,,0,9.0,0.7,0,1,1,1,1.0
0,0,1.8,12,,0,0.0,0.0,0,1,1,1,1.0
1,0,2.75,12,0.8,2,77.5,7.3,0,0,0,0,0.05383333333333333
1,0,0.42,33,2.53,0,123.8,8.5,0,0,0,0,0.034333333333333334
1,1,3.99,22,0.92,1,105.4,9.0,0,0,1,0,0.049166666666666664
1,1,5.55,16,1.68,0,34.7,1.3,0,0,0,0,0.02219444444444444
1,0,0.9,22,0.0,1,32.7,1.2,0,0,1,1,1.0
1,0,1.68,13,0.24,0,103.6,2.8,0,0,0,0,0.04234126984126984
1,0,2.88,12,0.0,0,30.1,1.6,0,0,1,1,1.0
1,1,2.73,10,1.19,1,123.6,4.8,0,0,0,0,0.0125
1,1,6.08,21,0.19,0,60.4,2.9,0,0,0,0,0.013333333333333332
1,1,4.58,24,,0,53.8,2.0,0,1,1,1,0.8723928571428572
1,1,5.75,23,,0,27.7,2.2,0,1,1,1,0.8903888888888889
1,1,0.58,15,1.39,2,122.0,8.6,0,0,0,0,0.04928571428571429
1,1,2.95,20,1.81,0,28.5,0.6,0,0,0,0,0.12359523809523808
1,1,2.27,21,0.0,0,26.6,1.5,0,0,1,1,1.0
1,1,0.65,15,1.32,1,97.4,8.0,0,0,0,0,0.0
1,1,2.24,26,1.97,0,34.3,2.9,0,0,0,0,0.08366666666666667
0,0,1.12,72,,3,70.8,3.5,0,1,1,1,0.7363571428571426
1,1,4.35,24,,1,11.2,1.7,0,1,1,1,0.884452380952381
1,1,1.98,21,,0,0.0,0.0,0,1,1,1,1.0
1,1,1.98,0,,0,0.0,0.0,6,1,1,1,1.0
0,0,1.03,20,,0,33.5,1.7,0,1,1,1,0.9975
1,0,0.08,12,1.89,0,24.6,2.1,0,0,0,0,0.02345238095238095
1,1,6.91,18,1.81,0,60.4,7.0,0,0,0,0,0.006666666666666666
1,0,3.36,21,0.47,0,5.8,0.3,0,0,0,0,0.015
1,0,1.51,24,1.01,0,22.9,0.8,0,0,1,0,0.2383333333333333
0,0,3.21,23,,0,29.7,3.0,0,1,1,1,0.984642857142857
1,1,0.27,17,1.7,0,53.7,6.9,0,0,0,0,0.10781746031746031
1,1,0.72,22,1.26,0,120.6,10.2,0,0,0,0,0.0016666666666666666
0,0,5.12,22,0.0,0,17.8,1.4,0,0,1,1,0.9983333333333333
1,0,1.45,21,0.0,0,0.0,0.0,0,0,1,1,1.0
0,0,1.97,24,0.0,0,38.5,2.3,0,0,1,1,0.9966666666666667
1,0,4.17,24,1.85,0,114.7,9.8,0,0,0,0,0.018333333333333333
1,0,1.64,21,0.28,0,49.6,1.3,0,0,0,0,0.06872619047619048
1,1,0.22,13,1.75,1,76.9,3.9,0,0,0,0,0.04566666666666666
1,1,0.87,22,1.1,0,76.0,9.1,0,0,0,0,0.015
1,1,5.27,26,1.21,0,35.6,4.0,0,0,0,0,0.08361904761904762
1,1,1.39,12,0.52,0,126.5,4.9,0,0,0,0,0.08966666666666669
0,0,1.2,22,0.0,0,0.0,0.0,0,0,1,1,1.0
0,0,2.7,0,,0,0.0,0.0,0,1,1,1,1.0
1,0,5.36,10,,0,1.9,0.1,5,1,1,1,0.9576666666666667
1,0,1.97,22,0.0,2,7.6,0.5,0,0,1,1,1.0
1,0,1.66,23,0.0,0,8.7,0.7,0,0,1,1,1.0
1,0,0.75,11,1.22,0,23.0,1.6,0,0,0,0,0.3955357142857142
1,1,2.87,18,0.0,1,26.3,2.8,0,0,1,1,0.9883333333333333
1,1,2.27,21,,1,79.8,4.5,0,1,0,1,0.7807142857142857
1,0,1.98,29,,0,7.8,0.3,0,1,1,1,0.96475
1,1,2.43,15,1.72,0,14.3,0.5,0,0,0,0,0.09442857142857143
0,0,2.96,10,,0,9.0,1.0,7,1,1,1,0.99
0,0,1.65,24,0.0,0,0.0,0.0,0,0,1,1,1.0
1,0,2.03,13,0.0,0,14.3,0.7,0,0,1,1,0.98625
1,1,2.52,0,,2,0.0,0.0,5,1,1,1,1.0
1,1,5.94,21,0.0,0,8.5,0.9,0,0,1,1,0.9691666666666667
1,0,2.02,20,,0,0.2,0.0,0,1,1,1,0.986
1,1,2.38,15,1.51,0,29.1,1.7,0,0,0,0,0.11733333333333335
1,1,0.48,15,0.0,0,70.7,2.8,0,0,1,1,1.0
0,0,5.62,0,,0,0.0,0.0,0,1,1,1,1.0
1,1,2.58,24,1.97,0,5.7,0.2,0,0,0,0,0.03752380952380952
0,0,3.51,32,0.0,0,6.4,2.0,0,0,1,1,0.986904761904762
0,0,0.6,73,,0,0.0,0.0,0,1,1,1,1.0
1,1,1.13,17,0.0,0,0.0,0.0,0,0,1,1,1.0
1,0,0.42,15,1.55,0,4.2,1.4,0,0,0,0,0.38495634920634914
0,0,1.33,22,,1,0.0,0.0,0,1,1,1,1.0
1,1,1.01,28,1.21,0,37.4,3.1,0,0,0,0,0.08986904761904761
1,0,2.22,28,,0,40.1,4.4,0,1,1,1,0.8688214285714286
0,0,1.68,21,,0,12.6,1.3,0,1,1,1,1.0
1,0,0.8,0,,0,0.0,0.0,7,1,1,1,1.0
1,0,0.65,18,,0,0.0,0.0,0,1,1,1,1.0
1,0,1.63,38,,0,94.3,8.6,0,1,0,1,0.761611111111111
1,0,6.25,22,1.18,0,20.7,1.3,0,0,0,0,0.024642857142857143
1,1,0.14,10,1.41,0,57.3,4.5,0,0,0,0,0.11283333333333333
1,0,0.49,12,0.0,0,2.9,0.2,0,0,1,1,1.0
0,0,2.06,0,,0,0.0,0.0,7,1,1,1,1.0
1,1,4.16,17,1.74,0,60.9,2.2,0,0,0,0,0.021666666666666664
1,1,1.19,12,1.63,0,21.9,1.2,0,0,0,0,0.12109307359307359
1,0,0.71,12,,0,46.5,4.1,0,1,1,1,0.8249545454545455
1,1,2.14,24,,1,15.8,1.9,0,1,1,1,0.8246666666666669
0,0,1.02,18,,0,0.0,0.0,0,1,1,1,1.0
0,0,0.34,18,0.0,4,0.0,0.0,0,0,1,1,1.0
1,1,3.26,19,1.59,0,56.4,4.6,0,0,0,0,0.11349999999999998
1,0,1.19,37,0.0,0,0.0,0.0,0,0,1,1,1.0
1,0,6.05,19,0.36,0,36.0,2.2,0,0,0,0,0.12441666666666665
1,0,1.64,6,0.29,0,70.7,7.9,0,0,0,0,0.4696150793650794
0,0,2.42,40,,0,347.0,34.2,0,1,1,1,0.5422857142857141
0,0,3.52,22,,0,18.7,1.9,0,1,1,1,0.9753333333333335
1,1,6.13,21,0.32,1,79.9,4.5,0,0,0,0,0.01
1,1,1.54,12,0.41,0,44.4,4.9,0,0,0,0,0.0381547619047619
1,0,0.28,32,,0,9.8,0.5,0,1,1,1,0.8989404761904761
1,1,3.87,20,0.04,0,68.7,9.5,0,0,0,0,0.011666666666666665
1,0,6.85,12,1.03,0,22.0,1.4,0,0,0,0,0.017
1,1,7.9,15,1.27,0,81.4,2.9,0,0,0,0,0.06516666666666668
1,1,1.0,22,0.98,0,133.5,4.6,0,0,0,0,0.04119047619047619
1,1,3.22,19,,0,1.0,0.1,0,1,1,1,0.9850000000000001
1,1,0.4,22,0.0,0,55.2,10.4,0,0,1,1,0.9934999999999999
1,1,0.73,15,1.24,1,53.4,3.4,0,0,0,0,0.0105
0,0,2.74,24,,0,86.0,13.7,0,1,1,1,0.7382619047619048
1,0,1.97,5,0.0,0,29.4,1.2,0,0,1,1,1.0
0,0,5.39,17,,0,28.2,2.4,0,1,1,1,0.8959880952380951
0,0,2.03,21,,0,2.1,0.1,0,1,1,1,1.0
1,0,1.98,13,,0,10.4,0.4,0,1,1,1,0.9801666666666666
1,1,0.13,15,1.84,0,83.6,8.9,0,0,0,0,0.008333333333333333
1,0,3.0,12,0.93,0,14.3,0.8,0,0,0,0,0.0
1,0,3.0,13,0.0,1,0.0,0.0,0,0,1,1,1.0
0,0,1.12,17,0.0,0,0.0,0.0,0,0,1,1,1.0
1,1,3.47,17,0.0,0,90.4,20.4,0,0,1,1,1.0
1,0,0.43,20,0.01,0,0.0,0.0,0,0,1,1,0.998
1,1,1.75,17,0.82,0,237.0,88.6,0,0,1,0,0.39065873015873015
0,0,1.75,21,0.0,0,7.3,1.0,0,0,1,1,0.9966666666666667
1,0,0.82,21,0.0,0,0.0,0.0,0,0,1,1,1.0
0,0,1.4,15,0.0,0,21.3,1.2,0,0,1,1,1.0
1,0,1.44,22,1.97,0,22.4,0.8,0,0,0,0,0.14585714285714282
1,1,9.36,28,1.05,0,124.8,9.9,0,0,0,0,0.19879761904761906
1,1,3.98,20,0.08,0,119.0,5.7,0,0,0,0,0.04804761904761905
0,0,1.18,0,,0,0.0,0.0,0,1,1,1,1.0
0,0,2.32,24,,0,10.0,1.1,0,1,1,1,0.99
1,1,0.75,15,1.22,0,13.2,1.4,0,0,0,0,0.0175
0,0,1.38,13,,1,0.0,0.0,0,1,1,1,1.0
1,0,3.94,23,,0,60.7,3.1,0,1,0,1,0.9533333333333331
1,0,1.45,13,,0,0.0,0.0,0,1,1,1,0.995
1,1,6.56,20,1.51,0,77.5,4.0,0,0,0,0,0.1646190476190476
0,0,1.32,40,0.0,2,21.2,4.8,0,0,1,1,0.9942857142857143
1,0,1.55,30,0.0,4,31.0,6.5,0,0,1,1,0.9775
1,0,1.83,13,0.1,0,30.8,6.3,0,0,0,0,0.017357142857142856
1,1,6.42,24,1.08,0,70.4,3.3,0,0,1,0,0.09389285714285713
1,0,1.9,14,0.07,0,5.0,0.2,0,0,0,0,0.038642857142857145
0,0,1.52,33,0.0,0,30.9,4.1,0,0,1,1,0.9942857142857143
0,0,2.83,26,0.0,0,21.3,1.4,0,0,1,1,0.998
1,1,0.83,15,1.14,0,71.8,5.2,0,0,0,0,0.013333333333333332
1,1,6.23,20,1.57,0,3.3,0.3,0,0,0,0,0.05061904761904762
1,0,1.25,21,0.0,0,0.0,0.0,0,0,1,1,1.0
1,1,0.45,8,1.44,0,12.3,1.1,0,0,0,0,0.12011111111111113
0,0,0.74,23,,0,6.8,0.5,5,1,1,1,0.971904761904762
1,0,1.47,54,0.44,0,201.3,16.6,0,0,0,0,0.08016666666666666
1,1,1.5,12,0.42,0,54.2,5.6,0,0,0,0,0.03516666666666667
1,0,4.01,9,1.92,0,25.7,1.9,0,0,0,0,0.07416666666666666
0,0,3.71,0,0.0,0,0.0,0.0,7,0,1,1,1.0
1,1,0.7,16,1.78,0,22.0,2.3,0,0,0,0,0.07785714285714286
1,0,0.05,15,,0,16.2,0.3,0,1,0,1,0.6906547619047619
1,0,1.07,12,0.9,1,16.5,1.5,0,0,0,0,0.2093095238095238
1,0,2.99,12,0.94,0,55.0,2.9,0,0,0,0,0.0
1,1,5.89,22,,0,99.3,7.2,0,1,0,0,0.4900952380952381
1,0,3.63,8,,0,2.7,0.2,6,1,1,1,0.9888095238095239
1,1,2.0,122,1.93,0,283.1,54.1,0,0,0,0,0.14614285714285716
1,0,2.12,22,,0,10.4,0.6,0,1,1,1,0.9758333333333333
1,1,3.96,21,0.32,0,122.5,12.7,0,0,0,0,0.0025
1,0,0.44,42,1.53,0,109.9,10.2,0,0,0,0,0.04373809523809524
1,1,2.78,15,1.14,0,18.3,1.1,0,0,0,0,0.056499999999999995
1,0,0.38,22,0.0,0,43.1,5.5,0,0,1,1,1.0
1,1,0.89,24,0.0,0,0.0,0.0,0,0,1,1,0.9925
1,0,0.35,33,0.0,0,11.2,0.7,0,0,1,1,0.99
0,0,0.47,21,0.0,1,0.0,0.0,0,0,1,1,1.0
1,1,3.43,20,0.0,0,98.7,5.1,0,0,1,1,0.99
1,0,0.17,3,0.0,0,31.2,1.5,0,0,1,1,1.0
1,0,0.32,35,,0,4.4,0.2,0,1,1,1,0.9531666666666665
1,1,0.1,19,1.87,0,26.8,0.8,0,0,0,0,0.026404761904761903
1,0,1.9,26,0.0,1,41.9,1.8,0,0,1,1,0.99
1,0,0.53,20,0.0,1,18.9,0.5,0,0,1,1,1.0
1,0,0.35,18,1.62,1,53.5,3.8,0,0,0,0,0.07267857142857143
0,0,0.0,1,,0,0.0,0.0,0,1,1,1,1.0
1,0,0.82,12,1.27,0,85.3,6.2,0,0,0,0,0.10683333333333334
1,1,0.44,0,,1,0.0,0.0,0,1,1,1,1.0
1,0,1.27,12,0.7,0,37.0,2.1,0,0,1,0,0.2604206349206349
1,0,1.89,0,0.0,0,37.5,12.0,6,0,1,1,0.9569444444444444
0,0,3.55,18,,0,20.4,1.0,0,1,1,1,0.99
1,1,3.96,20,0.04,0,46.6,2.4,0,0,0,0,0.023250000000000003
1,1,0.8,15,1.17,0,40.9,2.2,0,0,0,0,0.018333333333333333
1,0,2.19,9,,2,27.0,4.7,0,1,0,1,0.5816587301587303
1,1,4.3,34,1.59,2,228.9,9.7,1,0,0,0,0.1106904761904762
1,1,3.05,27,2.53,0,208.0,9.8,0,0,0,0,0.020023809523809524
0,0,3.65,24,,0,53.8,3.3,0,1,1,1,0.7514047619047618
0,0,0.64,25,0.35,0,15.9,0.6,0,0,0,0,0.08902380952380953
0,0,2.55,23,,1,0.0,0.0,0,1,1,1,1.0
1,0,3.89,22,0.02,0,11.0,0.7,0,0,0,0,0.13817460317460317
1,1,0.72,8,1.25,0,10.4,0.6,0,0,0,0,0.06033333333333333
1,1,3.63,0,,0,0.0,0.0,0,1,1,1,1.0
1,0,2.79,23,,0,29.3,3.9,0,1,1,1,0.9476666666666667
1,1,6.9,24,1.82,1,45.4,2.9,0,0,0,0,0.030666666666666665
1,1,5.3,24,,0,85.8,2.0,0,1,1,1,0.6760238095238096
1,0,1.01,44,,0,0.0,0.0,1,1,1,1,1.0
1,0,5.48,21,,0,0.0,0.0,0,1,1,1,1.0
1,0,0.13,14,1.84,0,30.4,0.7,0,0,0,0,0.011666666666666667
1,0,1.47,15,0.46,0,25.7,1.2,0,0,0,0,0.2729722222222222
0,0,2.8,80,,1,169.0,45.9,0,1,1,1,0.701547619047619
1,1,2.05,13,1.88,0,174.3,10.4,0,0,0,0,0.08842857142857145
1,0,2.32,11,0.0,0,62.3,5.0,0,0,1,1,0.9928571428571428
1,1,0.17,20,2.05,0,29.2,1.3,0,0,0,0,0.10008333333333333
1,0,4.35,0,,0,0.0,0.0,0,1,1,1,1.0
0,0,0.75,21,0.0,0,41.0,1.7,0,0,1,1,1.0
1,1,5.27,26,,0,38.1,2.0,0,1,1,1,0.8771626984126982
0,0,1.23,24,,1,0.5,0.0,0,1,1,1,0.9623928571428572
1,0,1.76,13,0.18,0,44.7,1.7,0,0,0,0,0.005
1,1,2.51,10,1.42,0,50.6,2.4,0,0,0,0,0.0565952380952381
0,0,0.78,40,0.0,0,25.0,2.9,0,0,1,1,1.0
1,1,1.25,28,0.97,0,135.4,30.6,0,0,0,0,0.031
1,1,1.48,23,0.74,0,200.6,2.8,0,0,0,0,0.2378690476190476
1,0,3.52,17,0.0,0,21.4,3.2,0,0,1,1,0.9975
1,0,1.84,13,0.0,0,59.3,6.5,0,0,1,1,1.0
1,0,8.23,25,0.13,0,8.1,0.3,0,0,0,0,0.03592857142857143
1,1,0.39,8,1.83,0,27.9,5.2,0,0,0,0,0.13787878787878788
1,1,2.73,0,,0,0.0,0.0,6,1,1,1,1.0
1,0,0.9,28,,0,27.4,1.4,0,1,1,1,0.9430833333333334
1,0,0.53,21,0.0,0,24.9,3.6,0,0,1,1,0.99
1,0,1.02,20,0.95,0,94.5,5.8,0,0,0,0,0.007333333333333334
1,1,2.98,40,0.92,0,131.5,44.5,0,0,0,0,0.02125
1,0,2.75,20,,1,24.2,0.8,0,1,1,1,0.9975
1,1,7.37,22,0.08,0,13.9,1.6,0,0,0,0,0.016166666666666666
1,1,0.51,17,,0,12.8,0.8,0,1,1,1,0.9464682539682541
1,0,6.96,19,1.88,0,12.5,1.0,0,0,0,0,0.037083333333333336
1,1,2.37,14,1.55,1,74.5,3.2,1,0,0,0,0.14404761904761906
1,0,3.01,12,0.93,0,63.3,4.4,0,0,0,0,0.0
1,1,2.2,20,1.74,0,56.3,4.0,0,0,0,0,0.07416666666666667
1,0,0.84,20,0.0,0,0.0,0.0,0,0,1,1,1.0
1,0,1.21,20,0.0,0,0.0,0.0,0,0,1,1,1.0
1,0,4.18,22,,0,3.9,1.0,0,1,1,1,0.9060555555555555
1,1,4.45,17,,0,9.6,3.3,0,1,0,1,0.740888888888889
1,0,2.22,30,,0,67.7,6.3,0,1,0,1,0.8841904761904762
1,1,5.12,20,0.3,0,70.4,2.8,0,0,0,0,0.0
1,1,3.85,0,,0,0.0,0.0,2,1,1,1,1.0
1,1,6.89,21,0.0,0,126.1,9.3,0,0,1,1,0.9596666666666667
0,0,0.54,21,,0,4.0,0.2,0,1,1,1,1.0
0,0,2.54,18,,0,14.3,0.7,0,1,1,1,0.9975
1,0,1.84,24,,0,26.5,2.3,0,1,1,1,0.9100555555555555
1,1,0.98,15,1.18,0,211.7,10.9,0,0,0,0,0.05819047619047619
1,1,2.41,20,1.5,0,48.3,6.4,1,0,0,0,0.09364285714285715
1,1,3.67,0,,1,9.9,0.8,7,1,1,1,1.0
1,0,1.95,33,0.0,0,23.8,4.6,0,0,1,1,0.99125
1,0,1.0,22,0.98,0,42.6,3.1,0,0,0,0,0.0
0,0,1.24,0,,0,0.0,0.0,7,1,1,1,1.0
1,0,1.79,25,0.0,0,3.0,0.1,0,0,1,1,1.0
1,0,1.4,13,0.58,0,15.5,1.1,0,0,0,0,0.012
0,0,0.0,1,,0,0.0,0.0,0,1,1,1,1.0
1,0,7.16,22,,0,1.9,0.5,0,1,1,1,0.9335555555555556
1,1,2.55,15,1.36,0,36.6,4.4,0,0,0,0,0.010833333333333332
1,1,2.81,10,0.0,3,27.6,4.9,0,0,1,1,1.0
1,0,1.98,22,1.96,0,28.0,1.2,0,0,0,0,0.14751190476190476
1,0,0.7,6,0.0,0,8.4,0.6,0,0,1,1,1.0
1,1,0.92,30,1.05,0,19.3,0.5,0,0,0,0,0.18134126984126983
1,0,0.19,20,1.16,0,42.3,2.1,0,0,0,0,0.12269047619047618
1,0,5.81,19,,0,0.0,0.0,0,1,1,1,1.0
0,0,2.8,23,,0,15.1,1.2,0,1,1,1,1.0
1,0,0.77,18,0.0,0,52.9,5.2,0,0,1,1,1.0
1,1,0.75,15,1.23,0,2.2,0.3,0,0,0,0,0.14992857142857147
1,0,1.61,27,,1,45.9,3.8,0,1,1,1,0.8223809523809524
1,1,3.59,21,,0,19.1,1.3,0,1,1,1,0.9792738095238096
1,1,2.06,20,,0,50.6,4.8,0,1,1,1,0.7340357142857141
1,0,2.55,22,0.0,0,47.6,2.6,0,0,1,1,0.9865714285714285
1,1,3.64,38,,0,28.2,1.2,0,1,1,1,0.8237222222222222
1,0,8.59,19,0.0,0,53.4,1.8,0,0,1,1,1.0
1,0,1.96,22,0.0,0,46.8,2.1,0,0,1,1,0.9843214285714285
1,1,0.52,0,1.45,5,77.0,12.3,2,0,1,1,0.8878333333333334
1,1,2.96,21,1.93,0,54.9,4.4,0,0,0,0,0.0520952380952381
1,0,1.29,30,,0,24.0,3.0,0,1,1,1,0.9071190476190476
1,0,2.97,12,0.97,0,57.7,4.4,0,0,0,0,0.0
1,1,2.77,25,0.12,0,117.8,11.2,0,0,0,0,0.08563095238095238
1,1,2.68,28,0.0,0,48.5,68.4,0,0,1,1,0.9541666666666666
0,0,2.9,24,,0,9.1,0.4,0,1,1,1,0.9068253968253966
1,0,2.12,13,,0,85.7,9.9,0,1,1,1,0.6010873015873016
0,0,0.69,21,,0,0.0,0.0,0,1,1,1,1.0
0,0,2.96,163,,2,517.0,69.2,0,1,0,0,0.2747337662337663
1,0,1.44,0,0.92,0,0.0,0.0,3,0,1,1,0.995
1,1,3.18,0,0.75,0,39.6,8.1,1,0,1,1,0.9095595238095239
0,0,2.41,40,,1,107.0,6.9,0,1,1,1,0.8147023809523809
1,1,0.15,12,1.82,0,48.5,5.4,0,0,0,0,0.026777777777777775
1,0,3.43,0,,0,0.0,0.0,7,1,1,1,1.0
1,1,0.67,22,1.31,1,117.9,5.8,0,0,0,0,0.034083333333333334
1,0,1.72,18,0.26,0,28.4,3.9,0,0,1,0,0.3735714285714286
0,0,2.83,23,,1,3.1,0.1,0,1,1,1,0.982
1,0,1.15,22,0.82,1,43.6,2.7,0,0,0,0,0.015666666666666666
1,1,0.66,10,0.0,0,127.7,8.1,0,0,1,1,1.0
1,0,2.56,58,0.36,0,290.6,29.0,0,0,0,0,0.12102380952380953
1,0,3.82,33,,1,102.4,4.9,0,1,1,1,0.6412619047619049
1,0,6.12,17,,0,24.9,0.9,0,1,1,1,0.9029523809523807
1,0,1.98,30,,0,36.2,6.4,0,1,1,1,1.0
1,1,1.29,24,0.68,1,164.2,12.5,0,0,0,0,0.13230952380952382
1,1,0.9,15,1.07,0,85.0,6.8,0,0,0,0,0.13165476190476194
1,0,2.65,22,,4,15.7,1.2,0,1,1,1,1.0
1,0,1.98,13,,1,46.6,2.0,0,1,1,1,0.9668492063492061
1,0,4.41,28,1.49,0,46.3,4.0,0,0,0,0,0.09619047619047619
0,0,6.1,25,0.43,0,59.1,3.1,0,0,0,0,0.0
1,0,2.86,13,0.0,0,61.3,5.5,0,0,1,1,1.0
1,1,2.05,26,,1,21.7,2.7,0,1,1,1,0.9541428571428574
1,0,2.06,39,,0,17.0,0.9,0,1,1,1,0.9631071428571428
1,1,1.77,14,,1,0.0,0.0,0,1,1,1,1.0
1,0,0.5,19,0.5,0,159.4,4.1,0,0,0,0,0.3249404761904762
0,0,0.65,38,,0,67.2,5.1,0,1,1,1,0.8766666666666666
1,0,1.48,30,0.0,0,129.2,4.4,0,0,1,1,1.0
1,0,1.37,13,0.54,0,43.8,1.6,0,0,0,0,0.05478571428571428
1,0,1.48,21,0.44,0,35.5,3.7,0,0,0,0,0.047476190476190484
1,1,1.76,12,0.22,0,28.1,1.7,0,0,1,0,0.04957142857142857
0,0,2.23,0,,0,4.1,0.3,7,1,1,1,1.0
0,0,2.97,19,,0,7.1,0.8,0,1,1,1,1.0
0,0,2.22,0,,0,0.2,0.0,6,1,1,1,1.0
0,0,1.38,21,0.0,1,1.7,0.1,0,0,1,1,1.0
0,0,0.58,16,0.0,0,10.4,0.6,0,0,1,1,1.0
1,1,6.47,15,1.25,0,75.1,5.4,0,0,0,0,0.0025
1,0,2.36,20,1.2,1,22.4,1.2,0,0,0,0,0.12900793650793652
1,1,4.08,17,1.88,0,34.7,3.8,0,0,0,0,0.01583333333333333
1,0,1.44,22,,0,52.1,2.3,0,1,1,1,0.9669047619047619
1,0,2.54,21,,0,19.3,1.0,0,1,1,1,1.0
1,1,1.98,20,,0,92.6,14.1,0,1,1,1,0.9207380952380952
1,1,8.06,24,1.43,0,178.2,8.3,0,0,0,0,0.1062857142857143
0,0,2.07,23,,0,0.0,0.0,0,1,1,1,1.0
1,1,3.66,0,,0,11.1,1.2,3,1,1,1,0.9966666666666666
1,1,0.01,0,0.5,0,,,0,0,0,0,0.050333333333333334
1,0,4.96,15,,0,0.0,0.0,0,1,1,1,0.998
1,0,1.98,18,1.91,0,24.9,0.9,0,0,1,0,0.09076190476190477
1,1,1.62,26,0.0,0,3.8,0.3,0,0,1,1,1.0
1,0,1.98,44,,0,0.0,0.0,0,1,1,1,1.0
1,1,0.69,23,1.28,1,138.7,7.1,0,0,0,0,0.15158333333333332
1,0,5.46,22,,0,109.5,4.6,0,1,1,1,0.7988253968253965
1,0,3.67,13,0.47,0,9.9,0.5,0,0,0,0,0.08816666666666667
0,0,0.38,0,0.0,0,0.0,0.0,4,0,1,1,1.0
1,0,0.35,19,,0,3.1,0.2,0,1,1,1,0.9754999999999999
1,0,5.16,18,,1,16.8,0.8,0,1,0,1,0.8716428571428573
1,1,3.61,0,,0,3.2,0.2,6,1,1,1,0.9975
0,0,2.55,0,,0,0.0,0.0,0,1,1,1,1.0
1,1,2.32,24,,0,10.8,0.8,1,1,1,1,0.9364761904761905
1,1,6.27,12,0.16,0,15.7,1.8,0,0,0,0,0.0
0,0,2.43,12,,0,0.0,0.0,0,1,1,1,1.0
1,1,0.81,24,1.17,0,38.8,4.3,0,0,0,0,0.10745238095238095
1,0,1.13,20,0.84,0,111.4,5.5,0,0,0,0,0.003333333333333333
1,0,2.13,22,,0,0.2,0.0,0,1,1,1,0.98
0,0,0.68,21,,2,13.4,1.3,0,1,1,1,0.99
1,0,4.69,21,0.15,0,21.4,1.6,0,0,0,0,0.025
1,1,0.88,22,1.09,2,108.3,8.7,0,0,0,0,0.03916666666666667
0,0,5.16,24,,0,49.3,4.2,0,1,0,1,0.5759047619047619
1,0,1.7,20,1.0,0,60.4,3.5,0,0,0,0,0.12683333333333333
1,0,1.97,17,0.0,0,6.1,0.4,0,0,1,1,1.0
0,0,2.61,0,,0,0.7,0.0,0,1,1,1,0.9957142857142857
1,0,0.41,18,,1,0.0,0.0,0,1,1,1,1.0
1,0,0.63,18,,0,7.7,0.6,0,1,1,1,1.0
0,0,2.77,14,,0,0.0,0.0,0,1,1,1,1.0
0,0,0.0,2,0.0,0,0.0,0.0,0,0,1,1,1.0
1,0,1.52,20,0.0,0,3.8,0.2,0,0,1,1,1.0
1,1,2.06,0,,0,0.0,0.0,0,1,1,1,1.0
0,0,2.0,24,,0,6.7,1.3,0,1,1,1,1.0
1,0,3.0,12,0.94,0,30.6,1.2,0,0,0,0,0.0075
1,1,7.14,21,0.32,0,194.0,10.7,0,0,0,0,0.0075
1,0,2.51,24,0.0,0,80.7,3.2,0,0,1,1,0.9726190476190476
1,0,0.1,0,0.0,0,0.1,0.0,0,0,1,1,1.0
1,1,8.97,10,1.19,0,109.4,10.8,0,0,0,0,0.03666666666666667
0,0,0.21,14,1.77,0,0.0,0.0,0,0,1,1,1.0
1,1,1.4,28,,0,37.4,2.4,0,1,1,1,0.8993333333333333
1,1,0.96,14,1.02,0,98.6,4.5,0,0,1,0,0.26695238095238094
1,1,4.03,15,1.82,0,103.4,3.4,0,0,1,0,0.07485714285714286
1,1,1.28,20,0.46,0,39.4,4.3,0,0,1,0,0.18032142857142855
1,0,1.04,17,0.0,0,33.5,5.7,0,0,1,1,1.0
1,1,1.38,12,0.53,0,76.3,6.4,0,0,0,0,0.012
1,1,0.15,10,1.82,0,47.7,1.1,0,0,0,0,0.2384444444444445
1,1,0.61,15,1.36,0,39.5,1.7,0,0,0,0,0.0025
1,0,1.81,21,,1,7.3,0.4,0,1,1,1,1.0
1,0,6.7,25,0.38,0,37.4,3.1,0,0,0,0,0.01619047619047619
0,0,0.54,140,,3,41.4,4.5,0,1,1,1,0.7383928571428571
1,0,6.21,22,0.01,0,11.4,3.0,0,0,0,0,0.15313095238095237
1,0,0.31,21,0.0,0,89.8,8.2,0,0,1,1,1.0
1,0,0.98,30,,0,18.4,1.3,0,1,1,1,0.99
1,0,0.43,16,,0,13.8,3.1,0,1,1,1,0.8773571428571428
0,0,1.23,19,0.0,1,11.7,1.2,0,0,1,1,1.0
1,0,3.21,22,0.75,2,57.0,7.2,0,0,0,0,0.0
1,1,7.37,15,1.28,0,27.8,2.4,0,0,0,0,0.01
1,0,1.53,13,0.41,0,15.8,1.3,0,0,0,0,0.0125
1,0,0.33,22,1.64,0,151.3,8.5,0,0,0,0,0.07169047619047618
1,0,0.72,14,0.0,0,56.8,2.6,0,0,1,1,0.98
0,0,0.53,21,0.0,0,2.7,0.2,0,0,1,1,1.0
1,0,2.03,21,,0,11.2,1.0,0,1,1,1,1.0
0,0,1.21,24,,0,45.8,3.5,0,1,1,1,0.759111111111111
1,1,1.1,22,0.87,0,50.3,5.5,0,0,0,0,0.06077380952380953
1,0,0.27,23,1.7,0,41.4,5.9,0,0,0,0,0.024000000000000004
1,0,2.92,49,,0,51.4,3.3,0,1,0,1,0.8215952380952384
1,1,1.15,20,1.81,2,18.1,4.0,0,0,0,0,0.11708333333333334
1,0,0.71,14,1.26,0,25.3,1.9,0,0,0,0,0.02
0,0,2.58,23,,0,35.1,5.6,0,1,1,1,0.9466666666666665
1,0,4.04,17,,0,9.1,0.5,0,1,1,1,0.9741111111111111
1,0,1.82,33,0.0,0,61.3,10.0,0,0,1,1,1.0
1,0,2.36,24,1.56,0,161.0,19.3,0,0,0,0,0.1529047619047619
1,1,1.05,20,0.0,0,92.8,3.3,0,0,1,1,0.998
0,0,11.12,33,,0,11.4,1.6,0,1,1,0,0.4860119047619047
1,0,0.68,22,0.0,0,0.0,0.0,0,0,1,1,1.0
1,0,8.51,20,1.53,0,21.0,1.3,0,0,0,0,0.048
1,1,4.08,26,,0,52.4,3.3,0,1,1,1,0.90825
0,0,2.02,20,,0,0.0,0.0,0,1,1,1,1.0
1,0,1.51,58,0.0,0,126.6,9.5,0,0,1,1,1.0
1,1,2.65,15,1.27,0,85.8,3.9,0,0,0,0,0.034888888888888886
1,0,0.06,9,1.91,0,17.2,0.8,0,0,0,0,0.01583333333333333
1,0,1.75,13,,0,0.0,0.0,0,1,1,1,1.0
1,0,7.33,21,0.15,1,56.1,4.4,0,0,0,0,0.0
1,1,3.18,27,1.85,6,89.5,4.8,0,0,0,0,0.10333333333333332
0,0,0.86,19,0.0,0,0.0,0.0,0,0,1,1,1.0
1,1,1.87,23,0.0,3,0.0,0.0,0,0,1,1,1.0
1,0,0.62,16,0.0,0,12.9,0.9,0,0,1,1,1.0
1,1,1.36,23,0.0,0,0.0,0.0,0,0,1,1,1.0
1,0,1.2,0,0.0,0,0.0,0.0,0,0,1,1,1.0
1,0,1.99,28,,0,68.3,4.0,0,1,1,1,0.9639523809523811
0,0,0.0,1,,0,0.0,0.0,0,1,1,1,1.0
1,1,6.39,15,1.24,1,157.3,10.3,0,0,0,0,0.005
1,1,0.23,17,0.88,0,3.5,0.1,0,0,0,0,0.30814285714285716
1,1,1.84,24,0.38,0,39.9,6.8,0,0,1,0,0.08064285714285713
1,0,0.65,14,1.33,0,61.9,6.2,0,0,0,0,0.010476190476190474
1,1,6.62,21,0.4,1,238.4,15.0,0,0,0,0,0.025
1,0,1.6,13,0.37,0,47.0,3.5,0,0,0,0,0.01
1,0,1.91,23,0.0,0,3.1,1.1,0,0,1,1,0.99875
1,1,0.92,14,1.05,0,9.8,0.5,0,0,0,0,0.27830158730158727
1,0,3.47,29,,0,49.1,7.2,0,1,1,1,0.9283333333333332
1,0,2.72,16,,0,0.0,0.0,0,1,1,1,1.0
0,0,0.59,20,1.43,1,0.0,0.0,0,0,1,1,1.0
1,1,0.91,20,1.07,1,13.7,1.1,0,0,0,0,0.1494722222222222
1,0,0.15,45,0.83,1,129.5,5.8,0,0,0,0,0.060392857142857144
1,0,1.25,22,1.04,0,193.3,9.5,0,0,0,0,0.01583333333333333
1,0,7.01,25,,0,47.6,3.8,0,1,0,1,0.6931071428571428
1,0,1.36,20,,1,35.6,2.4,0,1,1,1,0.9327380952380955
0,0,1.41,19,0.0,0,0.6,0.0,0,0,1,1,1.0
1,1,2.54,15,1.64,0,119.4,14.2,0,0,0,0,0.03666666666666667
1,1,6.45,14,1.53,3,64.5,3.0,2,0,0,0,0.06947619047619048
0,0,1.81,39,0.0,0,14.3,1.7,0,0,1,1,0.9813333333333334
0,0,1.08,23,,1,77.2,5.0,0,1,1,1,0.9500833333333333
1,1,2.49,20,1.42,0,81.9,9.4,0,0,0,0,0.08008333333333333
1,1,0.01,0,0.58,0,,,0,0,0,0,0.030333333333333334
1,1,1.52,15,0.45,0,149.3,35.0,0,0,0,0,0.2783095238095238
0,0,0.01,0,,0,0.0,0.0,0,1,1,1,1.0
1,0,1.65,19,0.0,0,0.0,0.0,0,0,1,1,1.0
1,1,2.38,20,,0,11.2,0.7,0,1,1,1,0.9740714285714285
1,1,3.52,16,,0,88.9,16.1,0,1,0,1,0.753547619047619
1,1,0.02,0,1.95,0,,,0,0,0,0,0.0
1,1,0.53,18,0.0,0,50.4,12.7,0,0,1,1,1.0
1,0,0.04,2,1.7,0,5.6,0.2,0,0,0,0,0.035
1,0,0.18,16,1.79,0,14.1,1.0,0,0,0,0,0.05742424242424242
1,0,3.78,21,0.16,0,40.6,4.3,0,0,0,0,0.01
1,1,0.6,15,1.37,0,127.2,9.8,0,0,0,0,0.004
1,0,1.44,13,0.53,0,69.2,7.5,0,0,0,0,0.04066666666666666
0,0,0.08,26,1.89,0,95.0,25.9,0,0,0,0,0.019523809523809523
1,0,1.21,20,0.88,0,31.3,2.1,0,0,0,0,0.005
1,1,4.52,12,0.5,0,85.1,9.3,0,0,0,0,0.012777777777777777
1,0,2.32,25,,0,6.1,1.5,0,1,1,1,0.9905555555555555
1,0,5.11,21,0.25,0,90.1,7.7,0,0,0,0,0.0
1,1,4.69,10,1.2,0,15.6,3.1,0,0,0,0,0.03777777777777778
1,0,1.31,15,0.0,0,0.0,0.0,0,0,1,1,1.0
1,1,3.24,23,0.7,0,83.4,6.2,0,0,0,0,0.03083333333333333
0,0,3.25,0,,0,0.0,0.0,7,1,1,1,1.0
1,0,1.2,22,0.78,0,8.7,0.5,0,0,0,0,0.04750000000000001
1,0,0.76,22,1.24,0,53.0,3.1,0,0,0,0,0.11483333333333334
1,0,4.01,0,,0,0.0,0.0,0,1,1,1,1.0
1,0,1.22,14,0.75,0,37.5,3.0,0,0,0,0,0.008333333333333333
1,1,0.62,15,1.35,0,50.3,5.8,0,0,0,0,0.03475
1,0,0.47,11,1.75,1,46.9,4.8,0,0,0,0,0.10440476190476192
1,1,2.91,28,1.33,0,105.8,6.7,0,0,0,0,0.08438095238095236
1,1,1.6,0,0.0,0,0.0,0.0,0,0,1,1,1.0
1,0,2.17,9,,0,50.7,5.1,0,1,0,0,0.3868333333333334
1,1,1.11,28,1.11,0,26.0,1.4,0,0,0,0,0.08030952380952382
0,0,1.46,0,,0,0.0,0.0,3,1,1,1,1.0
1,0,1.12,20,0.85,0,126.0,4.7,0,0,0,0,0.06769047619047618
1,0,2.0,0,0.0,1,0.0,0.0,7,0,1,1,0.9966666666666666
1,1,3.21,0,,0,7.9,1.0,7,1,1,1,0.996
1,0,0.64,11,0.0,0,46.6,6.1,0,0,1,1,1.0
1,0,1.16,18,0.0,0,11.1,2.4,0,0,1,1,1.0
1,0,6.59,30,,1,30.1,6.8,0,1,0,1,0.7200238095238095
1,0,6.18,49,,0,47.0,19.7,0,1,1,1,0.5180238095238096
1,0,0.47,19,0.8,1,62.0,5.6,0,0,0,0,0.1851666666666667
0,0,0.88,49,,0,10.8,2.1,0,1,1,1,0.963
1,0,0.86,25,0.09,0,25.4,0.6,0,0,0,0,0.24728571428571425
0,0,3.12,13,,1,19.0,1.8,5,1,1,1,0.9661746031746031
1,0,2.99,30,1.31,0,232.0,12.0,0,0,0,0,0.14384920634920634
1,0,11.92,21,1.93,1,125.2,6.6,0,0,0,0,0.03833333333333334
1,1,2.62,10,1.27,0,94.6,11.5,0,0,0,0,0.005
1,0,0.99,22,1.95,0,10.6,0.6,0,0,0,0,0.06719047619047619
1,0,0.64,8,0.85,8,26.1,1.3,0,0,1,0,0.2696547619047619
1,1,1.13,24,1.11,0,83.4,5.4,0,0,0,0,0.033666666666666664
1,0,2.06,26,,0,17.5,0.8,0,1,1,1,0.9966666666666666
1,1,6.96,15,1.64,0,91.8,4.0,0,0,0,0,0.04783333333333334
1,1,0.44,20,,0,9.3,0.7,0,1,1,1,0.973238095238095
1,0,4.58,44,,0,15.7,2.4,0,1,1,1,0.6391825396825396
1,0,5.45,22,0.93,0,83.6,3.7,0,0,0,0,0.021111111111111112
1,1,2.84,15,1.08,0,9.1,2.2,0,0,0,0,0.14757539682539683
1,0,0.56,14,0.0,0,10.8,0.5,0,0,1,1,1.0
1,1,2.25,126,,0,0.2,0.0,0,1,1,1,0.8528333333333333
1,1,0.61,15,1.36,0,27.3,0.9,0,0,0,0,0.01958333333333333
1,1,1.2,21,1.82,0,7.7,0.7,0,0,0,0,0.011428571428571429
1,0,6.65,21,0.16,0,129.1,9.5,0,0,0,0,0.002857142857142857
1,0,0.89,8,0.0,0,22.1,1.4,0,0,1,1,0.998
1,0,2.61,32,,0,26.4,1.0,0,1,1,1,0.9140238095238097
1,1,3.64,20,0.27,0,150.8,12.7,0,0,0,0,0.05583333333333333
0,0,0.33,27,0.0,0,10.5,1.2,0,0,1,1,0.99
1,1,1.22,14,0.76,1,31.4,1.7,0,0,0,0,0.40634523809523815
1,0,2.12,8,,0,50.8,3.4,0,1,0,0,0.42209523809523797
1,1,2.31,19,1.62,0,42.9,1.1,0,0,0,0,0.18591269841269845
1,1,0.39,22,1.59,0,34.4,2.5,0,0,1,0,0.0345
1,1,10.56,0,,0,0.0,0.0,0,1,1,1,1.0
1,0,2.27,17,,0,153.7,12.6,0,1,0,1,0.6388928571428572
0,0,2.24,20,,0,11.4,0.9,0,1,1,1,1.0
1,1,7.67,21,0.55,0,55.6,4.1,0,0,0,0,0.030095238095238095
1,0,6.38,22,0.1,0,199.2,8.5,0,0,0,0,0.0
1,0,0.65,32,,0,24.1,1.6,0,1,1,1,0.827952380952381
1,0,2.12,0,,0,24.3,0.9,1,1,1,1,0.8705119047619049
1,0,0.94,14,1.04,0,17.5,1.2,0,0,0,0,0.0
1,0,1.63,13,0.3,0,35.0,2.0,0,0,0,0,0.01625
1,1,5.52,12,1.56,0,37.7,5.8,0,0,1,0,0.22166666666666668
1,0,0.42,27,0.0,4,91.1,3.9,0,0,1,1,0.993
1,1,2.9,28,1.22,0,99.2,7.7,0,0,0,0,0.03173809523809524
1,0,7.22,73,,2,239.9,64.3,0,1,0,1,0.5924801587301587
0,0,2.25,20,,0,68.2,5.1,0,1,0,1,0.8464365079365079
0,0,0.77,23,1.2,0,0.0,0.0,0,0,1,1,1.0
1,0,0.46,12,0.0,0,62.7,3.9,0,0,1,1,1.0
1,1,3.94,44,1.95,0,232.0,182.5,0,0,0,0,0.08460714285714287
1,1,0.36,17,1.61,0,60.1,2.5,0,0,0,0,0.03727777777777778
1,1,2.71,12,,0,25.1,2.1,0,1,1,1,0.9775833333333332
1,1,1.02,37,,0,0.2,0.0,0,1,1,1,0.988
1,1,2.08,20,,0,27.7,2.1,0,1,1,1,0.932
1,0,5.28,11,0.0,4,19.0,1.9,4,0,1,1,0.995
1,1,6.52,16,1.84,0,117.8,10.0,0,0,0,0,0.053
1,1,1.69,13,0.21,0,143.7,9.6,0,0,0,0,0.08139285714285716
0,0,0.83,16,,0,18.6,1.9,0,1,1,1,1.0
1,1,0.79,19,1.18,0,76.2,8.2,0,0,0,0,0.2069285714285714
1,0,1.37,6,0.6,0,68.2,5.2,0,0,0,0,0.05566666666666666
1,0,4.44,17,0.0,0,3.8,0.3,0,0,1,1,1.0
1,1,0.16,16,1.89,0,25.9,1.0,0,0,0,0,0.02619047619047619
1,0,1.94,13,0.0,0,80.1,8.5,0,0,1,1,0.6503888888888889
1,0,2.14,33,,5,55.6,7.0,0,1,1,1,0.8667777777777778
1,1,5.76,15,1.27,1,106.2,9.9,0,0,0,0,0.037000000000000005
1,0,0.93,24,1.05,0,55.7,2.3,0,0,1,0,0.4078333333333334
1,0,0.3,7,1.0,0,76.2,6.8,0,0,0,0,0.19464285714285715
1,0,1.98,21,,0,18.5,1.0,0,1,1,1,1.0
1,0,1.76,22,0.0,0,0.0,0.0,0,0,1,1,1.0
0,0,1.98,21,,0,0.0,0.0,0,1,1,1,1.0
1,0,1.64,14,0.0,0,36.6,2.0,0,0,1,1,1.0
1,1,2.54,15,,0,0.0,0.0,0,1,1,1,1.0
1,1,2.76,15,1.15,0,112.2,8.9,0,0,0,0,0.01
1,1,2.82,24,1.1,0,27.7,2.3,0,0,0,0,0.07961904761904762
1,1,0.04,0,1.93,0,,,0,0,0,0,0.0
0,0,1.72,14,0.0,0,0.0,0.0,0,0,1,1,1.0
1,1,0.62,13,,0,0.0,0.0,0,1,1,1,1.0
0,0,2.32,18,,0,0.0,0.0,0,1,1,1,1.0
1,1,2.36,16,0.61,0,73.2,5.3,0,0,0,0,0.14289285714285715
1,0,1.81,17,0.0,0,14.1,0.9,0,0,1,1,1.0
1,1,3.95,20,0.0,0,76.1,3.1,0,0,1,1,0.8719603174603177
1,1,3.87,20,0.04,0,7.8,0.4,0,0,0,0,0.05948412698412698
1,1,2.84,22,,0,15.7,0.9,0,1,1,1,0.9077023809523809
0,0,1.85,16,0.0,0,0.0,0.0,3,0,1,1,1.0
0,0,1.73,19,0.27,0,0.0,0.0,0,0,1,1,1.0
1,1,3.76,32,0.0,0,54.9,3.0,0,0,1,1,0.9766666666666667
1,1,0.26,12,1.72,0,108.0,3.8,0,0,0,0,0.13801190476190475
1,0,1.88,3,0.0,0,0.0,0.0,0,0,1,1,0.995
1,1,3.04,10,1.27,0,63.8,5.5,0,0,0,0,0.015333333333333332
1,1,2.0,0,,0,0.0,0.0,1,1,1,1,1.0
0,0,2.75,24,,2,8.0,0.5,0,1,1,1,0.9941666666666665
1,0,1.38,22,,1,2.9,0.2,0,1,1,1,1.0
1,1,4.02,18,1.81,0,73.8,4.4,0,0,0,0,0.01
1,1,6.43,20,0.05,2,96.4,7.7,0,0,0,0,0.034
0,0,0.11,20,1.86,0,39.7,5.0,0,0,0,0,0.01976190476190476
1,0,1.02,22,0.1,0,2.6,0.2,0,0,1,0,0.19951190476190475
1,0,3.82,26,0.0,0,44.4,2.1,0,0,1,1,1.0
0,0,2.51,24,,3,6.6,1.2,0,1,1,1,0.9779166666666665
1,0,4.23,31,,0,26.8,3.8,0,1,1,1,0.755047619047619
1,0,1.46,18,0.0,0,0.0,0.0,0,0,1,1,1.0
1,0,0.45,19,0.74,0,12.4,1.2,0,0,0,0,0.25530952380952376
1,1,7.71,18,1.93,2,29.1,5.2,0,0,1,0,0.02083333333333333
1,0,4.96,22,0.0,1,107.3,7.9,0,0,1,1,0.9966666666666667
1,0,0.99,24,0.0,0,0.2,0.0,0,0,1,1,1.0
1,1,0.13,13,1.84,0,62.7,3.7,0,0,0,0,0.0
1,0,3.05,24,,0,16.5,4.4,0,1,0,1,0.9370714285714282
0,0,0.98,0,0.0,0,0.0,0.0,0,0,1,1,1.0
1,1,0.53,24,1.3,0,100.6,8.0,0,0,0,0,0.06566666666666666
0,0,0.12,9,0.0,0,8.0,0.3,0,0,1,1,1.0
0,0,1.98,24,,0,26.5,1.4,0,1,1,1,0.9373571428571428
1,0,3.08,23,,0,24.9,1.5,0,1,1,1,0.9833333333333333
1,0,4.65,15,0.0,0,3.3,0.4,0,0,1,1,1.0
1,1,2.43,23,1.92,0,84.4,8.5,2,0,0,0,0.04466666666666666
1,1,7.05,24,0.78,0,3.4,0.3,0,0,0,0,0.07383333333333333
1,0,0.15,18,1.82,0,45.7,2.3,0,0,0,0,0.0325
1,1,1.01,22,0.97,1,216.2,12.0,0,0,0,0,0.08016666666666666
1,0,6.27,22,1.78,0,45.0,2.3,0,0,1,0,0.027833333333333335
0,0,1.44,17,,0,8.6,0.6,0,1,1,1,0.9983333333333334
1,1,0.21,40,,0,0.0,0.0,0,1,1,1,0.99
1,1,2.97,16,1.56,0,48.5,3.6,1,0,0,0,0.07866666666666668
1,0,9.93,26,1.35,0,0.1,0.0,0,0,0,0,0.24994516594516594
1,1,1.25,18,0.0,0,3.9,0.4,0,0,1,1,1.0
1,1,6.03,12,0.4,0,27.7,2.6,0,0,0,0,0.05083333333333334
1,0,3.79,47,0.0,0,0.0,0.0,0,0,1,1,0.9966666666666667
1,0,2.58,0,,0,3.1,0.4,4,1,1,1,1.0
1,1,2.71,15,1.21,0,98.1,7.7,0,0,0,0,0.0450952380952381
0,0,4.38,19,1.9,0,23.8,7.6,0,0,0,0,0.1846720779220779
0,0,2.02,23,,2,6.8,2.2,0,1,1,1,0.9808333333333334
1,0,1.97,22,0.0,0,13.3,1.8,0,0,1,1,0.9954166666666667
0,0,0.67,54,,6,0.0,0.0,0,1,1,1,1.0
1,0,0.42,21,0.0,0,30.5,4.1,0,0,1,1,1.0
1,0,3.24,0,,0,0.0,0.0,4,1,1,1,1.0
1,0,6.82,22,0.59,0,12.8,0.7,0,0,0,0,0.030357142857142857
1,0,1.97,24,0.0,1,0.2,0.3,0,0,1,1,0.9893333333333334
1,1,3.61,12,0.28,0,64.9,6.9,0,0,0,0,0.01
1,0,0.42,33,2.53,0,61.0,3.3,0,0,0,0,0.04333333333333333
1,1,3.26,26,0.41,0,10.0,1.5,0,0,0,0,0.04019047619047619
1,1,3.25,0,,0,3.8,0.1,5,1,1,1,1.0
1,1,4.79,19,,1,2.3,0.1,0,1,1,1,0.930404761904762
1,1,0.92,20,,0,25.6,4.5,0,1,1,1,0.9204206349206349
1,0,0.92,20,1.05,0,122.7,4.6,0,0,0,0,0.056857142857142856
1,1,6.5,32,,0,137.1,11.3,0,1,1,0,0.3123809523809524
1,1,3.67,0,,0,0.0,0.0,0,1,1,1,1.0
1,1,0.7,24,0.0,1,15.4,1.5,0,0,1,1,0.9754999999999999
1,0,2.76,22,0.79,1,43.4,2.5,0,0,0,0,0.036166666666666666
1,1,0.05,5,1.92,1,5.0,0.3,0,0,0,0,0.09666666666666669
1,1,5.65,22,0.0,0,167.3,11.9,0,0,1,1,0.9725
1,0,3.14,12,0.81,0,94.0,10.4,0,0,0,0,0.015
1,1,0.79,28,1.42,0,104.5,6.9,0,0,0,0,0.02
1,0,2.31,11,0.0,0,15.6,1.4,0,0,1,1,1.0
0,0,2.42,22,0.0,0,0.0,0.0,0,0,1,1,1.0
1,1,0.92,12,0.0,0,100.0,15.9,0,0,1,1,1.0
1,1,4.93,24,0.0,0,21.4,1.6,0,0,1,1,1.0
1,0,1.98,22,,0,101.8,5.5,0,1,1,1,0.9315873015873016
0,0,0.8,32,0.0,0,22.7,4.1,0,0,1,1,1.0
1,0,3.03,22,0.92,0,156.1,6.4,0,0,0,0,0.015
1,1,0.09,14,1.88,0,59.6,3.7,0,0,0,0,0.0375
1,1,2.78,18,0.0,5,36.4,2.5,0,0,1,1,0.9813333333333333
1,0,0.73,30,,1,47.3,3.3,0,1,1,1,0.9128809523809523
1,0,0.53,30,0.0,0,54.1,4.1,0,0,1,1,1.0
1,1,6.91,15,1.29,0,155.6,6.2,0,0,0,0,0.017333333333333333
1,0,1.94,14,0.0,0,117.3,10.5,0,0,0,1,0.5261150793650795
1,0,4.72,24,,0,21.8,2.3,0,1,1,1,0.5386666666666666
1,0,0.87,14,1.1,0,41.0,4.5,0,0,0,0,0.004857142857142857
1,0,2.19,13,1.82,0,19.8,3.4,0,0,0,0,0.11870238095238098
1,0,1.76,14,,0,5.2,0.3,0,1,1,1,0.987238095238095
0,0,1.08,51,0.0,3,0.0,0.0,0,0,1,1,1.0
0,0,0.26,32,1.72,0,87.6,7.6,0,0,0,0,0.03666666666666667
1,0,5.97,24,1.75,0,173.0,16.1,0,0,0,0,0.03242857142857143
1,0,0.95,14,1.02,0,41.9,4.1,0,0,0,0,0.01
1,0,2.1,12,1.86,0,9.6,0.5,0,0,0,0,0.035166666666666666
1,0,1.11,14,0.61,0,64.1,5.4,0,0,0,0,0.1125
0,0,0.33,35,1.64,0,20.5,3.0,0,0,1,0,0.09258333333333332
1,1,2.96,17,1.45,1,44.5,1.7,0,0,1,0,0.3593333333333333
0,0,2.15,20,,0,0.0,0.0,0,1,1,1,1.0
0,0,2.24,0,,3,53.0,2.2,0,1,1,1,0.8618690476190476
0,0,6.92,26,,0,73.0,15.4,0,1,1,1,0.6417698412698413
0,0,0.9,22,0.01,2,0.0,0.0,0,0,1,1,1.0
1,0,0.94,22,1.03,0,19.0,0.8,0,0,0,0,0.013666666666666667
0,0,3.68,23,,0,39.5,6.1,0,1,1,1,0.9353095238095238
0,0,1.9,56,,0,46.8,4.9,0,1,1,1,0.825031746031746
1,1,0.27,25,0.49,0,26.0,2.4,0,0,0,0,0.13013095238095237
1,0,2.07,21,,2,48.9,1.7,0,1,1,1,0.8332142857142856
1,0,0.3,12,0.0,2,3.1,0.3,0,0,1,1,1.0
1,0,8.34,22,0.0,0,15.3,0.8,0,0,1,1,0.9917857142857143
1,0,1.79,17,0.0,2,55.4,3.6,0,0,1,1,0.9975
0,0,1.47,18,0.0,0,0.0,0.0,0,0,1,1,1.0
1,1,1.62,12,0.31,0,36.4,2.9,0,0,0,0,0.012333333333333332
1,0,0.26,24,0.12,2,59.0,3.5,0,0,0,0,0.11497619047619048
1,0,4.34,29,,1,81.7,6.2,0,1,1,1,0.8963333333333334
1,0,5.3,17,0.0,2,29.4,3.8,0,0,1,1,1.0
0,0,3.49,33,,0,90.5,6.6,0,1,0,0,0.3983928571428572
1,0,0.74,21,0.0,3,0.0,0.0,0,0,1,1,1.0
1,0,3.22,23,,0,4.1,0.4,0,1,1,1,1.0
1,1,0.31,22,1.66,0,165.3,12.9,0,0,0,0,0.12925396825396826
1,0,1.98,11,,0,412.4,21.1,0,1,1,1,0.5941904761904762
1,1,0.91,15,1.06,0,27.6,4.9,0,0,0,0,0.09310714285714287
1,0,2.61,74,,0,0.0,0.0,0,1,1,1,1.0
1,0,7.0,22,0.92,0,86.2,5.4,0,0,0,0,0.0
1,1,1.07,19,1.93,0,111.0,8.1,0,0,0,0,0.0075
1,1,5.82,22,1.2,0,106.3,8.9,0,0,0,0,0.042
1,0,0.9,12,1.07,1,37.6,1.4,0,0,0,0,0.09054761904761906
1,0,2.96,13,0.0,3,18.5,0.8,0,0,1,1,1.0
1,0,3.0,20,0.94,0,11.3,2.6,0,0,0,0,0.047
1,1,1.05,12,0.0,0,35.0,4.5,0,0,1,1,1.0
1,1,0.13,11,1.84,0,20.1,1.5,0,0,0,0,0.0
0,0,4.18,0,,0,1.5,0.1,5,1,1,1,1.0
1,0,2.61,0,,0,5.3,0.4,7,1,1,1,1.0
1,1,1.67,12,0.25,0,66.2,6.9,0,0,0,0,0.03
1,0,0.74,24,0.0,0,0.0,0.0,0,0,1,1,1.0
1,0,0.99,14,0.99,0,36.9,2.9,0,0,0,0,0.0
1,0,7.04,21,1.73,0,88.6,7.2,0,0,0,0,0.022000000000000002
1,0,1.13,13,0.25,0,22.1,2.5,0,0,0,0,0.06883333333333333
1,1,3.44,12,0.53,0,14.4,0.7,0,0,0,0,0.041428571428571426
1,1,6.1,17,1.93,4,67.8,5.4,0,0,0,0,0.05276190476190476
1,1,5.73,12,0.17,0,97.4,2.6,0,0,0,0,0.01
1,0,1.58,17,0.0,0,0.0,0.0,0,0,1,1,1.0
0,0,2.12,23,,0,0.0,0.0,0,1,1,1,1.0
1,0,1.77,21,0.17,0,75.7,18.3,0,0,0,0,0.06841666666666665
1,0,1.0,13,0.0,2,29.4,1.8,0,0,1,1,1.0
1,0,1.29,22,0.0,0,47.6,3.8,0,0,1,1,1.0
1,0,1.21,14,0.76,1,45.0,1.9,0,0,0,0,0.026166666666666668
1,0,2.03,21,,1,6.0,0.5,0,1,1,1,1.0
1,1,5.7,15,1.13,0,80.7,4.5,0,0,0,0,0.09433333333333334
1,0,1.17,22,0.8,0,20.2,0.9,0,0,0,0,0.11661904761904764
1,0,1.25,18,0.0,0,0.0,0.0,0,0,1,1,1.0
1,0,1.05,20,0.92,0,207.1,18.5,0,0,0,0,0.02733333333333333
1,0,2.26,22,,0,9.0,0.6,0,1,1,1,1.0
1,1,1.06,24,0.91,0,32.2,1.0,0,0,0,0,0.021547619047619048
1,0,2.73,33,,0,41.7,2.2,0,1,0,1,0.8446666666666666
1,0,0.54,0,,1,9.4,1.0,7,1,1,1,0.986
1,1,1.82,50,0.0,0,59.3,6.3,0,0,1,1,1.0
1,0,2.87,20,,0,9.4,1.7,0,1,1,1,0.9975
1,0,3.08,22,0.0,1,87.1,8.3,0,0,1,1,1.0
1,0,0.02,0,1.96,0,,,0,0,0,0,0.0
1,1,1.07,28,1.15,0,43.9,7.8,0,0,0,0,0.10920238095238094
1,1,0.71,15,1.26,3,65.5,5.3,0,0,0,0,0.019
1,0,2.04,22,0.0,0,0.0,0.0,0,0,1,1,1.0
1,0,3.07,12,0.87,0,12.3,0.9,0,0,0,0,0.0
1,0,2.39,0,,0,17.0,2.0,7,1,1,1,0.98
0,0,0.92,20,,0,4.9,0.4,0,1,1,1,0.9983333333333333
1,1,9.07,20,1.8,0,59.2,2.6,0,0,0,0,0.018333333333333333
0,0,0.05,10,1.92,0,46.4,1.9,0,0,1,0,0.105
1,0,1.66,24,,0,82.2,12.7,0,1,1,1,0.8052896825396825
1,0,4.85,20,0.53,2,33.8,5.6,0,0,1,0,0.12433333333333334
0,0,6.9,26,1.42,0,22.7,1.4,0,0,0,0,0.23114285714285715
1,1,0.54,8,1.44,0,0.3,0.1,0,0,0,0,0.045
1,1,1.31,14,1.15,0,125.6,6.8,0,0,0,0,0.2506785714285714
1,0,1.09,28,0.54,0,31.2,3.1,0,0,0,0,0.2126666666666667
1,0,0.85,30,,0,89.6,4.3,0,1,1,1,0.8774761904761904
1,1,2.62,14,0.0,2,20.6,2.1,0,0,1,1,0.995
0,0,0.48,19,,1,0.0,0.0,0,1,1,1,1.0
0,0,2.0,24,,0,5.7,0.2,0,1,1,1,1.0
0,0,1.0,23,0.0,0,0.0,0.0,0,0,1,1,1.0
1,1,9.93,11,0.77,0,53.4,4.9,0,0,1,0,0.3878181818181819
1,0,1.25,14,0.73,1,51.2,4.0,0,0,0,0,0.020928571428571425
1,0,3.05,21,0.0,0,56.4,6.2,0,0,1,1,0.99
1,0,4.41,22,0.0,0,16.5,2.4,0,0,1,1,0.985
1,1,5.36,21,1.66,0,73.1,11.3,0,0,0,0,0.011523809523809523
1,1,6.85,26,1.33,1,61.7,5.1,0,0,1,0,0.06676190476190476
1,0,1.31,10,,0,0.6,0.0,0,1,1,1,0.98
0,0,2.04,18,,0,0.0,0.0,0,1,1,1,1.0
0,0,5.48,24,,0,45.8,3.0,0,1,1,1,0.5242261904761905
1,0,0.59,35,0.0,2,14.3,1.8,0,0,1,1,0.9891666666666667
1,1,3.03,15,0.9,0,65.2,5.9,0,0,1,1,0.5221785714285714
1,0,7.09,0,,0,0.0,0.0,0,1,1,1,1.0
1,1,5.6,15,1.64,0,48.8,6.2,0,0,0,0,0.016
1,0,1.44,13,0.53,0,147.5,12.1,0,0,0,0,0.005
1,1,0.28,13,1.69,0,44.3,8.2,0,0,0,0,0.04152380952380952
1,1,1.79,16,,0,0.0,0.0,0,1,1,1,1.0
1,1,0.93,28,0.09,0,65.0,7.6,0,0,0,0,0.2591262626262626
0,0,0.19,34,1.78,0,123.0,6.9,0,0,0,0,0.05433333333333334
1,1,3.35,14,1.57,0,102.2,5.6,0,0,0,0,0.14330952380952383
1,0,6.93,17,,0,18.2,1.5,0,1,1,1,0.8030079365079367
1,0,1.19,28,0.55,0,43.3,4.4,0,0,0,0,0.12204761904761906
1,0,1.95,14,1.97,0,221.3,13.6,0,0,0,0,0.0825
0,0,0.87,19,0.0,2,31.2,2.6,0,0,1,1,1.0
1,0,0.4,26,1.03,0,34.3,3.0,0,0,0,0,0.19611904761904764
0,0,1.98,22,,1,0.0,0.0,0,1,1,1,1.0
1,0,0.77,8,0.0,0,7.4,0.7,0,0,1,1,1.0
1,0,1.35,29,,0,0.1,0.0,0,1,1,1,1.0
0,0,2.0,22,,0,0.0,0.0,0,1,1,1,1.0
0,0,0.1,31,0.0,0,72.0,2.2,0,0,1,1,0.9401666666666667
1,0,3.12,12,0.82,0,30.0,1.5,0,0,0,0,0.01
1,1,3.95,26,0.0,5,19.7,1.1,0,0,1,1,0.969845238095238
1,0,4.06,22,,0,42.9,1.8,0,1,1,1,0.6549761904761905
1,0,6.84,21,0.21,1,37.4,3.2,0,0,0,0,0.015
1,1,8.54,15,1.84,3,24.9,4.8,0,0,1,0,0.07275
1,0,0.99,25,,1,36.8,6.0,0,1,1,1,0.936
1,1,1.13,22,0.85,0,29.9,1.6,0,0,0,0,0.003333333333333333
1,0,0.55,13,0.02,0,0.0,0.0,0,0,1,1,1.0
1,0,1.97,26,0.0,0,77.4,8.2,0,0,1,1,0.996
1,0,3.16,25,0.0,0,22.0,4.3,0,0,1,1,0.9875
1,0,1.99,20,,0,7.5,1.6,0,1,1,1,0.9854999999999999
1,0,2.05,12,0.0,0,15.8,3.1,0,0,1,1,0.99
1,0,1.09,38,0.88,0,77.8,2.0,0,0,0,0,0.08947619047619047
1,0,1.35,28,0.61,0,12.0,0.3,0,0,0,0,0.061000000000000006
1,1,4.03,14,,0,27.6,1.5,0,1,1,1,0.8293333333333334
0,0,0.93,33,1.05,0,71.7,5.8,0,0,1,1,0.9110555555555555
0,0,1.28,23,,0,0.0,0.0,0,1,1,1,1.0
1,1,1.0,24,0.98,0,46.9,4.3,0,0,0,0,0.1004761904761905
1,1,2.49,14,1.44,0,20.6,2.8,0,0,1,0,0.4204880952380952
1,0,2.68,28,,0,22.7,1.9,4,1,1,1,0.9377380952380954
1,1,0.73,15,1.24,0,23.0,1.2,0,0,0,0,0.014107142857142856
1,0,0.0,1,0.0,0,0.0,0.0,0,0,1,1,1.0
1,1,2.43,15,1.72,0,21.0,2.7,0,0,0,0,0.05533333333333333
1,1,4.53,21,0.45,2,80.2,3.6,0,0,0,0,0.033666666666666664
0,0,0.83,20,,1,0.0,0.0,0,1,1,1,1.0
1,0,1.48,21,0.45,1,67.3,4.4,0,0,0,0,0.05583333333333334
1,0,2.76,25,0.0,0,44.6,2.0,0,0,1,1,0.9875
1,1,0.2,16,1.78,0,21.6,1.4,0,0,0,0,0.09792857142857145
1,0,0.3,17,0.0,0,0.1,0.0,0,0,1,1,0.9933333333333334
1,1,8.96,5,0.02,0,39.3,4.9,0,0,1,1,0.8689523809523808
1,0,1.73,0,0.0,0,18.0,1.6,2,0,1,1,0.9873333333333334
1,1,1.52,15,0.0,0,64.3,4.6,0,0,1,1,0.99
1,1,1.99,21,,0,9.3,1.0,0,1,1,1,0.9926666666666667
1,0,1.64,18,0.0,1,1.9,0.2,0,0,1,1,1.0
1,0,1.15,22,0.82,0,19.4,1.2,0,0,0,0,0.09508333333333335
0,0,1.48,20,0.0,0,0.0,0.0,0,0,1,1,1.0
1,0,1.9,10,,1,0.0,0.0,0,1,1,1,1.0
1,0,0.77,22,,0,10.5,0.3,0,1,1,1,0.9560714285714286
1,0,0.78,23,0.01,0,0.0,0.0,0,0,1,1,1.0
1,0,3.35,22,0.0,2,43.5,3.9,0,0,1,1,1.0
1,1,2.18,0,,0,0.0,0.0,0,1,1,1,1.0
1,1,4.47,18,0.0,1,170.7,19.8,0,0,1,1,0.9749999999999999
1,1,3.63,12,0.11,0,96.8,2.8,0,0,0,0,0.04800000000000001
1,1,6.85,22,1.22,0,5.0,2.2,0,0,0,0,0.13736111111111113
1,0,2.06,24,,0,0.0,0.0,0,1,1,1,1.0
1,1,0.68,15,1.29,0,48.6,2.3,0,0,0,0,0.0275
1,0,2.74,21,0.0,0,11.7,0.6,0,0,1,1,1.0
1,0,1.98,17,,0,7.6,0.2,0,1,1,1,0.99175
1,0,1.74,13,0.0,0,52.6,3.4,0,0,1,1,1.0
0,0,0.44,27,1.53,3,38.2,3.1,0,0,0,0,0.2122619047619048
1,0,1.87,14,0.07,1,122.8,11.7,0,0,0,0,0.03716666666666667
1,0,7.4,20,0.9,0,165.9,20.2,0,0,0,0,0.0175
1,0,1.6,21,0.0,0,11.2,0.5,0,0,1,1,1.0
1,0,1.32,28,0.9,0,47.7,12.7,0,0,0,0,0.09783333333333336
1,1,0.81,15,1.17,0,81.3,5.0,0,0,0,0,0.0125
0,0,1.0,18,0.0,0,17.3,3.9,0,0,1,1,1.0
1,0,1.21,13,0.0,0,11.8,0.8,0,0,1,1,1.0
1,0,0.38,11,0.0,0,15.7,1.4,0,0,1,1,0.99
1,1,1.69,13,0.0,1,16.7,1.0,0,0,1,1,0.9942857142857143
1,0,2.97,12,0.96,0,145.5,10.9,0,0,0,0,0.003333333333333333
1,0,3.17,12,1.11,0,168.2,5.4,0,0,0,0,0.07883333333333332
1,0,6.81,21,0.42,0,82.0,5.2,0,0,0,0,0.0075
1,1,0.75,15,1.22,0,11.1,1.5,0,0,0,0,0.035833333333333335
1,1,0.93,28,1.29,0,125.0,7.0,0,0,0,0,0.06666666666666667
1,1,1.49,16,1.88,0,43.7,2.7,0,0,0,0,0.08938095238095237
1,1,2.02,20,1.96,0,34.6,1.7,0,0,0,0,0.023666666666666666
0,0,1.97,21,0.0,2,19.1,2.3,0,0,1,1,0.9833333333333334
1,1,6.27,12,0.26,1,179.6,9.4,0,0,0,0,0.02233333333333333
1,1,6.41,29,1.7,0,46.3,9.3,0,0,0,0,0.03833333333333334
1,1,0.54,18,,0,8.9,2.2,0,1,1,1,0.9298095238095239
0,0,3.13,12,,3,0.0,0.0,0,1,1,1,1.0
1,0,2.88,15,0.0,0,23.8,1.1,0,0,1,1,1.0
1,0,2.22,19,0.0,0,12.9,0.9,0,0,1,1,1.0
1,1,2.1,0,,1,0.0,0.0,6,1,1,1,1.0
0,0,2.93,17,0.0,0,60.8,3.0,0,0,1,1,0.9966666666666667
1,0,0.0,0,0.0,0,0.2,0.0,0,0,1,1,1.0
1,1,4.68,15,1.22,0,99.9,5.2,0,0,0,0,0.030833333333333334
1,0,0.15,18,1.82,1,48.9,4.9,0,0,0,0,0.01
1,0,1.86,14,0.09,0,17.5,2.0,0,0,0,0,0.018000000000000002
0,0,0.29,21,1.68,1,0.0,0.0,0,0,1,1,1.0
1,0,1.97,29,0.0,1,31.4,2.1,0,0,1,1,1.0
0,0,2.45,0,,0,0.0,0.0,0,1,1,1,1.0
1,1,0.4,44,0.99,0,414.8,10.0,0,0,0,0,0.17461904761904765
0,0,0.01,4,0.0,0,0.0,0.0,0,0,1,1,1.0
1,1,0.87,15,1.11,3,88.0,12.4,0,0,0,0,0.022833333333333337
1,1,2.18,23,1.74,0,115.0,7.7,0,0,0,0,0.005
1,0,2.07,19,,0,22.8,0.4,0,1,1,1,0.9445357142857143
0,0,2.6,20,,0,33.8,7.5,0,1,1,1,0.9418333333333334
1,0,1.12,19,1.08,0,131.5,9.9,0,0,0,0,0.30341666666666667
1,1,0.39,17,1.58,1,23.9,2.4,0,0,0,0,0.07342857142857144
0,0,1.54,57,0.38,1,276.8,14.4,0,0,0,0,0.12492857142857144
1,0,0.01,2,0.0,0,0.2,0.0,0,0,1,1,1.0
1,1,4.01,8,1.43,0,98.3,9.8,0,0,0,0,0.05947619047619048
0,0,1.03,21,,0,18.2,3.1,0,1,1,1,0.99
1,1,2.56,15,1.35,0,53.3,3.1,0,0,0,0,0.017023809523809524
0,0,0.25,18,,0,11.1,0.8,0,1,1,1,0.991309523809524
1,0,3.97,21,0.0,0,20.2,1.3,0,0,1,1,1.0
1,0,1.62,22,1.7,0,224.3,13.2,0,0,0,0,0.07014285714285715
1,0,3.01,24,,0,7.2,0.3,0,1,1,1,0.9975
1,0,0.19,16,0.0,0,0.0,0.0,0,0,1,1,1.0
1,1,4.53,12,0.36,0,108.8,5.8,0,0,0,0,0.0275
1,0,0.25,12,0.0,0,81.5,12.4,0,0,1,1,0.9893333333333334
1,1,6.4,17,1.76,0,30.3,4.4,0,0,0,0,0.021583333333333336
1,1,1.34,56,1.13,0,0.0,0.0,0,0,1,1,0.9608333333333334
1,0,1.33,12,,0,0.0,0.0,0,1,1,1,1.0
1,0,2.38,26,0.58,0,19.5,1.9,0,0,0,0,0.07138095238095238
1,0,2.91,12,1.06,0,34.9,2.5,0,0,0,0,0.0
0,0,1.01,24,,0,35.1,2.8,0,1,0,1,0.9288333333333334
1,0,1.43,18,0.0,0,24.8,2.9,0,0,1,1,1.0
0,0,1.25,0,0.0,0,0.0,0.0,6,0,1,1,1.0
1,1,3.77,21,0.13,0,60.5,5.4,0,0,0,0,0.005333333333333333
1,0,2.79,23,0.53,0,0.0,0.0,0,0,1,1,0.9893888888888889
1,1,5.93,10,1.08,0,147.0,9.3,0,0,0,0,0.01
0,0,0.98,40,,0,56.9,6.1,0,1,1,1,0.8716818181818181
0,0,1.66,19,0.0,3,17.9,0.7,0,0,1,1,1.0
0,0,6.26,13,,0,0.0,0.0,0,1,1,1,1.0
1,1,0.11,15,1.87,0,64.3,8.1,0,0,0,0,0.020666666666666663
1,1,0.77,15,1.33,0,78.0,8.7,0,0,0,0,0.01
1,1,2.27,0,,0,2.1,0.1,4,1,1,1,1.0
1,0,1.09,22,0.88,0,28.6,2.2,0,0,0,0,0.014166666666666666
0,0,0.47,18,,0,25.6,1.0,0,1,1,1,0.9648333333333334
1,1,0.71,24,0.85,0,36.6,2.2,0,0,0,0,0.14195238095238097
0,0,1.08,18,0.0,3,0.0,0.0,0,0,1,1,1.0
0,0,0.03,10,0.0,0,0.0,0.0,0,0,1,1,1.0
1,0,4.38,21,0.53,0,35.9,1.8,0,0,0,0,0.044333333333333336
1,0,3.09,15,,0,0.0,0.0,0,1,1,1,1.0
1,0,0.47,18,1.01,0,38.2,3.0,0,0,0,0,0.20674999999999996
1,0,6.06,17,0.0,1,8.6,2.4,0,0,1,1,0.9741666666666666
0,0,2.86,14,,0,3.6,0.4,0,1,1,1,0.9952380952380951
1,0,0.92,17,0.0,0,0.0,0.0,0,0,1,1,1.0
1,0,0.31,20,0.0,0,0.0,0.0,0,0,1,1,1.0
1,1,2.52,15,1.36,3,41.4,4.5,0,0,0,0,0.10135714285714287
1,0,6.43,26,,0,22.1,0.8,0,1,1,1,0.8790714285714287
1,0,2.23,12,1.72,0,114.0,11.8,0,0,0,0,0.10065476190476191
0,0,1.32,0,0.0,0,0.0,0.0,3,0,1,1,1.0
1,0,1.1,19,1.31,1,51.7,3.3,0,0,0,0,0.3572738095238096
1,0,0.17,2,0.0,0,1.5,0.1,0,0,1,1,1.0
0,0,1.09,20,,0,16.3,0.6,0,1,1,1,0.9657142857142857
1,0,0.25,0,0.0,0,0.0,0.0,2,0,1,1,1.0
0,0,1.08,18,,0,0.0,0.0,0,1,1,1,1.0
1,1,3.59,37,0.35,0,117.8,3.7,0,0,0,0,0.07416666666666667
1,0,0.75,22,1.23,0,11.3,0.3,0,0,0,0,0.1373225108225108
1,0,5.17,24,,0,15.1,0.7,0,1,0,1,0.810865800865801
1,1,2.84,9,1.03,1,10.5,0.6,0,0,1,0,0.17186904761904764
1,1,0.34,16,1.63,0,27.6,1.7,0,0,0,0,0.05694871794871795
1,0,4.71,24,,0,1.8,0.1,0,1,0,1,0.9093095238095239
1,0,4.18,26,0.0,0,42.5,3.9,0,0,1,1,1.0
1,0,1.08,18,,0,38.9,2.2,0,1,1,1,0.9598095238095238
1,0,0.02,0,0.0,0,4.7,0.3,0,0,1,1,0.9983333333333334
1,0,4.14,20,0.7,0,37.3,2.8,0,0,0,0,0.11142857142857145
1,1,1.97,0,0.0,0,0.8,0.6,1,0,1,1,0.9933333333333334
1,0,4.24,20,1.63,1,142.5,9.3,0,0,0,0,0.07121428571428572
0,0,0.99,18,,0,92.0,4.6,0,1,1,1,0.8526190476190476
1,1,1.62,12,0.35,0,32.8,3.1,0,0,0,0,0.047
1,0,2.53,17,,1,75.8,4.2,0,1,1,1,0.7964285714285714
1,1,0.93,21,1.04,1,146.1,9.3,0,0,0,0,0.12550000000000003
1,0,1.52,29,0.0,0,24.8,0.9,0,0,1,1,1.0
1,0,0.56,12,0.0,0,49.3,3.0,0,0,1,1,1.0
1,1,2.68,10,1.24,0,48.5,2.3,0,0,0,0,0.012000000000000002
0,0,0.76,14,0.0,0,2.7,0.5,0,0,1,1,1.0
1,1,0.64,15,1.34,0,71.0,3.3,0,0,0,0,0.003333333333333333
1,1,2.04,21,,0,0.0,0.0,0,1,1,1,1.0
1,1,2.06,14,1.96,0,31.2,1.7,0,0,0,0,0.04041666666666667
1,0,1.9,14,0.07,0,215.5,8.5,0,0,0,0,0.029444444444444443
1,1,3.46,24,,0,6.2,0.8,0,1,1,1,0.9660000000000001
1,1,0.58,15,1.4,2,58.0,6.6,0,0,0,0,0.0125
1,0,1.96,12,0.0,0,80.0,16.7,0,0,1,1,0.9680000000000001
0,0,0.33,14,,0,23.9,3.9,0,1,1,1,0.8956666666666667
1,0,2.06,35,1.97,0,60.0,2.3,0,0,0,0,0.20662698412698416
0,0,1.97,24,0.0,0,43.8,4.8,0,0,1,1,1.0
1,1,6.48,21,0.01,0,129.8,8.2,0,0,0,0,0.04
1,0,2.12,22,,0,20.5,1.5,0,1,1,1,0.99
1,1,0.45,12,0.0,0,2.5,0.2,0,0,1,1,1.0
1,0,3.95,12,0.0,0,116.1,14.4,0,0,1,1,0.9934999999999999
1,0,3.62,18,,0,6.5,0.6,0,1,1,1,0.9841666666666667
1,1,0.63,15,1.34,0,85.3,5.4,0,0,0,0,0.0025
1,1,3.97,21,,1,153.4,4.0,0,1,0,1,0.8243928571428571
1,1,3.16,24,0.84,0,259.0,10.1,0,0,0,0,0.04516666666666667
1,0,2.12,19,1.82,0,70.2,1.9,0,0,0,0,0.09674999999999999
1,1,5.27,22,1.1,0,19.3,1.0,0,0,0,0,0.04133333333333334
1,1,0.57,0,1.48,0,0.0,0.0,4,0,1,1,0.99
1,0,1.67,39,0.0,0,8.9,0.5,0,0,1,1,1.0
1,0,1.07,23,,0,11.2,0.9,0,1,1,1,1.0
0,0,0.01,1,1.62,0,0.0,0.0,0,0,1,1,0.9940000000000001
1,0,3.15,12,0.79,0,86.9,14.9,0,0,0,0,0.006190476190476191
1,0,8.24,12,1.07,0,27.4,2.5,0,0,0,0,0.016666666666666666
1,0,1.06,12,,0,53.2,3.6,0,1,1,1,0.916142857142857
1,0,1.49,26,0.0,0,19.6,1.9,0,0,1,1,1.0
1,1,3.24,15,1.94,5,66.7,2.6,0,0,0,0,0.03266666666666666
1,0,1.99,19,1.52,0,25.0,1.4,1,0,0,0,0.3792857142857143
1,0,1.63,22,1.54,0,56.0,2.7,4,0,0,0,0.06333333333333332
1,0,6.03,22,0.01,0,133.7,8.4,0,0,0,0,0.027000000000000003
1,0,1.79,21,0.0,1,23.5,1.9,0,0,1,1,1.0
0,0,4.8,13,,0,15.1,2.0,7,1,1,1,0.8147103174603175
1,0,2.13,22,,0,19.6,2.7,0,1,1,1,0.9733333333333333
1,1,0.97,27,1.25,0,352.4,26.7,0,0,0,0,0.05
1,0,2.67,22,1.2,0,16.6,1.1,0,0,0,0,0.03535714285714286
1,1,2.0,0,,1,0.0,0.0,6,1,1,1,1.0
1,0,1.12,20,0.0,1,0.0,0.0,0,0,1,1,1.0
1,1,1.32,24,0.65,0,37.6,2.7,0,0,0,0,0.15733333333333333
0,0,2.0,22,,0,25.4,2.0,0,1,1,1,0.9941666666666665
0,0,0.43,20,0.02,2,0.0,0.0,0,0,1,1,1.0
1,0,3.21,18,1.71,0,18.1,1.8,0,0,0,0,0.11541666666666668
0,0,1.65,22,0.0,0,4.4,0.2,0,0,1,1,1.0
1,0,0.12,11,,0,3.9,0.3,0,1,1,1,0.955515873015873
0,0,2.23,19,,0,57.3,4.4,0,1,1,1,0.7375595238095239
0,0,2.36,28,,0,40.4,1.5,0,1,1,1,0.9565833333333333
1,1,1.19,20,0.78,0,97.8,9.3,0,0,0,0,0.17111904761904762
1,1,6.39,19,1.93,0,62.8,3.0,0,0,0,0,0.0
1,1,1.0,22,0.98,0,77.8,5.2,0,0,0,0,0.006857142857142857
0,0,4.16,20,,0,36.0,5.7,0,1,1,1,0.8776666666666668
1,1,2.15,16,1.77,0,32.4,5.9,0,0,0,0,0.07491666666666667
1,0,2.1,22,,0,12.3,1.5,0,1,1,1,0.9966666666666667
1,0,1.34,21,0.59,0,83.3,5.4,0,0,0,0,0.07275000000000001
1,1,1.47,21,0.0,0,5.5,0.4,0,0,1,1,1.0
0,0,0.75,28,0.21,9,36.2,4.1,0,0,1,0,0.15
1,0,1.92,23,0.0,0,5.1,0.3,0,0,1,1,1.0
1,0,0.28,14,1.05,0,48.6,2.5,0,0,0,0,0.04716666666666667
1,1,1.98,20,,1,33.1,1.3,0,1,1,1,0.948
1,0,7.77,0,,0,0.0,0.0,0,1,1,1,1.0
1,0,0.77,19,0.0,0,0.0,0.0,0,0,1,1,1.0
1,0,0.71,14,0.0,1,90.3,11.2,0,0,1,1,0.995
0,0,0.88,22,0.0,0,0.0,0.0,0,0,1,1,1.0
1,0,2.27,17,,0,0.0,0.0,0,1,1,1,1.0
1,1,2.18,12,1.75,2,69.6,4.2,0,0,0,0,0.0498452380952381
1,0,3.77,10,,0,5.6,0.4,7,1,1,1,0.9721428571428571
1,0,0.49,24,0.0,0,11.4,0.9,0,0,1,1,0.990952380952381
1,1,1.61,21,0.0,0,0.0,0.0,0,0,1,1,1.0
1,1,8.94,22,1.18,0,166.6,6.7,0,0,0,0,0.068
1,1,5.22,22,0.05,1,119.2,5.4,0,0,0,0,0.01
1,0,0.35,10,0.0,0,37.9,6.4,0,0,1,1,0.996
1,0,7.06,22,0.22,0,39.0,3.9,0,0,1,0,0.1532857142857143
1,1,0.75,22,1.22,0,157.8,15.1,0,0,0,0,0.05892063492063492
1,0,1.07,30,,0,15.4,1.9,0,1,1,1,0.891761904761905
1,1,4.15,17,1.75,0,150.6,52.2,0,0,0,0,0.024166666666666666
1,0,2.62,22,,0,9.0,1.4,0,1,1,1,0.9966666666666667
1,1,0.03,1,1.95,0,1.9,0.1,0,0,0,0,0.009583333333333333
1,1,1.25,28,0.97,0,98.9,9.3,0,0,0,0,0.041999999999999996
1,0,0.62,8,1.36,0,26.0,2.5,0,0,0,0,0.06710714285714287
1,0,1.75,21,0.0,0,18.5,1.0,0,0,1,1,1.0
1,1,3.0,22,1.92,0,22.5,1.0,0,0,0,0,0.05458333333333334
1,0,1.01,40,,0,32.4,2.5,0,1,1,1,0.8163333333333334
1,0,1.58,15,0.0,0,0.0,0.0,0,0,1,1,1.0
0,0,3.13,22,,0,3.7,0.3,0,1,1,1,1.0
1,1,2.26,15,1.49,1,10.6,3.9,0,0,1,0,0.13335714285714284
1,0,0.1,16,,0,11.4,0.9,0,1,1,1,0.8240476190476191
1,0,0.71,13,0.0,0,40.7,2.7,0,0,1,1,1.0
1,1,2.03,0,,0,5.2,0.4,0,1,1,1,0.984404761904762
1,1,1.41,20,0.5,0,60.4,3.2,0,0,0,0,0.17719047619047618
1,0,2.8,25,0.09,1,56.6,2.4,0,0,0,0,0.05625
1,1,0.47,8,1.5,0,0.0,0.0,0,0,1,1,0.9816666666666667
1,0,2.33,15,1.72,0,72.7,7.3,0,0,0,0,0.05283333333333333
0,0,2.28,21,0.0,0,63.7,3.6,0,0,1,1,0.9966666666666667
1,1,1.66,20,0.26,0,128.7,5.4,0,0,0,0,0.06966666666666667
1,0,0.83,19,1.15,0,0.0,0.0,0,0,1,1,1.0
1,1,1.07,17,0.0,0,30.6,2.3,0,0,1,1,0.9975
1,1,0.73,15,0.0,0,62.4,4.9,0,0,1,1,1.0
1,1,0.19,51,0.0,0,3.4,0.0,0,0,1,1,0.9713095238095238
1,1,0.21,10,1.69,0,5.8,0.4,0,0,0,0,0.09875
1,0,1.99,22,,0,21.2,2.6,0,1,1,1,0.9528030303030303
1,0,0.58,9,,0,16.3,1.0,0,1,1,1,0.7217142857142858
1,0,2.06,25,,0,94.5,23.9,0,1,1,1,0.972111111111111
1,0,9.82,4,,0,6.2,0.5,2,1,0,0,0.42847619047619045
0,0,1.0,21,,1,9.0,0.7,0,1,1,1,1.0
1,1,4.11,17,,0,32.1,3.0,0,1,0,1,0.7266428571428573
0,0,0.16,15,0.0,0,0.0,0.0,0,0,1,1,1.0
1,1,0.87,0,0.0,0,0.0,0.0,3,0,1,1,1.0
1,0,2.79,21,,2,6.1,0.6,0,1,1,1,1.0
1,1,0.87,24,1.11,0,112.1,2.9,0,0,0,0,0.08766666666666666
0,0,1.11,12,,0,0.0,0.0,0,1,1,1,1.0
1,1,1.02,28,1.19,0,12.9,0.4,0,0,0,0,0.1612857142857143
1,0,1.88,3,0.09,0,47.2,5.4,0,0,1,1,0.9225476190476191
1,1,1.98,22,,0,101.8,184.5,0,1,1,1,0.7123690476190475
1,1,0.69,18,0.0,0,0.0,0.0,0,0,1,1,1.0
1,1,0.92,0,1.75,0,0.0,0.0,4,0,1,1,0.9775833333333332
1,0,0.63,15,0.0,0,2.7,0.1,0,0,1,1,1.0
1,0,0.91,41,,0,130.9,16.0,0,1,1,1,0.8857499999999999
0,0,3.87,0,,0,3.2,0.3,7,1,1,1,0.9825
1,0,6.45,20,1.61,0,60.1,3.5,0,0,0,0,0.2263333333333333
0,0,1.48,42,0.0,3,226.6,18.8,0,0,1,1,0.9426666666666667
1,0,5.24,9,,1,6.1,0.6,6,1,1,1,0.9664206349206349
1,0,2.51,21,0.44,0,24.2,2.3,0,0,0,0,0.23459523809523808
1,0,1.0,17,0.0,2,18.3,0.8,0,0,1,1,1.0
1,0,1.31,14,0.67,1,133.7,8.5,0,0,0,0,0.09854761904761902
1,1,3.74,21,0.16,0,36.6,3.7,0,0,0,0,0.02
1,1,0.89,22,1.08,0,44.9,2.4,0,0,0,0,0.08866666666666667
1,1,2.11,17,,0,39.6,2.3,0,1,1,1,0.7242619047619047
1,0,2.83,23,,0,5.8,0.2,0,1,1,1,0.9896666666666666
0,0,1.55,41,,0,75.9,3.3,0,1,0,1,0.6100833333333332
0,0,1.4,48,0.53,0,174.4,13.9,0,0,0,0,0.15183333333333332
1,0,2.03,11,,0,59.5,4.8,0,1,1,1,0.8792936507936508
1,0,1.97,18,0.0,0,7.2,0.3,0,0,1,1,1.0
0,0,0.73,17,0.0,0,0.0,0.0,0,0,1,1,1.0
1,1,3.1,13,1.65,0,42.8,3.4,0,0,1,0,0.17626190476190473
1,0,4.27,0,,0,12.1,1.0,0,1,1,1,0.9771746031746033
1,1,1.6,0,0.0,0,0.0,0.0,0,0,1,1,1.0
1,0,0.92,14,0.89,0,32.3,2.1,0,0,0,0,0.011666666666666665
1,0,1.31,14,0.66,0,42.6,2.5,0,0,0,0,0.1554047619047619
1,0,1.52,13,0.41,1,39.9,3.6,0,0,0,0,0.027000000000000003
0,0,2.28,13,,0,0.0,0.0,0,1,1,1,1.0
1,0,0.72,14,1.25,1,18.6,1.4,0,0,0,0,0.05333333333333334
1,0,1.09,18,0.0,0,0.0,0.0,0,0,1,1,1.0
1,1,5.78,25,,0,32.8,1.0,0,1,0,1,0.7161904761904762
1,1,3.02,17,0.11,0,49.2,3.6,0,0,0,0,0.1710952380952381
0,0,0.11,26,0.0,1,12.6,1.1,0,0,1,1,0.9725
0,0,6.68,13,,0,11.3,2.3,2,1,0,1,0.5798571428571428
1,0,3.87,12,,1,18.3,0.7,0,1,1,1,0.9513214285714284
1,1,7.06,12,0.22,0,161.4,10.7,0,0,0,0,0.025666666666666664
1,1,2.65,10,1.27,0,35.5,2.7,0,0,0,0,0.02
1,1,3.23,33,0.72,0,46.4,4.2,0,0,0,0,0.0535
1,0,1.85,30,0.0,0,20.4,1.0,0,0,1,1,0.9977777777777778
1,1,1.37,12,0.54,0,77.8,3.4,0,0,0,0,0.016666666666666666
1,1,5.74,10,1.3,1,0.2,0.0,0,0,0,0,0.09799999999999999
1,0,0.82,12,0.0,0,69.6,8.4,0,0,1,1,0.99
1,1,0.87,38,1.1,0,189.5,8.3,0,0,0,0,0.11721428571428572
1,1,4.44,26,0.48,0,42.3,5.1,0,0,0,0,0.055
0,0,2.9,23,,0,18.4,1.5,0,1,1,1,1.0
1,0,1.15,19,0.0,1,0.0,0.0,0,0,1,1,1.0
1,0,5.36,25,0.1,0,31.5,3.5,0,0,0,0,0.0
0,0,2.75,24,,0,36.8,3.6,0,1,1,1,0.8096666666666665
1,0,2.4,22,,0,0.0,0.0,0,1,1,1,1.0
1,0,1.46,19,,0,0.0,0.0,0,1,1,1,1.0
1,0,1.88,14,0.09,1,174.4,14.5,0,0,0,0,0.04523809523809524
1,0,1.91,29,0.0,0,43.4,1.9,0,0,1,1,1.0
1,0,2.08,20,,0,8.3,0.4,2,1,1,1,0.9914880952380953
1,0,3.05,12,0.88,0,64.8,5.5,0,0,0,0,0.01
1,0,3.88,22,0.0,0,32.6,9.2,0,0,1,1,0.9481428571428571
1,0,0.74,10,0.0,0,14.1,0.8,0,0,1,1,1.0
1,1,2.83,24,,0,16.7,1.9,0,1,1,1,0.9624047619047619
1,0,3.53,24,,0,16.5,0.8,0,1,1,1,0.6644166666666668
1,0,0.12,14,0.0,0,9.3,0.3,0,0,1,1,0.9975
1,0,2.88,163,,1,325.8,26.6,0,1,0,1,0.5056547619047619
1,0,2.34,16,0.0,1,16.4,1.3,0,0,1,1,1.0
0,0,4.81,24,,1,5.5,1.7,0,1,1,1,0.8893055555555555
1,0,0.3,6,0.01,0,0.0,0.0,0,0,1,1,1.0
1,0,2.07,14,1.86,0,79.7,4.5,0,0,0,0,0.01
1,0,1.95,14,0.0,0,2.9,0.2,0,0,1,1,1.0
0,0,2.44,22,,2,10.0,0.9,0,1,1,1,1.0
1,1,0.56,15,1.41,0,45.3,4.2,0,0,0,0,0.024000000000000004
1,0,1.49,19,0.0,1,23.8,1.1,0,0,1,1,1.0
1,1,4.04,37,0.52,0,42.3,4.1,0,0,0,0,0.05333333333333333
0,0,3.02,25,,0,46.4,0.7,0,1,0,1,0.8088333333333334
1,0,1.98,18,,0,40.1,3.0,0,1,1,1,0.9171666666666666
1,0,1.95,20,0.02,0,55.8,7.0,0,0,1,0,0.34891666666666665
1,0,5.7,20,0.95,0,34.1,2.0,0,0,0,0,0.032
1,1,3.92,10,1.41,0,47.5,2.6,0,0,0,0,0.011666666666666665
1,0,9.46,25,0.0,0,34.0,2.3,0,0,1,1,0.977
1,0,4.42,24,,0,69.2,5.5,0,1,0,1,0.583547619047619
0,0,0.16,36,,0,77.0,14.1,0,1,1,1,0.6476706349206348
1,0,1.33,13,0.64,0,52.4,4.7,0,0,0,0,0.20201190476190478
1,0,5.23,19,,0,45.4,5.0,0,1,1,1,0.8153690476190478
1,1,2.23,16,1.69,0,40.6,2.0,0,0,0,0,0.05964285714285714
1,1,0.52,13,1.45,0,44.9,2.5,0,0,1,0,0.11583333333333332
1,0,0.69,17,0.0,2,30.1,3.1,0,0,1,1,1.0
1,0,5.88,25,0.05,0,69.0,5.1,0,0,0,0,0.01
0,0,1.63,0,0.0,0,0.0,0.0,0,0,1,1,1.0
1,1,0.73,24,1.24,0,74.6,3.2,0,0,0,0,0.12604761904761907
0,0,2.47,0,,0,0.0,0.0,4,1,1,1,1.0
1,0,0.61,8,1.36,0,1.1,0.1,0,0,0,0,0.09261904761904763
1,1,2.03,0,,0,0.0,0.0,5,1,1,1,1.0
0,0,1.49,17,0.0,0,0.0,0.0,0,0,1,1,1.0
1,0,0.12,10,1.86,0,48.6,8.1,0,0,0,0,0.026428571428571426
1,1,5.51,21,0.55,0,52.1,7.4,0,0,0,0,0.01916666666666667
1,0,1.25,24,,4,30.6,1.1,0,1,1,1,0.9142380952380953
0,0,0.09,7,1.88,0,69.7,2.2,0,0,1,0,0.2680238095238095
1,0,0.78,31,1.44,0,66.2,6.9,0,0,1,0,0.24742857142857144
1,0,0.27,18,1.7,0,0.0,0.0,0,0,1,1,1.0
0,0,2.44,0,,0,0.5,0.0,1,1,1,1,0.9883333333333333
1,0,1.1,20,0.88,0,16.1,4.3,0,0,0,0,0.05083333333333333
1,1,8.15,24,1.97,0,26.2,2.4,0,0,1,0,0.060666666666666674
0,0,0.58,16,1.64,0,39.5,16.8,0,0,1,1,0.6833928571428572
0,0,2.83,24,,0,0.0,0.0,0,1,1,1,0.9866666666666666
1,1,0.22,17,1.86,0,53.0,5.5,0,0,0,0,0.04794444444444444
1,0,2.44,12,0.93,0,9.0,0.3,0,0,0,0,0.11600000000000002
1,1,6.81,10,1.24,0,11.9,1.2,0,0,0,0,0.008333333333333333
1,0,1.09,21,0.0,0,23.4,0.8,0,0,1,1,1.0
1,1,2.62,15,1.28,0,114.3,11.2,0,0,0,0,0.029333333333333333
1,0,1.92,21,,0,89.2,5.0,0,1,1,1,0.9020714285714285
1,0,3.46,24,,0,16.5,1.4,0,1,1,1,0.9358809523809524
1,1,4.15,16,1.75,0,72.7,6.3,0,0,0,0,0.013333333333333332
1,0,0.3,13,0.0,0,55.0,3.6,0,0,1,1,1.0
1,0,2.77,22,,0,13.9,0.6,0,1,1,1,0.9916666666666667
1,0,1.91,12,,1,0.0,0.0,0,1,1,1,1.0
1,0,2.98,16,0.0,0,35.7,2.1,0,0,1,1,0.996
0,0,3.61,26,,1,8.9,0.4,0,1,1,1,0.963595238095238
1,1,0.83,58,1.14,0,69.6,82.4,0,0,1,0,0.2325238095238096
1,0,2.98,33,,0,20.6,3.6,0,1,1,1,0.8476666666666666
1,0,4.12,15,,0,32.2,5.7,0,1,1,1,0.8690476190476191
1,1,2.75,15,1.17,0,34.7,1.6,0,0,0,0,0.055535714285714285
1,1,3.21,24,0.72,0,70.5,2.0,0,0,0,0,0.03676190476190476
0,0,0.62,22,0.0,0,49.5,3.3,0,0,1,1,0.995
0,0,3.44,0,,0,0.0,0.0,0,1,1,1,0.85
1,0,1.53,21,,0,1.8,0.2,0,1,1,1,1.0
1,0,1.3,26,0.0,0,28.3,3.0,0,0,1,1,1.0
1,0,2.2,32,,1,11.3,1.4,0,1,1,1,0.963
1,1,5.72,19,1.68,2,344.4,36.8,0,0,0,0,0.047928571428571425
1,0,0.35,23,1.62,0,44.8,3.4,0,0,0,0,0.034166666666666665
1,0,4.35,14,0.0,1,25.7,2.3,1,0,1,1,0.998
1,0,0.77,15,0.0,0,71.9,6.0,0,0,1,1,1.0
0,0,0.4,18,0.0,0,0.0,0.0,0,0,1,1,1.0
1,1,0.5,22,0.0,0,24.9,1.2,0,0,1,1,0.9975
1,1,1.13,7,0.0,0,0.0,0.0,0,0,1,1,1.0
0,0,0.13,10,,0,3.7,0.3,0,1,1,1,0.9799047619047621
0,0,0.12,21,1.85,0,83.5,4.2,0,0,0,0,0.006666666666666666
1,0,2.23,23,0.0,0,25.4,2.1,2,0,1,1,0.9966666666666666
1,1,3.44,21,0.48,0,31.1,1.3,0,0,0,0,0.04
1,0,2.25,30,,1,164.4,13.0,0,1,0,1,0.6433333333333334
1,0,0.45,19,0.0,0,72.8,4.1,0,0,1,1,1.0
1,0,1.98,50,,0,20.3,1.0,0,1,1,1,0.939361111111111
1,1,1.0,15,0.98,0,24.4,3.4,0,0,1,0,0.42907142857142844
1,0,0.36,12,0.82,0,8.2,1.9,0,0,0,0,0.149
1,0,0.9,14,1.07,0,14.3,0.5,0,0,0,0,0.006666666666666666
1,0,1.25,14,0.73,0,118.4,5.6,0,0,0,0,0.030285714285714284
1,0,9.39,22,1.32,0,6.8,0.3,0,0,0,0,0.09217857142857142
1,0,5.17,24,,0,7.4,0.5,0,1,1,1,0.9333095238095236
1,1,1.72,12,1.57,0,76.7,5.1,0,0,0,0,0.09633333333333334
0,0,0.56,20,0.0,0,0.0,0.0,0,0,1,1,1.0
1,1,6.15,10,1.07,1,66.1,5.7,0,0,0,0,0.035595238095238096
0,0,0.02,5,0.0,0,0.4,0.0,0,0,1,1,0.995
1,1,1.25,22,0.72,0,88.7,9.0,0,0,1,0,0.06008333333333333
1,1,4.62,15,1.3,2,190.7,10.3,0,0,0,0,0.016166666666666666
1,0,5.03,20,,1,5.1,0.4,0,1,1,1,0.9807380952380953
1,1,5.74,16,1.7,0,155.9,12.0,0,0,0,0,0.012666666666666666
1,0,4.96,25,0.0,0,12.2,1.1,0,0,1,1,0.9770833333333333
1,1,9.07,24,0.0,1,57.9,10.2,0,0,1,1,0.9097362637362637
1,0,0.64,14,1.34,0,58.9,6.3,0,0,0,0,0.0
1,1,8.81,20,0.1,0,38.6,3.3,0,0,0,0,0.03283333333333334
1,1,3.8,12,0.13,0,72.6,4.6,0,0,0,0,0.0
1,1,2.05,21,,0,0.0,0.0,0,1,1,1,1.0
1,0,2.9,12,1.02,0,37.6,6.0,0,0,0,0,0.00625
0,0,1.19,24,0.0,2,0.0,0.0,0,0,1,1,1.0
1,0,2.51,27,,0,2.9,0.5,0,1,1,1,0.9854166666666667
0,0,7.79,10,,0,0.0,0.0,0,1,1,1,0.8835476190476189
1,1,1.01,32,0.97,1,83.9,4.8,0,0,0,0,0.1830952380952381
1,1,5.75,16,1.86,0,45.2,3.2,0,0,0,0,0.03328571428571429
1,0,1.87,14,0.1,0,25.7,3.9,0,0,0,0,0.0011111111111111111
0,0,0.35,18,,1,168.0,11.9,0,1,1,1,0.7953690476190475
1,0,1.6,22,,0,61.2,4.3,0,1,1,1,0.8653095238095239
1,0,1.99,21,0.0,2,14.9,1.0,0,0,1,1,1.0
1,1,7.89,19,1.93,0,24.0,1.4,0,0,0,0,0.003333333333333333
1,0,1.88,44,0.0,0,60.2,6.8,0,0,1,1,0.99
1,0,0.73,21,0.0,0,68.6,6.3,0,0,1,1,1.0
1,1,2.16,29,0.0,0,158.1,16.7,0,0,1,1,0.995
1,0,3.43,23,,0,19.1,2.4,0,1,1,1,0.9909999999999998
1,0,2.42,24,,1,19.7,3.0,0,1,1,1,0.926
1,1,4.96,21,1.92,3,23.0,1.2,0,0,0,0,0.06849999999999999
0,0,3.86,17,,0,14.7,1.1,0,1,1,1,0.99
0,0,7.54,23,,0,61.6,3.8,0,1,1,1,0.6562738095238094
0,0,1.21,22,0.0,0,47.6,7.6,0,0,1,1,1.0
0,0,1.98,21,,0,8.5,0.4,0,1,1,1,0.99625
1,0,5.68,10,,0,1.4,0.2,1,1,1,1,0.9203095238095238
1,1,6.18,16,0.0,1,58.1,11.2,0,0,1,1,0.9328333333333332
1,0,1.99,14,,1,38.4,3.7,0,1,1,1,0.8733214285714286
1,0,3.2,9,0.76,0,76.7,5.8,0,0,0,0,0.061547619047619045
1,0,1.3,22,0.0,0,85.4,6.1,0,0,1,1,0.99
1,0,5.31,22,0.04,0,141.1,9.6,0,0,0,0,0.0
1,1,1.11,15,0.6,0,45.1,4.8,0,0,1,0,0.307
1,1,1.89,18,,0,78.5,4.0,0,1,0,1,0.8207261904761906
1,0,2.23,27,,0,24.6,1.9,0,1,1,1,0.9134285714285714
1,1,4.9,0,,0,0.0,0.0,0,1,1,1,1.0
1,0,0.44,20,0.06,1,0.0,0.0,0,0,1,1,1.0
1,1,1.26,21,0.08,0,19.0,1.5,0,0,1,0,0.07127777777777777
1,0,2.97,12,0.97,1,36.4,2.0,0,0,0,0,0.0
1,1,2.29,20,,0,15.3,1.0,0,1,1,1,0.8727380952380952
1,0,2.17,14,,0,0.0,0.0,0,1,1,1,1.0
1,0,6.93,21,0.46,2,42.7,2.0,0,0,0,0,0.009166666666666667
1,0,6.08,4,,1,2.5,3.0,0,1,0,1,0.8129047619047618
1,0,6.91,25,0.32,0,177.9,12.2,0,0,0,0,0.020500000000000004
1,1,4.49,20,0.06,0,104.4,6.6,0,0,0,0,0.01075
1,1,6.93,10,1.27,2,43.5,2.7,0,0,0,0,0.024333333333333332
1,0,0.25,0,0.0,0,10.7,0.5,0,0,1,1,1.0
1,1,0.16,19,1.81,0,53.6,1.8,0,0,0,0,0.0
1,0,0.68,25,0.0,2,33.9,2.0,0,0,1,1,1.0
1,1,7.69,29,,0,32.4,1.6,0,1,0,1,0.7508214285714288
1,1,0.59,15,1.38,0,12.2,1.6,0,0,0,0,0.07178571428571429
1,0,2.94,21,,1,0.0,0.0,0,1,1,1,1.0
1,0,0.99,20,0.99,0,68.6,2.6,0,0,0,0,0.0
1,1,0.35,38,0.83,2,140.5,13.8,0,0,0,0,0.1125238095238095
1,1,5.62,19,0.0,0,17.9,0.5,0,0,1,1,0.9775000000000001
1,0,2.06,19,0.0,0,33.1,1.7,0,0,1,1,0.99
1,0,6.08,31,,0,55.5,3.0,0,1,1,1,0.5036071428571428
1,1,3.86,27,0.05,0,91.4,10.2,0,0,0,0,0.07716666666666666
1,1,4.39,0,0.0,0,0.0,0.0,0,0,1,1,1.0
0,0,5.6,0,,0,0.0,0.0,0,1,1,1,1.0
1,0,5.78,28,1.02,0,81.2,6.3,0,0,0,0,0.09701587301587301
1,0,1.21,26,,0,47.1,3.5,0,1,1,1,0.8417301587301587
0,0,1.5,21,0.0,1,0.0,0.0,0,0,1,1,1.0
1,1,1.25,19,0.0,0,17.3,0.8,0,0,1,1,0.9975
1,1,2.05,17,0.0,0,140.4,82.3,0,0,1,1,0.9675
0,0,1.0,25,,0,39.7,2.9,0,1,1,1,0.9083333333333333
1,0,1.45,20,0.0,0,0.0,0.0,0,0,1,1,1.0
1,1,0.78,15,1.2,1,45.7,5.0,0,0,0,0,0.032857142857142856
1,0,2.03,23,,0,13.2,1.4,0,1,1,1,1.0
1,1,0.42,15,1.18,0,18.3,1.3,0,0,0,0,0.06216666666666666
1,1,1.84,22,0.0,1,0.0,0.0,0,0,1,1,1.0
1,0,6.5,19,1.68,0,39.2,3.5,0,0,0,0,0.12828787878787878
1,1,2.36,22,,1,0.0,0.0,0,1,1,1,1.0
1,1,1.94,10,1.35,0,55.8,1.7,0,0,0,0,0.137
1,0,3.12,49,,1,14.5,1.7,0,1,0,1,0.7945
1,1,1.58,15,1.41,0,75.4,7.2,0,0,0,0,0.06819047619047619
1,1,2.01,0,,0,0.0,0.0,4,1,1,1,1.0
0,0,2.0,0,,0,0.0,0.0,5,1,1,1,1.0
0,0,1.66,22,0.0,0,18.6,2.2,0,0,1,1,1.0
1,0,2.61,19,,0,4.6,0.5,0,1,1,1,0.966547619047619
1,1,7.18,0,,0,0.0,0.0,0,1,1,1,1.0
1,0,1.9,14,0.07,0,39.5,3.4,0,0,0,0,0.01
1,0,0.21,0,2.01,0,43.6,2.2,0,0,0,0,0.04223809523809524
0,0,1.03,21,0.0,0,76.7,9.9,0,0,1,1,1.0
1,1,0.17,11,0.23,0,55.1,2.4,0,0,0,0,0.06902380952380953
1,1,5.3,0,,0,25.1,3.7,0,1,1,1,0.7407821067821068
1,0,1.98,25,,0,46.6,3.8,0,1,1,1,0.9465
0,0,0.03,0,0.0,0,0.0,0.0,0,0,1,1,1.0
0,0,0.19,6,1.78,0,0.0,0.0,0,0,1,1,0.9944444444444445
0,0,0.29,20,,0,13.5,0.5,0,1,1,1,0.9325
1,1,0.73,15,1.24,1,22.5,2.1,0,0,0,0,0.01375
1,0,7.73,19,0.0,0,44.8,2.5,0,0,1,1,1.0
1,0,0.24,14,1.87,0,37.8,3.4,0,0,0,0,0.029166666666666664
1,1,6.23,20,1.8,0,40.1,5.0,0,0,0,0,0.01
1,1,2.75,20,,0,2.9,0.2,0,1,1,1,0.9790000000000001
0,0,5.64,10,,0,3.2,0.5,7,1,1,1,0.9338214285714287
1,1,0.26,6,,0,0.0,0.0,0,1,1,1,1.0
1,0,2.93,25,0.0,0,38.1,2.6,0,0,1,1,0.998
1,1,3.11,24,0.84,0,29.0,0.4,0,0,0,0,0.13651190476190478
1,1,7.63,21,0.38,0,37.1,2.0,0,0,0,0,0.009166666666666665
1,1,0.81,28,1.59,0,143.4,13.3,0,0,0,0,0.20916666666666664
1,0,0.04,4,1.93,0,4.1,0.2,0,0,0,0,0.0
0,0,1.9,13,,0,0.0,0.0,0,1,1,1,1.0
1,0,4.56,20,1.13,0,3.6,0.3,0,0,0,0,0.027000000000000003
1,1,0.93,24,1.04,0,34.0,1.8,0,0,0,0,0.07205952380952381
0,0,0.85,21,0.0,0,0.0,0.0,0,0,1,1,1.0
0,0,0.87,20,0.01,0,17.1,1.5,0,0,1,1,0.5858809523809524
1,1,2.13,53,,0,22.2,5.4,0,1,1,1,0.8901666666666666
1,1,2.13,0,,0,0.8,0.1,2,1,1,1,1.0
1,0,0.96,20,1.01,0,7.4,0.3,0,0,0,0,0.0730357142857143
1,0,3.59,10,,1,2.0,0.1,5,1,1,1,0.9966666666666666
1,0,0.45,18,,1,24.9,3.3,0,1,1,1,0.912
1,1,2.59,15,1.42,0,50.4,1.9,0,0,0,0,0.07666666666666666
1,0,0.28,18,0.0,0,84.2,7.0,0,0,1,1,1.0
1,0,4.08,26,0.0,1,20.9,1.8,0,0,1,1,1.0
1,0,2.47,42,,0,24.2,6.0,0,1,1,1,0.9071666666666668
1,0,5.97,22,0.11,0,14.1,0.7,0,0,0,0,0.025
1,0,7.98,25,0.34,0,6.0,0.8,0,0,0,0,0.10397619047619049
1,0,2.59,19,0.0,0,9.1,0.5,0,0,1,1,1.0
1,0,0.25,0,1.96,0,19.1,1.3,0,0,0,0,0.1254761904761905
1,0,2.8,66,0.11,0,1838.0,107.5,0,0,0,0,0.23495634920634917
1,1,6.66,48,,0,167.9,20.8,0,1,0,0,0.40428571428571425
1,0,2.07,0,,0,0.0,0.0,6,1,1,1,1.0
1,0,6.32,24,,0,54.9,2.9,0,1,1,1,0.5423015873015873
1,0,0.14,24,0.84,0,37.7,4.0,0,0,0,0,0.08625
1,0,3.11,18,0.0,0,41.6,5.8,0,0,1,1,0.995
1,1,0.14,15,1.84,0,21.8,1.1,0,0,0,0,0.01
1,1,0.91,15,1.07,0,66.5,4.3,0,0,0,0,0.14175
1,0,4.15,21,0.38,0,71.4,2.8,0,0,0,0,0.03461111111111111
1,0,2.27,17,,0,20.0,2.0,0,1,1,1,0.9019761904761904
1,0,1.04,20,0.93,0,40.2,2.7,0,0,0,0,0.11796428571428573
1,0,1.97,29,0.0,2,30.7,1.4,0,0,1,1,1.0
1,1,4.35,17,1.94,0,29.8,4.3,0,0,0,0,0.013500000000000002
1,0,11.93,33,,0,40.9,2.0,0,1,0,0,0.3659325396825397
1,1,5.06,0,1.37,0,51.3,7.2,0,0,1,1,0.8515714285714285
1,0,0.99,13,,0,0.0,0.0,0,1,1,1,1.0
1,1,0.57,16,1.4,2,56.4,3.0,0,0,1,0,0.21909523809523815
1,0,0.99,30,0.99,0,58.4,4.5,0,0,0,0,0.0826984126984127
1,0,4.29,13,,0,1.6,0.3,0,1,1,1,0.993
1,1,5.91,18,1.68,0,201.2,19.4,0,0,0,0,0.018000000000000002
0,0,2.38,22,,0,4.2,0.5,0,1,1,1,1.0
1,1,0.62,15,1.35,0,43.7,3.0,0,0,0,0,0.0
1,0,0.76,13,0.58,0,37.1,2.8,0,0,0,0,0.09352380952380951
1,0,6.94,23,0.0,0,16.6,2.2,0,0,1,1,0.9675
0,0,0.23,20,0.0,0,34.5,1.9,0,0,1,1,0.976
1,0,0.91,14,0.0,0,8.1,2.6,0,0,1,1,1.0
1,1,0.72,15,1.25,0,30.4,4.7,0,0,0,0,0.0
0,0,5.15,10,,0,0.6,0.0,1,1,1,1,0.9825
1,1,4.0,17,1.9,0,96.0,10.3,0,0,0,0,0.06788961038961039
1,0,2.07,18,,0,0.0,0.0,0,1,1,1,1.0
1,1,2.38,16,1.55,0,42.7,4.4,0,0,0,0,0.03469047619047619
1,0,5.07,30,,0,70.8,2.3,0,1,1,1,0.8709285714285714
1,0,3.65,23,,0,84.3,5.5,0,1,1,1,0.7956904761904763
1,1,1.12,24,0.85,0,68.9,11.4,0,0,0,0,0.017416666666666664
1,0,1.18,18,0.0,0,0.0,0.0,0,0,1,1,1.0
1,1,1.72,29,0.0,0,52.5,8.4,0,0,1,1,1.0
1,1,0.32,21,1.65,2,19.7,2.7,0,0,0,0,0.06017857142857142
0,0,1.58,23,0.0,0,59.5,3.8,0,0,1,1,1.0
1,1,0.61,26,1.36,0,43.2,5.9,0,0,0,0,0.05492857142857143
1,1,0.35,24,1.63,0,30.0,2.8,0,0,0,0,0.05583333333333334
1,1,1.66,13,0.26,1,6.3,0.9,0,0,0,0,0.137468253968254
0,0,2.4,23,,0,12.8,0.9,0,1,1,1,0.9966666666666666
1,1,8.33,21,0.2,1,47.8,2.8,0,0,0,0,0.06416666666666666
1,0,2.78,27,0.0,1,5.8,3.2,0,0,1,1,0.9175714285714287
1,1,2.38,12,1.58,0,97.6,7.2,0,0,0,0,0.03852380952380952
0,0,0.44,20,0.0,0,1.2,0.2,0,0,1,1,1.0
1,1,3.57,17,0.38,0,196.2,14.9,0,0,0,0,0.14223809523809525
0,0,1.93,21,0.0,1,8.2,1.4,0,0,1,1,1.0
1,1,5.41,14,1.76,0,70.1,3.5,0,0,0,0,0.043
0,0,0.47,19,,0,3.8,0.5,0,1,1,1,1.0
1,0,2.74,20,1.21,0,40.1,6.5,0,0,0,0,0.051571428571428574
0,0,0.35,15,0.0,0,77.3,9.4,0,0,1,1,0.9901666666666668
1,0,8.04,22,0.97,0,52.1,4.1,0,0,0,0,0.04285714285714286
1,0,6.38,23,0.96,0,25.3,1.5,0,0,0,0,0.14285714285714285
1,0,1.13,22,0.15,0,16.2,2.1,0,0,1,0,0.07566666666666666
1,1,1.31,18,0.0,0,0.0,0.0,0,0,1,1,1.0
1,0,5.74,21,0.18,0,68.2,2.7,0,0,0,0,0.0025
1,0,5.83,22,0.06,0,32.6,4.2,0,0,0,0,0.02
1,1,3.36,30,,0,0.1,0.0,0,1,1,1,0.991
1,0,0.66,17,0.0,0,0.0,0.0,0,0,1,1,1.0
1,0,1.08,14,0.89,0,67.0,4.6,0,0,0,0,0.02185714285714286
1,0,8.55,24,,1,24.7,2.0,0,1,1,0,0.42073412698412704
1,0,2.94,12,0.98,1,121.6,3.5,0,0,0,0,0.05833333333333334
0,0,2.94,22,,0,0.0,0.0,0,1,1,1,1.0
1,0,7.04,21,,0,76.7,3.8,0,1,1,1,0.7549642857142858
0,0,4.13,24,,0,13.3,1.0,0,1,1,1,0.9727777777777777
0,0,1.1,8,0.0,0,21.9,1.2,0,0,1,1,1.0
1,0,1.15,25,0.0,3,4.6,0.8,0,0,1,1,0.99
1,0,3.75,0,,0,1.7,0.1,5,1,1,1,1.0
1,1,6.85,27,,1,25.0,1.1,0,1,0,1,0.6473452380952379
1,1,0.13,14,0.52,0,90.1,26.8,0,0,0,0,0.15342857142857144
0,0,0.61,0,,0,2.9,0.2,6,1,1,1,1.0
0,0,1.98,24,,0,1.1,0.1,0,1,1,1,1.0
1,1,5.78,15,1.39,0,26.4,12.2,0,0,0,0,0.05571428571428571
0,0,0.91,26,0.0,0,10.9,0.8,0,0,1,1,1.0
1,1,6.21,24,,0,42.3,3.5,0,1,0,0,0.3232261904761905
1,0,6.57,22,1.3,0,18.7,5.7,0,0,0,0,0.06757142857142857
1,0,1.61,29,0.32,0,34.2,3.5,0,0,0,0,0.12916666666666668
1,0,3.51,21,0.33,1,89.5,3.8,0,0,0,0,0.024166666666666666
1,0,0.01,0,0.0,0,0.0,0.0,0,0,1,1,1.0
1,0,1.98,26,,0,11.3,0.5,0,1,1,1,1.0
1,1,1.9,0,,0,0.0,0.0,1,1,1,1,1.0
1,0,3.03,23,,0,0.0,0.0,0,1,1,1,1.0
0,0,4.33,163,,1,455.9,48.6,0,1,0,0,0.3112142857142857
0,0,4.47,12,,1,1.8,0.3,0,1,1,1,0.938452380952381
1,1,1.8,12,0.17,1,36.2,2.9,0,0,0,0,0.013333333333333332
0,0,0.6,162,,0,400.3,58.2,0,1,1,1,0.6183333333333333
1,0,0.38,15,0.0,0,64.2,4.8,0,0,1,1,1.0
1,0,0.03,0,0.0,0,2.0,0.0,0,0,1,1,0.9833333333333334
1,1,3.96,21,1.93,0,141.8,12.7,0,0,0,0,0.0
1,0,2.93,0,0.0,0,0.7,0.1,1,0,1,1,1.0
1,1,2.22,15,0.33,0,134.7,10.0,0,0,1,0,0.2116547619047619
0,0,4.41,10,,0,4.2,0.3,4,1,1,1,0.9966666666666666
0,0,0.16,33,,0,67.0,5.6,0,1,0,0,0.4748571428571429
1,1,0.67,15,1.3,0,10.1,0.8,0,0,0,0,0.0125
0,0,0.01,3,0.78,0,0.0,0.0,0,0,1,1,1.0
1,0,0.4,21,1.58,0,141.4,8.2,3,0,0,0,0.06983333333333333
1,0,2.05,37,,1,42.1,9.4,0,1,1,1,0.9566666666666667
1,0,8.31,22,0.92,2,41.4,3.1,0,0,0,0,0.01
1,0,0.57,95,0.0,1,291.9,19.6,0,0,1,1,0.9540000000000001
1,0,2.0,19,,0,19.7,1.4,0,1,1,1,0.986
1,0,0.99,20,0.98,0,43.9,15.2,0,0,0,0,0.07776190476190477
1,0,5.94,35,,0,59.7,2.0,0,1,1,1,0.7225912698412698
1,0,1.04,22,0.0,0,10.0,0.6,0,0,1,1,1.0
0,0,2.07,0,,0,1.6,0.5,0,1,1,1,0.8749285714285715
0,0,1.31,21,0.0,0,4.7,0.3,0,0,1,1,1.0
1,1,2.82,10,1.12,0,15.3,1.0,0,0,0,0,0.02463492063492063
1,1,1.78,13,0.14,0,14.3,1.4,0,0,0,0,0.05833333333333334
1,1,0.59,19,1.38,0,45.5,4.4,0,0,1,0,0.3174523809523809
0,0,0.48,16,0.0,0,18.5,1.3,0,0,1,1,1.0
1,0,1.67,9,0.28,1,36.3,1.8,0,0,0,0,0.286015873015873
1,0,0.79,14,1.19,0,8.8,0.9,0,0,0,0,0.023285714285714285
1,0,2.82,35,,0,18.6,2.7,0,1,1,1,0.9473333333333332
1,0,2.75,21,0.0,1,15.6,1.1,0,0,1,1,1.0
1,0,0.38,11,0.0,0,16.4,2.1,0,0,1,1,0.99
0,0,4.3,12,,0,0.0,0.0,0,1,1,1,1.0
1,0,1.77,13,0.15,0,55.5,8.5,0,0,0,0,0.04650000000000001
1,0,1.05,14,0.92,0,120.7,50.4,0,0,0,0,0.006500000000000001
1,1,1.77,11,0.21,0,120.8,8.8,0,0,1,0,0.2791666666666667
1,1,4.13,16,1.76,0,48.7,2.0,0,0,0,0,0.04983333333333333
0,0,1.82,12,,0,0.0,0.0,0,1,1,1,1.0
1,0,1.7,80,,0,175.6,22.8,0,1,1,1,0.6997857142857141
1,0,1.65,12,1.09,0,26.9,2.5,0,0,0,0,0.03083333333333333
1,0,1.97,29,0.0,1,80.9,12.7,0,0,1,1,1.0
1,0,2.61,22,0.0,0,27.5,1.0,0,0,1,1,0.986
1,0,1.4,12,0.0,0,15.8,0.6,0,0,1,1,1.0
1,0,1.85,8,0.0,0,37.9,3.2,0,0,1,1,0.9925
1,0,0.96,20,1.79,0,7.5,0.3,0,0,0,0,0.0938051948051948
1,1,6.72,15,1.13,0,84.1,7.2,0,0,0,0,0.07445238095238095
1,1,4.69,18,1.83,1,18.2,2.4,0,0,0,0,0.01
1,0,0.97,26,0.0,0,50.3,2.1,0,0,1,1,1.0
1,1,2.41,41,1.72,1,58.3,6.1,0,0,0,0,0.17766666666666667
1,0,4.08,24,0.0,1,47.7,1.9,0,0,1,1,1.0
1,0,2.35,29,,0,71.4,4.2,0,1,1,1,0.8150119047619049
1,0,2.19,38,0.0,0,44.3,22.4,0,0,1,1,0.9883333333333333
1,0,0.31,16,1.67,0,35.3,2.0,0,0,0,0,0.0044444444444444444
1,1,1.15,14,0.83,0,113.8,10.8,0,0,1,0,0.17639285714285713
1,0,2.2,21,,2,28.6,3.5,0,1,1,1,0.9345
1,1,2.02,11,1.93,1,29.3,1.0,0,0,0,0,0.24116666666666664
1,0,3.44,23,,0,27.5,1.1,0,1,1,1,0.977111111111111
1,1,1.31,22,0.59,0,140.8,5.7,0,0,0,0,0.10992857142857143
1,0,0.81,22,0.0,0,0.0,0.0,0,0,1,1,1.0
1,0,4.72,21,0.36,0,17.0,0.5,0,0,0,0,0.044000000000000004
1,0,1.02,18,,0,0.0,0.0,0,1,1,1,1.0
0,0,5.96,122,,0,283.6,14.0,0,1,0,1,0.6425476190476189
1,0,0.44,19,1.47,0,0.0,0.0,0,0,1,1,0.9635714285714286
1,0,6.73,0,,0,0.0,0.0,0,1,1,1,1.0
1,0,1.78,13,0.19,1,24.9,3.8,0,0,0,0,0.004
1,1,1.05,32,0.99,0,310.4,13.3,0,0,0,0,0.13854761904761903
1,0,5.67,15,,0,0.0,0.0,0,1,1,1,1.0
1,0,4.45,29,0.24,0,165.4,11.7,0,0,1,0,0.06833333333333333
1,0,0.7,21,0.0,0,1.0,0.2,0,0,1,1,0.992
1,0,2.05,21,,0,7.0,0.8,0,1,1,1,1.0
0,0,1.67,32,,0,33.6,2.5,0,1,1,1,0.9616666666666667
0,0,1.16,13,,0,0.0,0.0,0,1,1,1,1.0
1,0,1.71,22,0.0,0,6.6,0.7,0,0,1,1,0.9500000000000002
1,0,2.02,23,,0,3.5,0.6,0,1,1,1,1.0
0,0,1.28,21,,0,0.0,0.0,0,1,1,1,1.0
1,0,0.96,13,0.23,0,22.6,2.9,0,0,0,0,0.067
1,0,7.1,25,1.57,0,159.6,5.9,0,0,0,0,0.046761904761904755
1,0,0.83,14,1.15,0,171.5,6.5,0,0,0,0,0.0
1,0,2.99,12,0.94,0,28.5,8.5,0,0,0,0,0.003333333333333333
1,0,2.12,23,,0,2.5,0.2,0,1,1,1,0.9966666666666666
1,0,2.35,6,,0,11.6,0.5,0,1,1,1,0.8483333333333333
1,0,0.82,20,0.49,0,29.8,1.3,0,0,1,0,0.29614285714285715
0,0,1.05,26,,1,68.9,2.9,0,1,1,1,0.8165238095238094
1,1,2.41,0,,0,3.8,0.5,7,1,1,1,0.995
1,0,0.7,14,1.28,0,51.9,5.1,0,0,0,0,0.030416666666666668
1,1,0.55,28,0.0,0,6.0,0.4,0,0,1,1,1.0
1,1,2.34,10,1.62,2,8.2,0.7,0,0,1,0,0.07375000000000001
1,1,0.45,17,1.52,0,66.5,4.7,0,0,1,0,0.10682142857142858
1,1,3.16,24,1.65,0,16.4,3.1,0,0,1,0,0.10815476190476189
1,1,1.38,23,0.0,1,0.0,0.0,0,0,1,1,1.0
0,0,1.0,26,,3,43.4,1.4,0,1,1,1,0.9078888888888891
0,0,0.62,25,0.0,2,41.1,3.8,0,0,1,1,1.0
1,0,5.72,21,0.27,0,33.1,6.6,0,0,0,0,0.0125
1,0,1.0,20,0.97,0,37.1,2.4,0,0,0,0,0.025333333333333333
0,0,0.75,22,0.0,0,0.0,0.0,0,0,1,1,1.0
0,0,8.09,12,,0,1.5,0.2,0,1,1,1,0.6954761904761904
1,1,0.12,13,1.85,0,6.2,0.5,0,0,0,0,0.033166666666666664
1,0,2.21,18,,0,5.3,0.4,0,1,1,1,0.9983333333333333
1,0,0.88,14,1.09,0,8.1,0.9,0,0,0,0,0.0
1,0,1.14,22,0.0,0,14.4,1.4,0,0,1,1,1.0
0,0,1.98,21,,0,5.4,0.5,0,1,1,1,1.0
1,0,2.1,12,,0,25.5,0.9,0,1,1,1,0.6934642857142858
1,0,2.0,12,1.95,0,33.6,1.2,0,0,0,0,0.034666666666666665
1,0,3.9,22,0.04,0,69.0,3.4,0,0,0,0,0.015333333333333332
1,0,1.08,12,0.98,0,97.6,5.2,0,0,0,0,0.13221428571428573
1,0,3.95,15,,0,7.6,0.3,0,1,1,1,0.9645992063492064
1,0,0.8,23,0.0,0,0.0,0.0,0,0,1,1,1.0
1,1,2.13,7,1.8,0,68.3,8.9,0,0,0,0,0.04416666666666666
1,0,3.54,32,,0,44.4,4.9,0,1,1,1,0.7871190476190476
1,0,1.39,21,0.59,0,27.7,7.9,0,0,0,0,0.1345357142857143
0,0,2.29,16,0.0,1,1.8,7.1,0,0,1,1,0.9925
1,1,0.48,12,1.49,0,3.9,0.9,0,0,0,0,0.21380952380952387
1,0,0.79,20,0.0,0,33.8,1.6,0,0,1,1,1.0
1,0,1.09,14,0.88,0,90.9,20.8,0,0,0,0,0.004
1,0,2.25,12,,0,20.0,1.2,0,1,1,1,0.7294404761904761
1,0,2.1,23,,0,8.2,0.6,0,1,1,1,1.0
1,0,1.02,22,0.0,0,79.6,7.8,0,0,1,1,0.98
1,1,2.82,22,,0,11.0,0.6,0,1,1,1,1.0
1,0,1.19,20,0.79,1,30.1,1.6,0,0,0,0,0.02033333333333333
1,1,1.57,23,0.0,0,169.2,6.3,0,0,1,1,1.0
1,0,1.01,16,0.0,0,31.9,3.7,0,0,1,1,1.0
1,0,1.28,22,0.62,1,62.4,3.9,0,0,0,0,0.12138095238095238
0,0,5.06,14,,0,8.9,0.7,0,1,1,1,0.9740000000000001
1,1,0.44,19,0.0,0,25.8,1.7,0,0,1,1,1.0
1,1,0.72,54,,0,35.8,15.3,0,1,1,1,0.8329523809523809
1,1,1.95,37,0.62,0,115.1,11.0,0,0,0,0,0.12014285714285715
1,0,0.59,22,0.0,0,61.7,4.5,0,0,1,1,0.9966666666666666
1,0,3.63,122,,3,130.6,22.0,0,1,0,1,0.5372499999999999
1,0,6.21,21,,0,89.8,4.7,0,1,1,1,0.5519047619047619
1,1,2.16,18,1.77,0,72.8,7.6,0,0,0,0,0.0265
0,0,2.42,0,,0,0.0,0.0,5,1,1,1,1.0
0,0,0.27,0,,0,0.0,0.0,3,1,1,1,1.0
1,1,5.08,26,,0,29.8,1.5,0,1,1,1,0.9232499999999999
1,1,3.3,20,0.64,0,69.2,4.2,0,0,0,0,0.11728571428571427
1,0,1.97,13,0.0,0,66.6,2.9,0,0,1,1,0.996
1,1,2.25,17,0.0,0,46.2,6.2,0,0,1,1,1.0
1,0,3.27,17,0.0,0,10.1,1.2,0,0,1,1,1.0
1,0,2.88,12,1.04,0,49.5,3.3,0,0,0,0,0.0
0,0,0.0,0,,0,0.0,0.0,0,1,1,1,1.0
1,1,0.41,15,1.56,0,5.2,1.9,0,0,0,0,0.35991269841269835
1,0,2.88,21,0.0,3,32.0,3.0,0,0,1,1,1.0
0,0,0.79,22,,0,23.8,3.1,0,1,1,1,0.985
0,0,5.07,13,,0,2.9,0.2,0,1,1,1,0.9233333333333331
0,0,3.05,21,,0,5.9,1.2,0,1,1,1,1.0
1,1,1.24,12,0.28,0,49.4,12.0,0,0,0,0,0.09536904761904762
0,0,4.59,81,,0,40.5,1.7,0,1,1,1,0.6739978354978355
0,0,3.11,18,,2,33.6,2.5,0,1,1,1,0.836857142857143
1,1,3.78,21,0.29,0,21.7,5.0,0,0,0,0,0.02
1,1,2.59,15,1.32,0,61.2,2.9,0,0,0,0,0.019714285714285715
1,0,6.28,21,0.2,0,41.0,3.2,0,0,0,0,0.011666666666666667
1,0,5.84,22,0.05,0,81.7,5.9,0,0,0,0,0.018214285714285714
1,0,3.7,9,1.08,0,213.9,36.8,0,0,0,0,0.14514285714285713
1,0,0.52,20,0.91,0,18.7,1.3,0,0,0,0,0.0765
1,1,2.45,40,1.44,0,84.2,8.8,0,0,0,0,0.054000000000000006
1,0,2.82,20,1.1,0,12.1,0.5,0,0,0,0,0.0525
1,0,3.78,22,1.14,0,42.2,4.2,0,0,0,0,0.010666666666666666
1,0,4.95,10,,0,3.4,0.5,7,1,1,1,0.9661904761904762
1,0,1.13,22,0.84,0,23.3,1.1,0,0,0,0,0.08383333333333333
1,0,2.74,0,,0,4.1,0.2,6,1,1,1,1.0
1,0,0.27,19,1.71,0,29.9,1.3,0,0,0,0,0.024166666666666666
1,0,2.13,23,,0,0.0,0.0,0,1,1,1,1.0
1,1,7.06,28,1.36,0,33.3,2.7,0,0,0,0,0.11856349206349207
1,1,6.79,22,0.02,1,60.9,2.7,0,0,0,0,0.0
1,0,2.52,0,,0,0.2,0.1,0,1,1,1,0.9500952380952381
1,0,6.91,4,,0,3.2,0.6,0,1,0,1,0.5363690476190477
0,0,2.61,21,,0,18.0,1.8,0,1,1,1,0.985
1,0,3.6,0,,0,5.5,3.0,7,1,1,1,0.9660952380952381
0,0,0.15,28,1.82,0,45.6,8.3,0,0,0,0,0.01
1,0,4.19,20,1.75,0,44.0,2.1,0,0,0,0,0.05752380952380953
1,1,0.58,30,1.4,0,122.3,29.5,0,0,0,0,0.04316666666666667
1,1,4.27,17,1.88,0,25.0,3.2,0,0,0,0,0.03361111111111111
1,1,0.29,19,1.12,0,34.2,4.4,0,0,0,0,0.1813888888888889
1,0,3.11,25,,1,13.5,0.4,0,1,1,1,0.953547619047619
1,1,0.62,15,1.35,0,58.4,3.3,0,0,0,0,0.003333333333333333
1,1,1.36,12,0.55,0,102.2,4.5,0,0,0,0,0.03666666666666667
1,1,0.22,13,1.75,0,50.9,3.7,0,0,0,0,0.10604761904761904
0,0,2.01,0,,0,0.0,0.0,0,1,1,1,1.0
1,1,1.15,20,0.0,0,161.6,17.0,0,0,1,1,1.0
0,0,0.21,14,,0,9.2,0.8,0,1,1,1,0.9883333333333334
1,0,0.9,20,1.07,0,28.8,1.6,0,0,0,0,0.0025
1,0,0.47,15,0.0,1,94.4,7.6,0,0,1,1,1.0
0,0,1.35,25,,0,34.6,2.5,0,1,1,1,0.9382380952380952
1,0,4.45,16,,0,6.7,0.4,0,1,1,1,0.9840000000000001
1,0,2.94,25,0.0,0,9.0,0.3,0,0,1,1,0.955
1,0,0.18,15,1.8,0,45.2,4.0,0,0,0,0,0.021666666666666664
1,1,2.53,12,0.87,0,54.4,3.3,0,0,0,0,0.07603571428571429
1,0,1.68,23,0.0,1,0.0,0.0,0,0,1,1,1.0
1,0,2.0,23,,0,18.1,2.1,0,1,1,1,0.9566666666666667
1,1,0.93,23,,0,44.4,2.5,0,1,1,1,0.8158452380952381
1,0,4.23,22,0.0,2,91.5,7.9,0,0,1,1,0.98
1,0,1.9,24,0.0,0,0.0,0.0,0,0,1,1,1.0
1,0,2.96,24,,0,8.9,1.3,0,1,1,1,0.8526587301587303
1,1,4.4,15,1.49,0,94.2,11.0,2,0,0,0,0.03
1,1,0.87,28,0.0,1,46.0,4.3,0,0,1,1,1.0
1,0,1.91,22,0.1,0,80.0,4.8,0,0,0,0,0.030333333333333334
1,0,1.94,17,0.0,0,0.0,0.0,0,0,1,1,1.0
1,1,0.1,7,1.88,1,71.8,1.4,0,0,0,0,0.07273809523809524
1,1,5.82,15,1.16,0,37.5,2.8,0,0,0,0,0.020285714285714285
0,0,2.37,0,,0,0.0,0.0,4,1,1,1,1.0
1,0,2.84,24,,0,78.2,6.8,0,1,1,0,0.43083333333333335
1,1,1.36,58,,0,57.5,9.6,0,1,1,1,0.7655880230880231
0,0,0.92,25,0.0,0,54.4,9.1,0,0,1,1,0.9975
1,0,0.28,1,1.94,0,119.5,15.2,0,0,0,0,0.0
1,0,1.01,14,0.0,0,17.3,2.1,0,0,1,1,1.0
1,0,2.01,0,,3,0.0,0.0,1,1,1,1,1.0
0,0,0.89,18,0.0,0,0.0,0.0,0,0,1,1,1.0
1,0,1.77,30,0.0,0,36.0,4.5,0,0,1,1,1.0
1,0,1.75,30,0.0,0,57.6,4.3,0,0,1,1,1.0
1,0,2.65,24,,0,55.2,4.8,0,1,0,0,0.3869999999999999
1,0,6.04,21,0.05,0,14.4,1.3,0,0,0,0,0.03766666666666667
1,1,0.77,21,,0,0.0,0.0,0,1,1,1,1.0
1,0,0.0,0,0.0,0,0.0,0.0,0,0,1,1,1.0
1,1,0.0,0,1.97,0,,,0,0,0,0,0.0
1,1,0.9,13,0.0,2,21.4,4.5,0,0,1,1,1.0
0,0,0.52,75,,0,33.3,3.6,0,1,0,1,0.8657976190476191
1,1,3.92,19,0.2,0,111.1,3.6,0,0,1,0,0.08173809523809522
0,0,3.42,20,,0,40.9,2.6,0,1,1,1,0.9598809523809524
1,0,0.07,13,1.9,0,19.2,1.0,0,0,0,0,0.0
1,0,0.2,14,0.75,0,35.3,4.4,0,0,0,0,0.19226190476190474
1,1,4.59,22,0.0,2,20.4,1.7,0,0,1,1,0.99
1,0,3.15,13,,0,36.5,2.4,0,1,1,1,0.9713333333333333
1,1,2.63,15,1.29,0,38.2,1.2,0,0,1,0,0.06571428571428571
1,0,3.28,12,0.0,0,15.2,2.4,0,0,1,1,1.0
1,0,0.18,17,1.8,0,28.1,2.3,0,0,0,0,0.01
0,0,1.87,0,,0,0.0,0.0,4,1,1,1,1.0
1,1,0.1,8,1.87,0,69.5,4.5,0,0,0,0,0.02
1,1,1.82,10,0.0,0,1.6,0.2,1,0,1,1,0.9885714285714287
1,1,4.39,9,0.0,0,11.2,0.4,0,0,1,1,0.9975
0,0,0.87,26,0.0,0,6.6,0.9,0,0,1,1,0.9900000000000001
1,0,2.78,22,1.18,0,41.8,5.2,0,0,0,0,0.0475
1,1,4.06,15,0.0,1,64.3,6.2,0,0,1,1,0.95
1,1,4.45,23,0.0,0,28.4,1.5,0,0,1,1,1.0
1,0,2.06,12,,1,94.3,6.9,0,1,1,1,0.7211190476190475
0,0,2.14,0,,0,0.0,0.0,0,1,1,1,1.0
0,0,1.27,20,0.0,0,0.0,0.0,0,0,1,1,1.0
0,0,7.36,0,,0,0.0,0.0,0,1,1,1,1.0
1,0,8.1,75,,0,39.4,1.7,0,1,1,0,0.4645223665223666
1,1,0.75,21,,1,16.1,1.3,0,1,1,1,0.9475
0,0,0.33,40,1.65,0,127.0,8.7,0,0,0,0,0.027833333333333335
0,0,1.78,24,0.0,0,0.0,0.0,0,0,1,1,1.0
1,0,2.46,12,,2,42.6,2.7,0,1,1,1,0.8069999999999999
1,0,0.74,13,0.32,0,35.9,4.5,0,0,0,0,0.0525
1,0,4.93,26,,0,83.4,12.2,0,1,1,1,0.9048055555555555
1,1,2.0,22,,0,0.0,0.0,0,1,1,1,1.0
1,1,3.05,16,0.0,1,64.6,5.6,0,0,1,1,0.99
1,0,0.42,32,2.54,0,90.3,11.6,0,0,0,0,0.015
1,0,0.04,17,0.0,0,8.1,0.4,0,0,1,1,0.9975
1,0,3.38,20,,0,16.7,1.0,0,1,1,1,0.9839761904761904
1,0,1.13,39,,0,68.5,4.9,0,1,1,1,0.832590909090909
1,0,1.55,33,,0,29.4,4.2,0,1,1,1,0.839
1,1,3.5,15,0.0,0,9.0,0.3,0,0,1,1,0.99
0,0,2.3,26,0.0,2,33.1,1.6,0,0,1,1,0.9914285714285714
1,0,1.11,20,0.86,0,36.9,1.4,0,0,0,0,0.027333333333333334
1,0,0.78,13,0.05,0,87.7,7.9,0,0,1,0,0.15423809523809526
0,0,1.4,0,,0,0.0,0.0,4,1,1,1,1.0
0,0,0.19,17,0.0,1,1.1,0.1,0,0,1,1,0.9966666666666667
1,0,2.9,25,0.0,0,13.8,0.7,0,0,1,1,0.98
1,1,1.21,38,0.76,0,142.9,23.0,0,0,0,0,0.09050000000000001
1,0,0.54,8,1.43,0,34.2,5.3,0,0,0,0,0.10692857142857141
1,0,2.43,21,,0,12.6,1.7,0,1,1,1,1.0
1,1,4.04,22,,0,39.3,2.2,0,1,1,1,0.7362142857142857
1,1,1.21,54,0.76,3,137.0,6.2,0,0,0,0,0.11044047619047621
0,0,0.8,7,0.0,0,0.4,0.0,0,0,1,1,1.0
1,1,0.9,20,1.07,0,45.8,3.2,0,0,0,0,0.17692857142857144
0,0,2.34,0,,0,0.0,0.0,5,1,1,1,1.0
1,0,3.3,24,,0,3.7,0.4,0,1,1,1,1.0
1,0,2.99,12,1.02,0,70.2,3.5,0,0,0,0,0.004
1,1,0.1,20,1.87,0,40.1,6.1,0,0,0,0,0.0025
1,0,2.71,22,,0,7.2,0.5,0,1,1,1,0.9883333333333333
1,0,1.21,14,0.76,0,47.3,2.1,0,0,0,0,0.03333333333333333
0,0,1.88,25,,0,63.2,6.6,0,1,1,1,0.9008809523809523
1,1,1.4,15,1.81,0,163.9,17.8,0,0,0,0,0.07452380952380952
1,0,0.01,0,0.0,0,0.4,0.0,0,0,1,1,1.0
1,1,0.71,16,0.0,4,24.8,20.4,0,0,1,1,0.9966666666666667
1,1,0.12,14,1.85,0,78.1,4.9,0,0,0,0,0.003333333333333333
1,0,6.74,21,0.1,0,139.7,14.1,0,0,0,0,0.028166666666666663
1,1,6.21,12,0.15,1,65.4,2.2,0,0,0,0,0.00976190476190476
1,1,4.95,21,0.2,0,74.1,4.6,0,0,0,0,0.01
0,0,4.62,21,,0,18.7,2.3,0,1,1,1,0.9622261904761905
1,1,5.7,25,0.0,3,38.9,2.5,0,0,1,1,0.9385000000000001
1,0,4.05,23,,0,12.4,1.1,0,1,1,1,0.9451111111111112
1,1,2.18,12,,0,24.7,2.6,0,1,1,1,0.7307738095238097
1,0,0.45,21,,1,12.4,1.2,0,1,1,1,0.9866666666666667
0,0,0.56,21,0.0,0,0.0,0.0,0,0,1,1,1.0
0,0,0.01,2,0.0,0,0.0,0.0,0,0,1,1,1.0
0,0,2.2,0,,0,0.0,0.0,0,1,1,1,1.0
0,0,2.17,19,,0,9.3,1.0,1,1,1,1,0.9696666666666667
1,1,0.74,18,,0,4.9,0.5,0,1,1,1,0.997
1,0,1.45,29,0.52,1,89.3,5.8,0,0,0,0,0.13025
1,0,0.82,18,1.15,1,132.1,16.2,0,0,1,0,0.33030952380952383
1,0,2.22,24,,0,26.7,1.4,0,1,1,1,0.8794047619047619
1,1,3.79,37,0.22,0,125.8,9.4,0,0,0,0,0.1328333333333333
0,0,1.38,17,,0,87.5,2.9,0,1,1,1,0.8776666666666667
1,1,4.47,11,1.48,1,84.2,13.9,0,0,1,0,0.17883333333333332
1,0,5.51,20,0.0,1,7.2,0.3,0,0,1,1,1.0
1,1,8.45,37,,2,10.1,1.6,0,1,1,1,0.6434047619047618
1,0,2.13,21,,0,2.5,0.2,0,1,1,1,1.0
0,0,4.84,21,,0,26.5,5.9,0,1,0,1,0.9630000000000001
1,1,2.05,14,0.61,0,30.2,2.3,0,0,0,0,0.3231428571428571
1,0,1.98,24,,0,60.0,3.1,0,1,1,1,0.7918214285714285
1,1,3.76,21,0.13,0,14.6,0.5,0,0,0,0,0.008333333333333333
1,0,1.9,29,0.0,0,38.8,4.6,0,0,1,1,1.0
1,0,3.81,12,0.0,0,17.2,1.6,0,0,1,1,1.0
1,0,0.73,14,1.02,0,24.9,2.3,0,0,0,0,0.04275
1,0,0.64,14,1.33,0,16.1,2.5,0,0,0,0,0.09766666666666665
1,1,2.36,10,1.61,0,71.1,6.0,0,0,0,0,0.22245238095238093
0,0,0.35,23,0.0,0,2.9,0.5,0,0,1,1,1.0
1,0,6.62,15,,0,4.4,0.4,4,1,1,1,0.6635
1,0,0.26,0,1.71,0,0.0,0.0,0,0,1,1,0.9394880952380952
1,0,5.18,22,1.09,0,176.6,9.9,0,0,0,0,0.045
0,0,3.85,24,,0,22.0,2.5,0,1,1,1,0.9668333333333332
0,0,1.97,0,0.0,0,0.0,0.0,1,0,1,1,1.0
1,1,3.01,8,0.6,0,,,0,0,0,0,0.3373452380952381
1,0,2.09,14,1.85,0,103.5,4.8,0,0,0,0,0.03333333333333333
1,0,0.15,12,0.0,0,0.0,0.0,0,0,1,1,1.0
1,1,0.77,23,1.73,0,135.9,7.2,0,0,0,0,0.14916666666666667
1,0,0.41,28,0.0,2,27.3,1.4,0,0,1,1,0.998
1,0,2.86,24,,1,16.6,2.2,0,1,1,1,0.915452380952381
0,0,0.73,18,0.0,0,14.7,1.5,0,0,1,1,1.0
1,0,2.76,22,1.12,0,18.6,1.4,0,0,0,0,0.027000000000000003
1,1,0.54,37,0.53,1,109.2,4.0,0,0,0,0,0.12385714285714286
0,0,1.47,0,0.0,0,0.0,0.0,0,0,1,1,1.0
1,1,7.26,21,1.89,0,9.4,0.4,0,0,0,0,0.004583333333333333
1,1,3.03,28,0.0,0,38.3,2.7,0,0,1,1,0.99
1,0,0.52,42,1.45,0,124.7,14.8,0,0,0,0,0.07508333333333334
1,1,0.57,15,1.4,0,15.4,1.3,0,0,0,0,0.012
1,0,1.5,14,0.0,0,0.0,0.0,0,0,1,1,1.0
1,1,0.97,22,1.01,0,51.0,2.2,0,0,0,0,0.05600000000000001
1,0,3.15,12,0.79,0,38.1,3.4,0,0,0,0,0.0
1,1,5.4,19,1.88,1,113.5,4.5,0,0,0,0,0.05785714285714286
1,1,3.04,21,1.87,0,35.0,2.2,0,0,0,0,0.05433333333333334
1,0,1.07,13,0.0,0,16.3,1.1,0,0,1,1,1.0
1,0,0.39,17,1.58,0,34.2,1.2,0,0,0,0,0.10833333333333332
1,0,0.2,0,2.02,0,111.8,5.7,0,0,0,0,0.039857142857142855
1,0,2.12,22,,1,6.1,0.9,0,1,1,1,0.99
1,0,1.98,16,,0,10.1,0.7,0,1,1,1,0.9851666666666666
1,0,2.38,22,1.93,2,173.6,11.0,0,0,0,0,0.06883333333333333
0,0,0.57,34,0.0,0,27.4,3.5,0,0,1,1,0.9975
1,1,0.98,17,0.0,0,0.0,0.0,0,0,1,1,1.0
1,0,2.95,17,0.0,0,13.2,1.0,0,0,1,1,0.995
1,1,2.57,32,,2,23.4,1.5,0,1,1,1,0.9613333333333333
1,0,0.46,7,1.51,0,0.0,0.0,0,0,1,1,1.0
1,0,3.03,21,,0,5.0,0.4,0,1,1,1,1.0
1,0,1.98,22,,0,95.9,12.8,0,1,1,1,0.9940000000000001
1,1,2.05,0,,0,0.0,0.0,4,1,1,1,1.0
1,0,1.44,13,0.51,0,27.4,5.3,0,0,0,0,0.015357142857142856
1,0,2.92,22,,0,16.3,1.2,0,1,1,1,0.9698809523809524
0,0,2.77,22,,0,26.1,3.5,0,1,1,1,0.8894761904761905
1,1,0.07,13,1.74,0,88.6,18.0,1,0,0,0,0.05725
1,1,0.92,14,1.05,0,64.9,3.9,0,0,0,0,0.20860714285714288
0,0,2.66,23,,1,13.0,0.9,0,1,1,1,1.0
1,1,3.25,20,1.63,0,50.5,6.8,0,0,0,0,0.0016666666666666666
1,0,1.22,22,0.76,0,59.4,3.3,0,0,0,0,0.010333333333333332
1,1,0.87,15,1.1,0,27.9,1.4,0,0,0,0,0.0805
1,1,1.8,12,0.17,0,55.5,4.6,0,0,0,0,0.0
1,1,2.46,0,,0,0.0,0.0,5,1,1,1,1.0
1,0,3.96,21,0.33,2,67.9,7.7,0,0,0,0,0.02333333333333333
1,0,1.16,23,0.0,0,0.0,0.0,0,0,1,1,1.0
1,1,2.56,15,1.32,0,83.0,5.2,0,0,0,0,0.01916666666666667
1,0,0.23,17,0.0,0,13.9,0.2,0,0,1,1,1.0
1,0,1.81,25,0.0,0,68.6,3.7,0,0,1,1,1.0
1,1,1.02,24,0.95,0,122.9,9.8,0,0,0,0,0.05983333333333332
1,0,6.8,12,,0,0.3,0.0,0,1,0,1,0.9259761904761906
1,0,3.78,22,1.53,0,43.1,13.8,0,0,1,0,0.1659642857142857
1,0,0.14,16,1.84,0,18.7,0.5,0,0,0,0,0.028999999999999998
1,0,3.81,21,0.0,0,14.2,0.7,0,0,1,1,1.0
1,0,0.84,10,0.0,0,12.4,0.7,0,0,1,1,1.0
0,0,0.35,36,1.62,1,77.5,20.1,0,0,0,0,0.11499999999999998
1,1,2.54,15,1.36,0,25.6,1.0,0,0,0,0,0.09892857142857144
0,0,1.61,24,0.0,0,46.1,3.3,0,0,1,1,1.0
1,0,2.23,21,,0,8.1,1.9,0,1,1,1,0.986
1,0,0.98,22,0.99,3,76.2,6.4,0,0,0,0,0.05125
1,0,0.99,13,0.0,0,49.2,3.5,0,0,1,1,1.0
0,0,1.99,38,,1,0.0,0.0,2,1,1,1,1.0
1,0,2.44,7,0.0,0,3.1,0.2,0,0,1,1,0.99
1,0,1.13,14,0.84,0,26.5,2.5,0,0,0,0,0.005
1,1,5.7,16,1.61,0,98.7,7.3,0,0,0,0,0.05207142857142857
1,0,5.54,19,0.0,1,37.0,2.6,0,0,1,1,1.0
0,0,1.47,14,,0,0.0,0.0,0,1,1,1,1.0
1,0,0.79,14,1.18,0,62.2,3.8,0,0,0,0,0.009333333333333334
1,0,1.95,14,0.03,0,5.0,1.0,0,0,0,0,0.23658333333333334
1,0,0.64,18,0.0,0,25.7,10.6,0,0,1,1,1.0
1,1,4.63,15,1.27,0,47.3,1.9,0,0,0,0,0.0580952380952381
1,1,0.08,16,1.89,0,42.5,3.1,0,0,0,0,0.005357142857142857
1,1,0.2,9,0.18,0,5.7,1.7,0,0,0,0,0.27017857142857143
1,0,6.9,21,0.0,0,98.6,3.7,0,0,1,1,1.0
1,1,2.55,17,1.37,0,9.8,1.7,0,0,1,0,0.42323809523809514
1,0,0.22,9,0.75,1,0.8,1.1,0,0,1,0,0.39383333333333326
1,1,4.9,72,,1,42.2,83.4,0,1,1,1,0.5708809523809525
1,0,2.07,20,,0,12.9,1.5,0,1,1,1,1.0
1,1,4.54,15,1.77,0,46.0,4.0,0,0,0,0,0.09588095238095239
1,0,0.93,22,1.04,0,285.1,8.6,0,0,0,0,0.10769047619047618
1,1,0.12,15,1.86,0,47.1,6.3,0,0,0,0,0.004
1,1,1.98,22,1.96,0,31.6,1.3,0,0,0,0,0.09390476190476191
1,0,0.34,19,,3,22.6,2.0,0,1,1,1,0.9916666666666666
0,0,2.04,23,,0,10.0,0.8,0,1,1,1,1.0
1,1,5.7,29,,0,43.5,1.3,0,1,1,1,0.7252976190476191
1,0,0.37,13,1.82,0,163.2,17.5,0,0,0,0,0.06385714285714285
1,0,5.52,21,,0,90.9,11.2,0,1,1,1,0.7716587301587303
1,0,0.9,22,0.0,0,57.2,2.0,0,0,1,1,1.0
1,0,1.02,20,0.96,0,12.5,0.8,0,0,0,0,0.017
1,1,0.16,18,1.82,0,74.5,6.5,0,0,0,0,0.0
0,0,2.01,0,,0,0.1,0.0,0,1,1,1,0.995
1,0,3.14,43,0.78,0,184.5,8.8,0,0,0,0,0.0245
1,1,0.41,0,,0,0.0,0.0,0,1,1,1,1.0
0,0,0.08,27,1.89,0,57.0,3.0,0,0,0,0,0.026666666666666665
1,0,3.41,22,0.0,4,30.0,1.2,0,0,1,1,1.0
1,0,1.15,14,0.83,0,44.6,8.2,0,0,0,0,0.010357142857142856
1,1,2.56,20,0.61,0,92.3,10.2,0,0,0,0,0.06292857142857143
1,0,1.26,30,0.71,0,65.3,3.6,0,0,0,0,0.07173809523809524
1,1,0.18,15,1.79,1,9.6,0.9,0,0,1,0,0.06738888888888889
1,0,2.36,20,,0,8.0,0.3,0,1,1,1,0.8810238095238095
1,1,0.92,22,1.05,0,10.1,0.5,0,0,0,0,0.28476190476190477
0,0,1.14,20,0.0,1,21.3,1.3,0,0,1,1,0.99
1,0,1.85,23,0.0,0,8.2,0.5,0,0,1,1,1.0
1,0,0.21,12,0.0,1,42.3,3.4,0,0,1,1,0.9916666666666667
1,1,2.5,15,1.42,0,14.7,3.9,0,0,0,0,0.058499999999999996
1,0,0.88,14,1.09,0,17.3,2.7,0,0,0,0,0.0
1,1,4.83,10,1.11,0,19.8,2.6,0,0,0,0,0.0
1,1,1.04,28,1.18,0,106.7,7.8,0,0,0,0,0.08116666666666666
1,1,5.75,21,0.4,0,6.1,0.3,0,0,0,0,0.01
1,1,1.53,17,,0,10.0,1.5,0,1,1,1,0.9511428571428572
0,0,2.35,40,,1,24.2,3.4,0,1,1,1,0.9543333333333334
1,0,0.81,14,1.16,0,21.0,0.7,0,0,0,0,0.0075
1,1,0.94,20,1.03,0,136.5,4.8,0,0,0,0,0.22076984126984125
0,0,0.99,26,,1,15.6,1.9,0,1,1,1,0.9833333333333334
0,0,3.12,24,,0,5.9,0.5,0,1,1,1,1.0
1,1,2.08,14,1.97,0,88.0,4.2,0,0,0,0,0.04333333333333333
0,0,1.79,19,0.0,0,7.9,0.6,0,0,1,1,1.0
1,0,7.94,22,0.05,0,17.5,2.1,0,0,0,0,0.009722222222222222
1,0,3.17,19,0.0,0,16.1,3.1,0,0,1,1,1.0
0,0,1.6,22,0.0,0,0.0,0.0,0,0,1,1,1.0
1,1,1.9,14,0.06,0,4.1,1.2,0,0,0,0,0.22399999999999998
1,1,0.32,15,1.66,0,77.6,17.0,0,0,0,0,0.0047619047619047615
1,1,5.24,32,,1,81.3,4.7,0,1,0,1,0.9058809523809523
1,1,2.78,0,,0,2.8,0.2,0,1,1,1,0.9791666666666665
0,0,0.32,0,1.66,0,0.0,0.0,4,0,1,1,1.0
1,0,0.7,9,0.0,0,90.8,2.4,0,0,1,1,1.0
1,0,1.02,8,0.95,0,82.8,19.4,0,0,0,0,0.07045238095238096
1,1,0.05,5,1.92,0,26.0,1.9,0,0,0,0,0.06392857142857143
1,0,1.98,22,,0,73.2,4.6,0,1,1,1,0.9686507936507937
1,0,0.39,24,0.93,1,24.3,1.8,0,0,0,0,0.13788095238095238
0,0,0.26,24,,0,58.0,3.6,0,1,1,1,0.745969696969697
1,1,0.12,9,1.86,0,81.7,9.7,0,0,0,0,0.0075
1,0,1.98,14,,0,11.2,1.0,0,1,1,1,0.9913333333333333
0,0,1.98,24,,0,8.3,1.4,0,1,1,1,1.0
1,0,2.27,0,,0,0.0,0.0,0,1,1,1,1.0
1,1,7.82,30,1.59,0,98.8,6.8,0,0,0,0,0.10902380952380952
1,0,4.49,22,,0,29.6,3.6,0,1,1,1,0.9082460317460318
1,1,2.46,26,,0,92.0,4.6,0,1,1,1,0.7549285714285715
1,0,1.48,13,0.49,0,34.6,2.7,0,0,0,0,0.01
1,1,0.18,16,1.79,0,2.4,0.2,0,0,0,0,0.06825
1,0,2.94,8,1.01,0,55.6,1.3,0,0,0,0,0.06544444444444444
1,1,2.1,67,1.86,0,161.1,15.6,0,0,0,0,0.13764285714285715
0,0,0.98,59,0.0,3,188.7,25.1,0,0,1,1,0.948
0,0,0.21,27,1.76,0,25.7,0.8,0,0,0,0,0.00625
0,0,0.22,34,1.75,0,134.3,25.0,0,0,0,0,0.07949999999999999
1,0,2.04,20,0.0,0,49.5,3.1,0,0,1,1,1.0
1,0,0.64,22,1.33,0,31.4,1.8,0,0,1,0,0.21213492063492065
0,0,2.3,9,0.0,2,13.3,0.6,0,0,1,1,1.0
0,0,1.84,17,0.0,0,61.0,6.4,0,0,1,1,1.0
1,0,1.35,52,,0,64.9,2.2,0,1,1,1,0.8248928571428573
1,1,6.88,23,1.17,1,34.2,2.5,0,0,0,0,0.04833333333333333
1,0,1.31,22,0.54,0,22.1,2.2,0,0,1,0,0.03833333333333334
1,1,9.88,10,1.1,4,81.5,4.9,0,0,0,0,0.06683333333333334
1,1,1.39,0,0.0,0,0.0,0.0,3,0,1,1,1.0
1,1,2.2,8,,0,15.5,0.5,0,1,1,1,0.5810952380952381
0,0,0.71,17,0.0,0,0.0,0.0,0,0,1,1,1.0
1,0,1.97,30,0.0,0,43.5,1.8,0,0,1,1,0.9624166666666667
1,0,1.75,28,,1,87.6,5.1,0,1,1,1,0.9293809523809523
1,1,11.92,16,1.79,0,34.2,2.3,0,0,0,0,0.08433333333333336
1,1,0.7,15,1.27,0,69.0,2.0,0,0,0,0,0.02452380952380952
1,1,5.81,12,0.56,0,17.0,4.3,0,0,0,0,0.13935714285714285
1,0,0.59,12,0.0,1,14.5,1.5,0,0,1,1,1.0
0,0,0.66,43,0.0,2,18.5,0.4,0,0,1,1,0.9833333333333334
1,0,1.3,12,0.0,0,45.7,1.3,0,0,1,1,1.0
1,0,3.14,12,0.81,0,189.5,15.4,0,0,0,0,0.006
0,0,0.73,22,0.0,0,0.0,0.0,0,0,1,1,1.0
0,0,1.74,38,0.0,1,41.3,3.0,0,0,1,1,1.0
1,0,6.92,21,0.3,0,23.3,1.2,0,0,0,0,0.0025
1,0,4.55,24,0.0,0,15.6,1.6,0,0,1,1,1.0
1,1,2.96,24,1.02,0,8.9,0.6,0,0,0,0,0.059000000000000004
1,1,4.95,15,1.21,0,14.7,0.6,0,0,0,0,0.06961111111111111
1,1,0.98,22,0.99,0,40.3,2.3,0,0,0,0,0.042
1,0,6.0,20,1.05,1,14.3,1.1,0,0,0,0,0.04885714285714286
1,0,0.3,18,1.11,0,35.5,6.1,0,0,0,0,0.10916666666666668
1,1,5.44,10,1.38,0,48.0,3.0,0,0,0,0,0.01
1,1,3.35,14,1.47,0,19.4,1.4,0,0,1,0,0.22511904761904758
1,1,0.06,9,0.56,0,19.6,1.9,0,0,0,0,0.20566666666666664
1,1,4.85,33,1.89,1,11.8,0.8,0,0,0,0,0.06277777777777778
1,1,0.79,21,0.0,0,0.0,0.0,0,0,1,1,1.0
1,1,2.65,10,1.28,0,86.7,5.8,0,0,0,0,0.03833333333333334
1,0,1.32,0,,0,0.0,0.0,4,1,1,1,1.0
1,0,1.48,6,0.49,0,13.1,1.2,0,0,0,0,0.15378571428571428
0,0,1.32,13,0.0,0,8.5,0.7,0,0,1,1,1.0
1,1,1.06,22,0.92,0,63.6,1.8,0,0,0,0,0.02592857142857143
1,0,1.06,14,0.91,0,20.6,1.8,0,0,0,0,0.010952380952380951
1,0,0.9,15,0.0,0,3.4,0.8,0,0,1,1,1.0
1,0,2.35,30,,0,,,0,1,0,1,0.621297619047619
1,0,1.01,14,0.96,0,35.3,1.4,0,0,0,0,0.02
1,1,3.15,24,0.78,0,15.6,1.1,0,0,0,0,0.07130952380952382
1,1,4.65,24,,0,72.1,3.2,0,1,1,1,0.767607142857143
1,1,0.65,15,1.32,0,55.3,5.6,0,0,0,0,0.01
1,0,1.4,21,0.52,0,68.2,2.2,0,0,0,0,0.11011904761904762
1,0,2.94,22,0.0,4,9.4,1.7,0,0,1,1,0.9833333333333334
1,0,0.4,14,1.57,0,79.5,6.0,0,0,0,0,0.154
0,0,6.48,12,,0,0.3,0.0,0,1,1,1,0.955
1,1,2.03,19,1.9,0,27.1,2.5,0,0,0,0,0.0045000000000000005
1,0,1.62,22,0.0,0,5.5,0.3,0,0,1,1,0.99
0,0,1.78,37,,0,40.7,1.9,0,1,1,1,0.9875
0,0,0.44,20,0.0,0,100.0,6.0,0,0,1,1,0.9875
0,0,1.68,24,,0,10.3,0.8,0,1,1,1,0.9933333333333333
1,1,1.06,31,0.95,2,176.4,13.6,0,0,1,0,0.12797619047619047
1,1,3.71,22,,0,5.6,1.1,0,1,1,1,0.9172142857142856
1,1,0.81,20,1.16,0,81.8,7.5,0,0,0,0,0.22594047619047614
1,0,3.45,18,0.0,0,49.2,3.1,0,0,1,1,1.0
1,1,6.41,18,1.69,0,129.1,7.9,0,0,0,0,0.009833333333333335
1,1,1.43,20,,0,11.1,0.4,0,1,1,1,0.9977777777777778
1,1,0.62,15,1.36,2,52.4,6.1,0,0,0,0,0.003333333333333333
1,1,1.11,12,,0,64.4,3.7,0,1,1,1,0.7427857142857143
1,0,1.25,14,0.72,0,40.5,5.9,0,0,0,0,0.028666666666666667
1,1,4.71,22,0.0,0,53.6,1.4,0,0,1,1,0.995
1,1,0.2,19,1.78,0,42.6,4.2,0,0,0,0,0.10535714285714287
1,0,4.98,24,0.0,0,80.6,9.1,0,0,1,1,0.9642857142857143
1,1,7.6,10,1.19,0,60.9,5.4,0,0,0,0,0.036190476190476197
1,0,7.92,22,0.0,0,43.3,2.1,0,0,1,1,0.99
1,0,0.85,22,1.13,0,26.2,1.6,0,0,0,0,0.10053174603174603
1,1,1.71,12,0.21,0,55.9,5.1,0,0,0,0,0.023000000000000003
1,1,0.21,18,1.76,2,72.0,5.4,0,0,1,0,0.05124999999999999
1,0,1.09,14,0.0,0,22.7,4.4,0,0,1,1,0.992
1,0,0.92,19,0.0,0,0.0,0.0,0,0,1,1,1.0
1,0,3.39,23,,0,21.4,1.4,0,1,1,1,1.0
0,0,4.17,23,,1,12.5,1.0,0,1,1,1,0.9638888888888889
1,1,7.53,12,0.2,0,59.9,2.2,0,0,0,0,0.07091666666666668
1,1,2.57,18,,0,9.6,1.3,0,1,1,1,0.9746428571428573
0,0,2.53,24,,1,18.1,1.3,0,1,1,1,0.95625
0,0,3.02,13,,0,0.0,0.0,0,1,1,1,1.0
1,0,1.31,25,0.0,0,11.0,1.2,0,0,1,1,0.9930555555555556
1,1,6.7,21,0.1,0,9.8,1.1,0,0,0,0,0.020666666666666663
1,0,1.97,24,0.0,0,34.9,0.9,0,0,1,1,1.0
1,1,0.9,22,1.07,0,172.9,10.3,0,0,0,0,0.01633333333333333
1,0,0.06,0,,0,2.0,0.2,1,1,1,1,0.9705714285714286
1,0,2.07,14,1.86,0,8.5,0.6,0,0,0,0,0.02485714285714286
1,0,1.99,48,,2,128.6,5.4,0,1,1,1,0.9453214285714285
1,0,2.11,24,,0,8.4,0.5,0,1,1,1,0.9846666666666667
1,1,4.13,16,1.78,0,57.4,5.9,0,0,0,0,0.012857142857142855
1,1,1.73,21,0.24,0,122.6,5.6,0,0,0,0,0.03666666666666667
1,0,6.53,22,0.91,0,3.9,0.2,0,0,0,0,0.017142857142857144
1,1,1.74,28,,0,52.7,9.3,0,1,1,1,0.8373333333333334
1,0,9.88,21,0.29,0,43.7,2.8,0,0,0,0,0.002
1,1,0.1,18,0.96,0,3.8,1.9,0,0,0,0,0.24010317460317457
0,0,0.65,20,,1,21.4,1.7,0,1,1,1,0.9885714285714287
0,0,0.92,21,0.0,0,4.4,0.5,0,0,1,1,1.0
1,1,0.68,79,,0,13.5,0.4,0,1,0,1,0.7804920634920635
1,0,0.08,18,1.89,0,44.8,1.8,0,0,0,0,0.003333333333333333
1,1,0.35,27,1.42,1,237.9,13.4,0,0,0,0,0.11445238095238096
1,0,1.67,13,0.25,0,125.8,9.9,0,0,0,0,0.020416666666666666
1,0,1.18,12,0.76,0,,,0,0,0,0,0.18388095238095242
0,0,2.18,139,,0,344.7,43.3,0,1,0,1,0.6736825396825397
0,0,1.58,16,0.0,1,0.0,0.0,0,0,1,1,1.0
1,0,1.72,21,0.19,1,191.3,9.1,0,0,0,0,0.011555555555555555
1,0,2.23,17,,0,45.6,14.1,0,1,1,1,0.7625
1,1,0.61,13,0.54,0,27.1,1.7,0,0,0,0,0.3499404761904763
1,0,0.33,5,1.89,1,33.3,2.1,0,0,0,0,0.11241666666666665
1,0,4.04,12,1.02,0,77.2,6.5,0,0,0,0,0.04958333333333333
1,0,1.77,20,,0,17.0,1.1,0,1,1,1,0.9693333333333334
1,1,1.06,22,0.91,0,4.8,0.9,0,0,0,0,0.0828373015873016
1,0,0.58,22,0.0,0,0.0,0.0,0,0,1,1,1.0
1,1,2.68,20,0.0,0,66.0,4.0,0,0,1,1,0.998
1,0,5.48,22,0.0,1,57.7,3.8,0,0,1,1,0.9893095238095237
1,0,0.11,27,0.85,2,36.8,4.7,0,0,0,0,0.11054761904761903
1,0,0.58,14,0.0,0,109.5,58.1,0,0,1,1,0.9933333333333334
1,0,3.07,8,0.0,0,223.9,70.8,0,0,1,1,0.922154761904762
1,1,0.96,0,1.02,0,143.3,23.1,0,0,1,1,0.9486666666666665
1,0,2.52,20,1.36,0,47.4,3.5,0,0,0,0,0.04403968253968253
1,0,3.09,18,1.09,4,156.2,10.4,0,0,0,0,0.20152777777777778
0,0,1.05,33,,0,77.1,7.7,0,1,1,1,0.7093412698412698
1,0,0.12,11,1.85,1,28.1,2.8,0,0,0,0,0.0
0,0,3.38,20,,0,14.5,1.4,0,1,1,1,0.998
1,1,0.86,15,1.11,0,62.0,2.2,0,0,0,0,0.02952380952380952
1,0,1.04,15,0.0,0,0.0,0.0,0,0,1,1,1.0
1,0,5.61,24,,0,73.2,4.5,0,1,1,1,0.6197619047619048
1,1,1.34,37,0.0,0,35.4,5.5,0,0,1,1,0.9740000000000001
1,1,0.18,10,0.0,0,40.9,1.9,0,0,1,1,0.9946666666666666
1,1,4.9,22,0.0,0,12.3,1.1,0,0,1,1,0.9725
1,0,2.95,54,0.0,0,256.3,42.7,0,0,1,1,0.9583333333333335
1,0,1.11,23,,0,30.7,2.1,0,1,1,1,0.9765714285714285
1,1,2.47,20,1.65,0,157.6,11.7,0,0,0,0,0.03625
1,0,1.52,33,,0,0.2,0.0,0,1,1,1,0.998
1,0,2.46,0,,0,0.0,0.0,0,1,1,1,1.0
0,0,1.09,22,0.88,2,0.0,0.0,0,0,1,1,1.0
1,0,1.96,22,0.02,0,60.5,3.6,0,0,0,0,0.13469444444444445
1,0,0.21,14,1.76,0,16.1,0.9,0,0,0,0,0.05166666666666666
1,1,2.27,20,,0,4.3,0.2,0,1,1,1,0.9121190476190476
1,0,4.86,21,0.29,0,5.2,1.2,0,0,0,0,0.008333333333333333
1,0,0.01,2,0.0,0,0.1,0.0,0,0,1,1,1.0
1,1,6.28,25,0.12,0,4.5,1.2,0,0,0,0,0.067
1,0,0.95,22,0.0,0,30.3,2.1,0,0,1,1,1.0
0,0,2.32,13,,2,32.5,5.3,0,1,1,1,0.8320198412698412
1,0,2.67,0,,0,0.0,0.0,2,1,1,1,1.0
1,0,1.03,29,0.0,0,23.8,0.7,0,0,1,1,1.0
1,0,5.32,26,0.0,0,13.2,2.1,0,0,1,1,0.9973214285714286
1,1,0.18,11,1.8,0,36.6,4.4,0,0,0,0,0.0834404761904762
1,1,1.32,17,1.91,0,72.8,6.7,0,0,0,0,0.06116666666666666
1,0,1.97,12,1.95,0,162.2,14.6,0,0,0,0,0.09033333333333335
1,1,1.39,28,0.59,0,227.3,30.5,0,0,0,0,0.162952380952381
1,1,1.88,0,0.0,0,0.0,0.0,0,0,1,1,1.0
1,1,0.99,24,0.01,0,0.0,0.0,0,0,1,1,0.995
1,0,1.03,17,0.0,1,46.3,15.2,0,0,1,1,1.0
1,0,1.62,10,0.35,2,70.0,3.7,0,0,0,0,0.32373412698412696
1,0,4.56,19,1.62,0,140.8,7.0,0,0,0,0,0.16466666666666666
1,0,3.81,20,0.0,0,53.8,11.4,0,0,1,1,0.996
0,0,2.21,18,,0,0.0,0.0,0,1,1,1,1.0
1,0,0.41,38,0.0,0,19.1,3.4,0,0,1,1,0.9966666666666667
0,0,2.48,21,0.0,0,0.0,0.0,0,0,1,1,1.0
1,0,0.92,14,1.06,0,24.8,1.4,0,0,0,0,0.0
1,1,3.28,22,0.67,0,34.8,3.0,0,0,0,0,0.035666666666666666
1,0,0.05,7,0.0,0,0.0,0.0,0,0,1,1,1.0
1,1,3.89,15,0.0,0,21.4,2.1,0,0,1,1,0.987
1,1,2.5,15,1.42,0,47.6,2.9,0,0,1,0,0.022333333333333334
1,1,1.55,0,0.0,0,0.0,0.0,4,0,1,1,1.0
1,0,1.98,18,,0,7.3,0.4,0,1,1,1,1.0
1,0,3.95,3,0.01,0,18.7,0.9,0,0,1,1,0.8026666666666666
1,1,0.02,0,1.96,0,,,0,0,0,0,0.0
1,0,2.08,20,,0,0.0,0.0,0,1,1,1,1.0
1,1,3.63,12,0.27,3,99.6,8.5,0,0,0,0,0.07416666666666666
1,1,2.76,10,1.16,0,119.7,6.1,0,0,0,0,0.020166666666666666
1,0,3.59,21,0.35,0,46.8,2.2,0,0,0,0,0.01583333333333333
1,0,2.93,12,1.01,0,59.0,8.1,0,0,0,0,0.0
1,1,5.28,15,1.17,0,100.2,8.2,0,0,0,0,0.044333333333333336
1,1,0.94,22,1.03,0,24.9,2.9,0,0,0,0,0.03125
1,1,5.16,21,0.21,1,93.7,7.4,0,0,0,0,0.0
1,0,0.92,14,1.05,0,188.7,6.8,0,0,0,0,0.009166666666666665
1,1,8.52,22,1.28,0,45.0,1.3,0,0,0,0,0.11035714285714285
1,0,2.1,22,,0,0.0,0.0,0,1,1,1,1.0
1,1,0.54,15,1.43,0,58.3,6.2,0,0,0,0,0.011666666666666665
1,1,2.79,0,,0,0.0,0.0,6,1,1,1,1.0
0,0,1.72,18,0.0,0,0.0,0.0,0,0,1,1,1.0
1,0,1.66,59,,1,0.0,0.0,0,1,1,1,1.0
1,0,1.1,20,0.88,0,101.8,10.6,0,0,0,0,0.004
1,0,2.92,22,0.0,0,23.7,0.9,0,0,1,1,1.0
0,0,0.79,0,,0,0.0,0.0,0,1,1,1,1.0
1,1,2.61,29,,0,105.2,8.0,0,1,1,0,0.44576190476190464
1,1,2.16,16,1.72,0,39.1,2.3,0,0,0,0,0.03897619047619048
1,1,8.46,17,1.75,1,35.7,2.5,0,0,1,0,0.04733333333333333
1,0,4.6,0,,0,11.9,1.1,7,1,1,1,0.9983333333333334
1,1,0.29,21,1.68,0,64.0,4.8,0,0,0,0,0.02585714285714286
1,1,0.84,25,0.27,0,50.9,10.1,0,0,0,0,0.1788333333333333
1,0,2.06,19,,0,54.8,3.4,0,1,1,1,0.7060039682539683
1,0,1.0,25,,0,2.7,0.6,0,1,1,1,0.9229047619047617
1,0,7.14,12,,0,5.0,0.4,6,1,0,0,0.342126984126984
0,0,1.12,18,,0,8.8,0.4,0,1,1,1,1.0
1,1,3.54,21,,0,39.0,3.5,0,1,1,1,0.8038571428571428
1,0,1.98,23,,0,1.0,0.1,0,1,1,1,1.0
1,0,1.68,13,0.29,0,44.0,3.7,0,0,0,0,0.10585714285714283
1,1,3.02,12,0.0,0,58.9,3.1,0,0,1,1,0.99
1,1,2.01,0,,0,0.0,0.0,7,1,1,1,1.0
1,0,7.28,16,1.9,0,5.3,0.3,0,0,0,0,0.11733333333333333
1,0,0.04,15,1.45,0,7.1,0.0,0,0,1,0,0.18370238095238098
1,1,2.72,10,1.2,0,12.9,1.9,0,0,0,0,0.055
0,0,1.03,22,0.96,0,0.0,0.0,0,0,1,1,1.0
0,0,6.7,22,0.0,0,13.3,0.5,0,0,1,1,0.9657380952380953
1,0,0.01,0,1.97,0,,,0,0,0,0,0.0
0,0,1.27,66,0.0,1,0.0,0.0,0,0,1,1,1.0
0,0,2.16,22,,0,49.4,9.1,0,1,1,1,0.8698571428571428
1,1,0.15,12,1.83,0,7.8,0.5,0,0,0,0,0.15646428571428572
1,0,1.44,13,0.5,1,14.4,2.3,0,0,0,0,0.024
1,0,3.82,26,,0,61.8,4.4,0,1,1,1,0.9254166666666667
1,0,5.49,16,,0,20.9,1.3,0,1,1,1,0.9513333333333333
1,1,6.92,10,0.0,0,30.9,2.1,0,0,1,1,0.9555
1,1,0.41,23,1.57,0,25.9,14.3,0,0,0,0,0.14587878787878789
1,0,0.94,21,0.0,0,34.9,1.3,0,0,1,1,1.0
0,0,0.33,21,0.0,0,29.2,3.7,0,0,1,1,1.0
1,1,0.74,16,1.24,0,59.0,2.0,0,0,0,0,0.3439166666666667
0,0,0.93,20,0.0,0,0.0,0.0,0,0,1,1,1.0
1,0,6.53,20,1.91,0,89.6,10.7,0,0,0,0,0.012380952380952381
0,0,2.4,22,0.01,0,56.9,5.2,0,0,0,0,0.4725595238095237
1,1,1.08,17,0.89,0,70.2,3.9,0,0,1,0,0.47992424242424236
1,1,1.3,20,0.67,0,20.9,1.2,0,0,0,0,0.45704761904761904
1,1,3.42,20,0.45,1,258.9,19.3,0,0,0,0,0.047452380952380954
1,1,0.33,15,1.65,2,184.3,14.7,0,0,0,0,0.085
1,1,2.1,31,1.85,0,164.0,9.4,0,0,0,0,0.04166666666666667
1,1,2.38,10,1.19,0,1.2,0.5,0,0,0,0,0.08058333333333334
0,0,8.54,11,,0,6.8,0.7,7,1,1,1,0.5916666666666667
1,0,1.86,22,0.09,0,27.8,3.5,0,0,0,0,0.04533333333333333
1,1,0.33,16,1.64,2,86.3,2.8,0,0,0,0,0.05180158730158731
1,0,0.01,2,0.0,0,0.0,0.0,0,0,1,1,1.0
1,0,2.69,24,,0,54.3,4.8,0,1,0,0,0.41771428571428565
1,0,1.19,18,0.95,0,170.2,11.5,0,0,0,0,0.21697619047619046
1,1,4.28,27,1.61,0,156.0,23.4,0,0,0,0,0.061809523809523814
1,1,2.04,0,,0,0.0,0.0,6,1,1,1,1.0
0,0,6.48,15,0.0,0,13.8,0.8,0,0,1,1,0.9808333333333334
1,1,2.61,32,1.25,0,60.2,5.1,0,0,0,0,0.09549603174603175
0,0,0.6,21,0.01,0,0.0,0.0,0,0,1,1,1.0
0,0,3.97,19,,0,1.7,0.1,0,1,1,1,0.996
0,0,0.18,24,,0,20.6,0.7,0,1,1,1,0.9488333333333333
1,1,0.56,28,1.41,0,38.0,1.6,0,0,1,0,0.03675
1,0,0.88,14,1.09,0,110.7,5.4,0,0,0,0,0.003333333333333333
1,0,11.91,20,1.3,1,34.2,5.1,0,0,0,0,0.1035
0,0,1.32,0,0.0,0,0.1,0.0,1,0,1,1,1.0
0,0,1.73,24,0.0,0,7.0,1.5,0,0,1,1,1.0
1,1,8.31,16,1.68,0,41.9,5.2,0,0,0,0,0.03833333333333333
0,0,0.93,22,,0,35.8,2.8,0,1,1,1,0.9803333333333333
1,1,0.64,14,1.33,1,121.9,9.4,0,0,0,0,0.07016666666666665
1,1,1.16,18,0.0,0,0.0,0.0,2,0,1,1,1.0
0,0,0.84,17,,0,91.8,8.0,0,1,1,1,0.8770714285714285
0,0,0.95,0,,0,0.0,0.0,0,1,1,1,1.0
1,0,1.65,13,0.0,0,16.2,1.3,0,0,1,1,1.0
0,0,2.21,16,0.0,0,46.7,11.6,0,0,1,1,1.0
1,1,0.16,18,1.82,0,23.5,2.1,0,0,0,0,0.0025
1,0,0.77,12,1.07,1,34.7,1.9,0,0,0,0,0.11613095238095239
1,0,1.4,13,0.53,0,41.2,1.6,0,0,0,0,0.07016666666666667
1,0,3.75,20,1.27,0,45.0,3.3,0,0,0,0,0.0603452380952381
1,0,3.05,12,0.89,0,27.1,3.1,0,0,0,0,0.0
1,1,8.45,15,1.36,0,133.3,7.1,0,0,0,0,0.11949999999999998
1,0,6.79,22,1.04,0,17.9,1.8,0,0,0,0,0.0
1,0,2.62,23,,0,0.0,0.0,0,1,1,1,1.0
0,0,0.86,17,0.0,0,0.7,0.1,0,0,1,1,1.0
1,1,5.9,16,0.24,0,79.6,7.5,0,0,0,0,0.008333333333333333
0,0,2.21,0,,1,37.9,6.0,7,1,1,1,0.8783333333333333
1,1,4.9,10,1.14,0,55.2,2.8,0,0,0,0,0.0025
1,0,1.47,14,,0,0.0,0.0,0,1,1,1,1.0
1,1,0.87,33,,0,159.7,8.1,0,1,0,1,0.5469166666666667
1,0,2.93,25,1.95,0,13.5,0.9,0,0,0,0,0.0746904761904762
1,1,1.88,20,0.07,0,52.0,2.6,0,0,0,0,0.06658333333333334
1,0,1.64,21,0.29,0,45.8,3.1,0,0,0,0,0.01958333333333333
1,1,0.36,9,0.0,0,12.0,1.3,0,0,1,1,1.0
1,0,0.98,20,0.99,1,46.8,8.1,0,0,0,0,0.0
1,0,1.14,10,0.0,0,0.0,0.0,0,0,1,1,1.0
1,1,2.33,12,1.6,0,32.3,1.7,0,0,1,0,0.15523809523809523
1,0,1.91,14,0.06,0,43.7,5.1,0,0,0,0,0.008333333333333333
1,0,2.33,21,1.58,0,63.8,5.9,0,0,0,0,0.06837301587301586
1,1,3.45,22,,0,54.0,4.2,0,1,1,1,0.8781428571428571
0,0,0.11,34,,0,56.2,2.0,0,1,1,1,0.6893326118326119
1,1,3.44,20,0.46,0,87.1,14.6,0,0,0,0,0.05683333333333333
1,1,0.23,19,0.0,0,43.7,5.0,0,0,1,1,0.9713333333333333
1,0,1.98,21,,0,30.8,1.1,0,1,1,1,0.9733333333333333
1,1,5.28,24,1.14,0,126.3,10.4,0,0,0,0,0.08057142857142857
1,1,3.91,20,0.0,0,24.8,3.0,0,0,1,1,0.7219761904761904
1,0,2.38,26,,0,20.7,2.0,0,1,1,1,0.9793333333333334
1,0,0.99,14,0.0,0,5.8,1.9,0,0,1,1,1.0
1,1,1.99,17,1.93,0,72.6,3.4,0,0,0,0,0.0255
1,0,1.98,24,,0,45.2,1.7,0,1,1,1,0.983452380952381
0,0,2.43,21,,0,17.6,2.7,0,1,1,1,0.9729761904761905
1,0,0.51,16,0.0,0,6.8,0.8,0,0,1,1,1.0
1,1,2.13,22,,0,0.0,0.0,0,1,1,1,1.0
1,1,1.87,22,,0,24.6,7.5,0,1,1,1,0.9675
1,0,0.25,10,0.0,3,31.3,2.1,0,0,1,1,1.0
1,1,0.87,8,1.1,0,20.5,5.4,0,0,0,0,0.059500000000000004
1,0,0.88,22,0.0,1,133.9,90.5,0,0,1,1,1.0
1,0,1.97,29,0.0,0,30.9,1.0,0,0,1,1,1.0
0,0,2.94,20,0.0,0,0.0,0.0,0,0,1,1,1.0
1,0,2.01,26,,0,53.5,4.3,0,1,1,1,0.9476666666666667
0,0,0.99,18,0.0,0,70.3,5.0,0,0,1,1,1.0
1,0,2.95,12,0.99,0,40.6,4.3,0,0,0,0,0.0
1,0,2.14,29,,0,50.4,4.0,0,1,0,1,0.8899285714285713
0,0,3.6,21,,1,30.2,3.2,0,1,1,1,0.9548095238095238
1,0,5.58,15,0.0,0,79.0,8.4,0,0,1,1,1.0
1,0,1.52,13,0.42,1,72.0,2.0,0,0,0,0,0.06716666666666665
1,0,2.45,17,1.65,0,33.4,3.0,0,0,0,0,0.2518690476190476
1,0,2.88,12,1.07,0,5.1,0.3,0,0,0,0,0.006999999999999999
1,0,4.45,0,,0,0.5,0.1,3,1,1,1,0.998
0,0,0.79,40,0.0,0,0.0,0.0,0,0,1,1,1.0
1,1,0.74,23,0.0,0,0.0,0.0,0,0,1,1,1.0
1,0,1.41,18,0.0,0,0.0,0.0,0,0,1,1,1.0
1,0,6.79,21,0.59,0,158.2,7.9,0,0,0,0,0.01
1,0,1.96,13,0.0,0,3.6,0.2,0,0,1,1,1.0
0,0,1.39,0,,0,0.0,0.0,0,1,1,1,1.0
1,1,0.64,15,1.34,0,222.2,7.5,0,0,0,0,0.032952380952380955
0,0,4.67,21,,0,4.4,1.7,0,1,1,1,0.988
1,0,1.83,22,0.0,0,31.8,2.3,0,0,1,1,1.0
0,0,2.06,22,,0,0.0,0.0,0,1,1,1,1.0
1,0,1.15,28,0.0,1,75.5,2.9,0,0,1,1,0.99
1,0,0.22,20,0.02,5,0.0,0.0,0,0,1,1,1.0
1,1,3.64,10,0.38,0,55.4,4.6,0,0,1,0,0.3913333333333333
0,0,0.76,19,0.0,0,0.0,0.0,0,0,1,1,1.0
1,0,7.11,22,1.97,0,52.8,7.4,0,0,0,0,0.06641666666666667
1,0,3.73,24,,0,30.5,1.9,0,1,1,1,0.9788888888888888
1,1,9.07,10,1.24,0,0.2,0.0,0,0,0,0,0.07266666666666667
0,0,0.11,15,,0,0.0,0.0,0,1,1,1,1.0
1,1,1.14,22,0.83,0,28.3,1.1,0,0,0,0,0.0325
1,1,3.17,24,0.75,0,88.8,5.5,0,0,0,0,0.005666666666666666
1,1,1.58,12,0.39,0,11.4,0.9,0,0,0,0,0.06805555555555555
1,0,0.87,17,0.0,0,0.0,0.0,0,0,1,1,1.0
1,0,3.18,22,,0,63.7,8.7,0,1,1,1,0.9331428571428572
1,0,1.38,6,0.59,0,140.1,7.6,0,0,0,0,0.0888968253968254
1,0,1.4,17,,2,0.0,0.0,4,1,1,1,1.0
1,0,0.74,19,,0,6.6,0.3,0,1,1,1,1.0
1,0,2.1,14,1.82,0,44.9,3.1,0,0,0,0,0.10395238095238096
1,1,5.12,21,0.13,1,96.6,6.3,0,0,0,0,0.0
0,0,2.39,26,,1,33.6,1.5,0,1,1,1,0.9177777777777777
1,0,1.13,20,0.84,0,46.5,2.6,0,0,0,0,0.0
1,1,3.62,19,1.82,0,28.0,2.2,0,0,0,0,0.018333333333333333
0,0,2.85,19,,0,0.0,0.0,0,1,1,1,1.0
0,0,0.61,23,0.0,1,5.7,0.7,0,0,1,1,1.0
1,1,6.65,22,0.0,0,15.9,1.9,0,0,1,1,0.9815714285714284
1,0,1.98,22,,0,10.3,0.6,0,1,1,1,0.9966666666666666
1,0,4.08,16,,1,45.6,2.6,0,1,1,1,0.8955952380952381
0,0,3.47,56,,2,0.0,0.0,0,1,1,1,1.0
1,0,3.68,0,,0,0.0,0.0,7,1,1,1,1.0
0,0,3.5,20,,0,33.6,2.2,0,1,1,1,0.9958333333333332
1,0,0.77,23,0.0,0,0.0,0.0,0,0,1,1,1.0
1,1,3.08,0,,0,7.3,1.4,0,1,1,1,0.9581666666666666
1,1,0.56,15,1.28,3,21.2,1.5,0,0,0,0,0.03323809523809525
0,0,1.38,21,,0,0.0,0.0,0,1,1,1,1.0
1,1,0.25,16,1.72,0,27.1,1.6,0,0,0,0,0.0047619047619047615
1,1,6.42,10,1.21,1,114.1,6.2,0,0,0,0,0.0
1,1,0.6,8,0.0,0,7.6,1.1,0,0,1,1,0.99
1,1,3.86,13,,0,8.8,2.0,0,1,1,1,0.9100000000000001
1,0,3.03,39,,0,104.7,9.2,0,1,1,1,0.7803571428571427
1,0,2.73,24,1.19,0,37.3,4.0,0,0,1,0,0.30497619047619046
1,0,1.25,23,0.0,0,0.0,0.0,0,0,1,1,1.0
1,0,1.21,14,0.76,0,81.1,7.2,0,0,0,0,0.030333333333333334
1,0,0.94,20,1.04,0,65.2,5.1,0,0,0,0,0.006666666666666666
1,0,3.46,22,0.85,0,42.9,2.2,0,0,0,0,0.0475
1,0,2.48,36,1.47,2,362.6,30.2,0,0,0,0,0.05833333333333334
1,0,7.21,4,0.01,4,26.1,2.1,0,0,1,1,0.7721666666666668
1,0,4.58,24,,0,42.0,1.4,0,1,1,1,0.7931746031746032
1,1,5.02,10,1.24,0,85.6,5.5,0,0,0,0,0.0045000000000000005
1,0,7.99,16,,0,1.0,0.1,1,1,1,1,0.5915952380952382
0,0,1.64,18,,0,0.0,0.0,0,1,1,1,1.0
1,0,4.29,13,0.0,3,73.0,3.1,0,0,1,1,0.964
1,0,5.03,22,0.03,0,101.5,6.4,0,0,0,0,0.0
1,0,1.42,13,0.51,0,36.5,13.8,0,0,0,0,0.0555952380952381
1,0,1.26,13,0.0,0,5.5,1.8,0,0,1,1,1.0
1,0,1.68,19,0.29,0,34.1,2.1,0,0,1,1,0.5559761904761905
1,1,0.73,18,,0,125.1,6.3,0,1,1,1,0.8598095238095237
0,0,4.03,23,,0,12.6,1.1,0,1,1,1,0.9966666666666667
1,1,1.83,20,0.36,0,40.9,2.3,0,0,0,0,0.1820793650793651
1,0,0.59,19,0.0,0,0.0,0.0,0,0,1,1,1.0
1,0,0.24,16,,0,3.5,0.6,0,1,1,1,0.982
1,0,2.35,24,,0,36.8,3.1,0,1,0,1,0.8224166666666665
1,0,1.43,5,0.0,0,12.5,0.8,0,0,1,1,1.0
1,1,0.3,21,1.68,1,122.7,17.5,0,0,0,0,0.06501190476190477
0,0,3.18,24,,0,14.5,1.0,0,1,1,1,0.9638333333333332
1,1,0.78,15,1.2,0,34.2,11.2,0,0,0,0,0.015666666666666666
1,0,4.18,25,0.0,0,60.7,3.6,0,0,1,1,1.0
0,0,0.77,21,1.66,0,0.0,0.0,0,0,1,1,1.0
0,0,2.96,81,,0,56.1,4.5,0,1,0,1,0.8379880952380953
1,0,8.07,0,,0,0.0,0.0,0,1,1,1,1.0
0,0,1.45,13,,0,0.0,0.0,0,1,1,1,1.0
1,1,7.36,15,1.62,0,128.2,5.0,0,0,1,0,0.033833333333333326
1,0,1.99,23,,0,6.0,0.6,0,1,1,1,1.0
1,1,1.48,10,0.57,0,14.0,4.5,0,0,0,0,0.38623015873015876
1,0,1.98,13,,3,40.3,2.6,0,1,1,1,0.9320238095238095
1,0,1.87,13,0.0,0,16.5,1.6,0,0,1,1,1.0
1,1,1.03,22,0.94,0,146.1,8.1,0,0,0,0,0.02630952380952381
1,1,3.08,22,,0,18.3,4.1,0,1,1,1,0.9825238095238095
1,1,1.0,0,,0,0.0,0.0,0,1,1,1,1.0
1,1,6.53,21,0.4,0,7.8,0.7,0,0,0,0,0.0
1,1,0.56,33,1.41,0,42.0,2.2,0,0,0,0,0.07905555555555556
1,1,2.65,23,1.76,2,28.8,1.2,0,0,0,0,0.18456349206349207
0,0,6.2,26,,0,12.0,2.6,0,1,1,1,0.6755476190476191
1,1,0.69,22,1.28,0,23.1,4.2,0,0,0,0,0.07983333333333334
1,0,1.99,14,,0,16.4,2.4,0,1,1,1,0.9478333333333333
1,1,2.07,33,0.15,0,69.6,4.4,0,0,0,0,0.0775
1,0,6.92,21,0.48,0,44.2,3.3,0,0,0,0,0.005833333333333333
1,1,5.91,12,0.41,3,41.7,3.7,0,0,0,0,0.0630952380952381
1,0,3.03,12,0.91,0,61.8,2.9,0,0,0,0,0.0
1,1,2.73,39,,0,58.2,10.0,0,1,1,1,0.771654761904762
1,0,2.26,16,,0,16.0,2.4,0,1,1,1,0.82525
1,0,3.64,25,0.0,0,47.6,5.4,0,0,1,1,1.0
1,1,1.21,28,1.01,0,51.5,4.1,0,0,0,0,0.04775
0,0,3.47,18,,0,8.3,0.8,0,1,1,1,0.99
1,0,1.98,23,,0,0.9,0.1,0,1,1,1,1.0
1,0,3.66,22,,0,18.4,2.3,0,1,1,1,0.9569999999999999
1,1,4.73,21,0.22,1,69.1,3.7,0,0,0,0,0.01
0,0,3.89,18,,0,3.5,0.4,0,1,1,1,1.0
1,0,0.95,20,1.02,0,50.5,3.4,0,0,0,0,0.0
1,0,1.47,6,0.5,0,51.2,2.1,0,0,0,0,0.0345
1,1,0.51,14,1.71,0,122.5,2.8,2,0,0,0,0.13166666666666665
1,0,0.54,20,0.0,0,0.0,0.0,0,0,1,1,1.0
1,0,0.28,13,0.97,0,35.1,4.8,0,0,0,0,0.14652380952380953
1,0,2.9,22,1.1,0,44.1,1.9,0,0,0,0,0.03933333333333334
1,0,3.54,24,,0,0.0,0.0,0,1,1,1,1.0
1,1,0.81,15,1.17,0,50.4,11.7,0,0,0,0,0.061583333333333344
1,0,2.9,12,1.01,0,11.6,0.4,0,0,0,0,0.0
1,1,3.31,48,,0,69.1,3.5,0,1,1,1,0.9341666666666667
1,0,5.53,21,0.3,0,117.9,10.5,0,0,0,0,0.0
1,0,3.98,22,0.07,0,7.3,0.5,0,0,0,0,0.017888888888888888
1,1,2.65,10,1.27,0,40.4,14.2,0,0,0,0,0.0745
1,0,0.25,12,0.0,1,0.2,0.3,0,0,1,1,0.9663333333333334
1,1,1.07,21,,0,8.9,0.7,0,1,1,1,1.0
1,0,1.98,13,,0,48.0,3.5,0,1,1,1,0.9487380952380952
1,0,0.4,18,1.58,0,58.3,2.6,0,0,0,0,0.0735
1,1,3.58,30,1.05,0,77.5,4.9,0,0,0,0,0.19791666666666663
1,0,1.04,30,0.93,0,32.5,3.6,0,0,0,0,0.1503095238095238
1,0,0.12,7,0.0,2,20.0,1.5,0,0,1,1,1.0
1,0,1.77,22,0.0,0,0.0,0.0,0,0,1,1,1.0
0,0,2.18,21,,0,2.6,0.2,0,1,1,1,0.9721666666666667
1,1,1.87,10,,0,0.0,0.0,0,1,1,1,1.0
1,0,0.46,31,,0,32.9,1.1,0,1,1,1,0.8148452380952382
1,0,0.66,20,1.04,0,43.5,4.6,0,0,0,0,0.12800000000000003
0,0,2.42,0,,0,0.0,0.0,0,1,1,1,1.0
1,1,2.81,19,,0,0.0,0.0,0,1,1,1,1.0
0,0,4.3,19,,0,0.0,0.0,0,1,1,1,1.0
1,0,2.01,13,,1,15.5,1.0,0,1,0,1,0.9368333333333334
0,0,1.03,0,,0,4.6,0.5,3,1,1,1,1.0
0,0,0.22,0,,0,0.0,0.0,0,1,1,1,1.0
1,0,1.48,30,,0,17.3,0.4,0,1,1,1,0.9833333333333333
0,0,2.22,0,,0,0.0,0.0,6,1,1,1,1.0
1,1,3.23,19,1.94,0,52.8,5.8,0,0,0,0,0.026666666666666665
1,0,0.84,11,1.03,0,14.8,1.1,0,0,0,0,0.19185714285714286
0,0,0.2,19,0.0,0,14.2,1.0,0,0,1,1,1.0
1,1,1.09,19,1.91,0,55.4,5.4,0,0,0,0,0.0125
1,0,5.09,22,0.9,0,36.5,3.6,0,0,0,0,0.040202380952380955
1,1,0.42,14,0.0,0,54.9,3.4,0,0,1,1,1.0
0,0,3.51,29,,1,44.1,8.0,0,1,1,1,0.8371428571428572
1,0,0.7,14,1.28,0,19.1,2.2,0,0,0,0,0.04083333333333333
1,0,2.66,29,0.0,3,14.0,1.4,0,0,1,1,1.0
1,0,4.47,21,0.23,0,80.0,9.1,0,0,0,0,0.0
1,0,5.67,22,1.07,0,245.1,68.2,0,0,0,0,0.03225
1,1,0.66,15,1.31,0,71.3,4.2,0,0,0,0,0.004
1,1,1.1,26,1.12,0,53.8,5.9,0,0,1,0,0.20447619047619045
1,1,1.05,25,0.92,0,54.2,3.1,0,0,1,0,0.05123809523809524
1,1,6.81,15,1.64,0,5.1,0.4,0,0,0,0,0.02583333333333333
1,1,4.96,24,0.01,0,85.0,5.1,0,0,1,0,0.06844444444444445
1,1,0.16,18,1.82,0,100.6,5.5,0,0,0,0,0.0
1,1,0.17,23,1.81,0,53.5,1.4,0,0,0,0,0.01
1,0,2.15,25,0.0,0,28.9,1.1,0,0,1,1,1.0
1,0,3.69,21,0.19,0,160.4,8.6,0,0,0,0,0.025666666666666664
1,1,0.97,24,1.0,0,24.1,1.3,0,0,0,0,0.03588095238095238
1,1,3.06,18,1.85,0,12.3,1.0,0,0,0,0,0.01042857142857143
1,1,2.99,21,1.9,0,49.0,3.2,0,0,0,0,0.045047619047619045
1,0,0.42,11,0.0,0,37.6,2.2,0,0,1,1,0.995
1,1,3.99,15,1.91,4,19.0,1.4,0,0,0,0,0.06445238095238094
1,1,0.55,15,1.43,0,28.8,2.4,0,0,0,0,0.0
0,0,2.67,21,,0,16.5,0.7,0,1,1,1,1.0
1,1,7.76,21,0.27,0,20.5,1.9,0,0,0,0,0.015
1,0,3.66,12,0.0,0,10.1,1.0,0,0,1,1,0.99
1,0,2.11,19,1.81,2,73.9,6.4,0,0,0,0,0.06766666666666668
1,1,0.2,12,1.77,0,14.7,1.7,0,0,0,0,0.06238888888888888
1,1,5.25,19,0.14,2,65.9,6.7,0,0,1,0,0.04499999999999999
1,1,0.69,24,1.28,0,48.7,2.3,0,0,0,0,0.07508333333333334
0,0,2.66,0,,0,21.8,1.5,0,1,1,1,0.9933333333333334
1,1,6.42,19,0.08,0,14.4,2.6,0,0,1,0,0.09
1,1,1.67,0,0.0,0,0.0,0.0,7,0,1,1,1.0
1,1,2.06,22,1.87,0,24.0,3.0,0,0,0,0,0.013333333333333332
1,0,1.89,12,0.88,0,17.4,1.9,0,0,0,0,0.134452380952381
0,0,0.99,18,,0,128.2,6.3,0,1,1,1,0.9059999999999999
1,0,1.17,20,,0,44.8,2.0,0,1,1,1,0.9291190476190476
0,0,2.21,23,,0,13.3,1.4,0,1,1,1,0.9871428571428572
1,1,3.05,24,0.87,0,37.9,2.1,0,0,0,0,0.020357142857142855
0,0,3.52,24,,0,49.5,2.5,0,1,1,1,0.853714285714286
1,1,2.18,0,,0,2.0,0.2,7,1,1,1,0.9945714285714286
1,0,2.86,12,1.07,0,101.5,6.5,0,0,0,0,0.0
1,0,2.0,22,0.96,0,12.8,1.5,0,0,0,0,0.14616666666666667
1,0,1.45,26,0.0,0,21.8,0.7,0,0,1,1,1.0
1,0,4.11,20,1.73,0,10.1,0.6,0,0,0,0,0.03166666666666666
1,1,7.74,20,,0,29.4,1.8,0,1,1,1,0.716297619047619
1,1,1.78,24,0.0,0,7.9,1.2,0,0,1,1,1.0
1,1,2.97,21,,0,4.9,0.3,0,1,1,1,0.9820833333333334
0,0,1.96,24,0.0,0,10.9,0.7,0,0,1,1,1.0
1,0,1.43,21,0.41,0,20.1,1.8,0,0,0,0,0.04793650793650794
1,0,3.25,18,,0,24.1,1.5,0,1,1,1,0.9616666666666666
1,0,3.88,22,0.03,1,62.5,4.4,0,0,0,0,0.012
1,0,1.7,13,0.25,0,62.4,3.7,0,0,0,0,0.031190476190476192
1,0,1.78,14,0.0,1,37.7,2.1,0,0,1,1,1.0
1,0,1.92,14,0.06,0,101.5,5.6,0,0,0,0,0.019952380952380954
1,1,0.67,22,1.3,0,54.0,2.8,0,0,0,0,0.025
1,1,1.48,18,0.0,0,14.0,1.6,0,0,1,1,1.0
1,0,8.13,22,,1,50.0,9.9,0,1,1,1,0.5510717893217894
1,0,0.46,12,0.0,0,4.9,0.9,0,0,1,1,1.0
1,0,1.6,21,0.33,0,81.0,4.5,0,0,0,0,0.03166666666666666
1,0,3.1,12,0.84,0,15.5,1.7,0,0,0,0,0.13204761904761905
1,1,1.79,13,1.52,0,2.1,0.1,0,0,1,0,0.11261904761904763
1,0,3.03,12,0.92,0,46.3,2.1,0,0,0,0,0.0
0,0,1.26,0,,0,0.0,0.0,0,1,1,1,1.0
1,0,3.27,21,0.63,1,1.3,0.4,0,0,0,0,0.07741666666666666
1,1,0.57,20,0.0,0,49.0,5.3,0,0,1,1,0.9933333333333334
1,0,5.4,17,1.42,0,29.9,1.8,0,0,0,1,0.6397420634920635
1,0,3.87,22,0.05,0,13.0,1.5,0,0,0,0,0.0
1,1,0.56,30,1.41,0,144.4,3.2,0,0,0,0,0.12019805194805194
0,0,1.33,26,,0,63.3,2.7,0,1,1,1,0.9315714285714287
1,0,1.64,26,0.0,2,74.7,4.5,0,0,1,1,1.0
1,0,2.87,41,,0,24.8,2.2,0,1,1,1,0.6775952380952381
1,1,5.91,19,1.53,0,71.5,3.9,2,0,0,0,0.045500000000000006
1,0,2.89,21,1.24,0,19.8,0.5,0,0,0,0,0.11033333333333334
1,1,4.01,0,,0,38.0,3.6,0,1,0,1,0.575877344877345
1,0,1.78,30,0.0,0,17.8,1.2,0,0,1,1,1.0
0,0,2.58,13,,0,0.0,0.0,0,1,1,1,1.0
1,1,2.87,40,1.05,0,171.7,19.0,0,0,0,0,0.07152380952380953
1,0,5.95,22,1.93,1,19.8,2.2,0,0,0,0,0.0075
1,0,2.9,12,1.02,0,11.1,0.8,0,0,0,0,0.003333333333333333
1,0,0.51,11,1.46,0,35.5,1.6,0,0,1,1,0.5481309523809524
1,0,7.08,9,0.15,0,64.8,4.8,0,0,0,0,0.36765476190476193
1,0,2.69,14,0.0,0,10.8,1.6,0,0,1,1,1.0
1,1,7.06,112,,0,188.8,7.0,0,1,0,0,0.4490595238095239
1,0,3.63,22,0.0,0,36.3,1.8,0,0,1,1,0.9679880952380953
1,0,0.29,13,0.0,0,21.5,1.4,0,0,1,1,1.0
1,0,2.16,21,0.0,0,10.0,1.2,0,0,1,1,1.0
1,0,3.22,30,0.68,0,98.9,3.6,0,0,0,0,0.07542857142857143
1,0,0.09,18,1.88,0,56.3,4.7,0,0,0,0,0.015
1,0,6.15,22,1.01,0,13.1,0.7,0,0,0,0,0.02
1,0,0.85,30,1.12,0,24.5,1.7,0,0,1,0,0.1599880952380952
1,0,1.52,20,0.46,0,77.2,9.1,0,0,1,0,0.13444047619047617
1,1,2.97,21,,0,0.0,0.0,0,1,1,1,1.0
1,0,1.96,15,0.0,0,98.1,8.8,0,0,1,1,0.9775
1,1,7.97,12,0.17,0,11.7,0.4,0,0,0,0,0.02942857142857143
1,1,8.58,16,1.59,0,74.5,8.1,0,0,0,0,0.01975
1,0,2.54,23,,0,0.0,0.0,0,1,1,1,1.0
1,1,1.98,19,1.9,0,70.5,8.0,0,0,0,0,0.025333333333333333
1,0,0.43,49,0.5,0,28.8,1.6,0,0,0,0,0.1505595238095238
1,0,0.86,21,0.0,0,0.0,0.0,0,0,1,1,1.0
1,0,7.31,20,,0,4.5,0.2,0,1,1,1,0.9368333333333334
1,0,3.21,22,0.71,0,148.9,9.3,0,0,0,0,0.0
0,0,2.02,48,,0,66.4,29.7,0,1,1,1,0.6724285714285715
1,1,1.01,0,,3,0.0,0.0,2,1,1,1,1.0
1,1,1.26,22,0.71,0,69.3,7.1,0,0,0,0,0.07266666666666667
1,0,5.95,20,0.99,0,29.2,4.2,0,0,0,0,0.028999999999999998
1,1,6.36,19,1.89,0,13.5,6.7,0,0,0,0,0.08819047619047618
1,1,7.67,23,1.96,0,115.9,15.4,0,0,1,0,0.037500000000000006
1,0,3.62,11,0.3,0,38.1,5.0,0,0,1,1,0.8629761904761903
1,1,8.67,24,0.88,0,53.5,3.6,0,0,0,0,0.09135714285714286
1,0,3.02,12,0.92,0,85.0,4.8,0,0,0,0,0.005
1,0,2.75,0,,0,0.0,0.0,0,1,1,1,1.0
1,0,0.9,12,1.28,0,57.7,40.9,0,0,0,0,0.10966666666666669
0,0,3.93,24,,0,16.8,2.2,0,1,1,1,0.9028214285714286
1,0,2.88,12,1.05,0,112.9,10.7,0,0,0,0,0.01
1,1,0.27,17,1.7,3,0.0,0.0,0,0,1,1,0.9925
1,1,2.03,19,1.89,3,115.6,10.9,0,0,0,0,0.051666666666666666
1,1,1.11,22,0.86,0,30.1,1.8,0,0,0,0,0.014166666666666666
1,1,0.49,13,0.0,0,86.6,4.3,0,0,1,1,1.0
1,1,3.13,24,0.78,0,53.6,30.1,0,0,0,0,0.009409090909090909
1,1,0.48,20,0.4,1,10.8,0.2,0,0,1,0,0.2004523809523809
1,1,1.24,17,0.0,0,53.4,2.1,0,0,1,1,1.0
1,1,2.61,21,0.52,0,19.6,2.5,0,0,0,0,0.09592857142857142
1,0,2.19,33,,1,28.7,1.7,0,1,0,1,0.904
1,1,4.38,19,1.89,0,68.6,7.8,0,0,0,0,0.0
1,0,2.81,25,0.0,1,33.3,12.0,0,0,1,1,0.968
1,0,0.76,0,,0,0.0,0.0,6,1,1,1,1.0
1,0,1.92,26,0.0,0,0.0,0.0,0,0,1,1,1.0
1,1,2.44,0,,0,0.0,0.0,7,1,1,1,1.0
1,1,0.45,23,0.0,3,68.3,19.3,0,0,1,1,1.0
1,1,6.07,18,0.0,2,123.8,7.8,0,0,1,1,0.9583333333333333
1,0,5.85,22,0.01,0,5.7,0.4,0,0,0,0,0.3517301587301588
1,0,1.98,23,,0,11.8,0.7,0,1,1,1,1.0
0,0,0.1,22,1.87,0,38.0,10.2,0,0,1,0,0.027999999999999997
1,1,2.48,24,0.0,0,63.0,3.7,0,0,1,1,0.9966666666666666
1,0,1.97,14,0.0,0,46.9,5.4,0,0,1,1,0.9055
1,1,0.15,13,1.82,0,20.7,0.7,0,0,0,0,0.009285714285714284
1,0,0.82,19,0.0,0,4.5,0.3,0,0,1,1,1.0
1,0,1.06,12,0.91,0,26.7,4.2,0,0,0,0,0.11230952380952383
0,0,1.67,17,0.0,0,46.8,20.1,0,0,1,1,0.995
1,0,1.48,21,0.44,0,173.7,12.8,0,0,0,0,0.05333333333333333
1,1,0.89,15,0.0,0,46.0,1.2,0,0,1,1,0.9966666666666667
1,0,1.02,22,0.03,1,67.9,7.6,0,0,0,0,0.14032142857142857
0,0,0.73,17,,0,0.0,0.0,4,1,1,1,1.0
0,0,1.59,22,0.0,0,30.1,2.1,0,0,1,1,0.9985714285714287
0,0,1.04,0,0.0,0,0.0,0.0,1,0,1,1,1.0
0,0,2.03,0,,0,0.0,0.0,0,1,1,1,1.0
1,0,0.83,22,0.0,1,0.0,0.0,0,0,1,1,1.0
1,0,9.12,41,,0,101.0,6.9,0,1,1,0,0.3054841269841269
1,0,3.95,30,,0,16.3,2.0,0,1,1,1,0.9693333333333334
1,0,1.75,13,0.16,0,107.4,6.3,0,0,0,0,0.03735714285714286
1,0,0.73,20,0.0,0,27.9,3.7,0,0,1,1,0.9957142857142857
1,0,1.69,24,0.0,0,8.1,0.4,0,0,1,1,1.0
0,0,0.64,22,0.0,0,0.0,0.0,0,0,1,1,1.0
1,1,0.3,16,0.02,4,0.0,0.0,0,0,1,1,0.99
1,1,0.9,24,1.07,0,91.0,5.0,0,0,0,0,0.04311111111111111
1,1,0.86,28,1.36,3,48.5,2.4,0,0,0,0,0.07202380952380953
1,0,1.78,26,,0,28.8,2.7,0,1,1,1,0.9425
1,0,3.63,80,,0,169.6,12.3,0,1,1,0,0.43397619047619046
1,0,1.06,33,0.91,0,62.1,3.9,0,0,0,0,0.08304761904761904
1,0,1.22,9,0.0,0,9.0,0.3,0,0,1,1,1.0
1,1,2.23,19,,1,92.8,5.0,0,1,0,1,0.7383138528138526
1,0,3.39,26,0.0,2,34.9,3.6,0,0,1,1,1.0
0,0,4.1,10,,0,2.4,0.1,5,1,1,1,1.0
1,1,2.08,17,1.82,0,44.8,3.9,0,0,0,0,0.026999999999999996
1,0,7.68,21,0.44,0,47.8,2.9,0,0,0,0,0.029333333333333336
1,1,2.11,7,0.62,0,20.4,2.0,0,0,0,0,0.2738095238095238
0,0,1.32,0,,0,0.0,0.0,0,1,1,1,1.0
0,0,2.55,24,,1,4.0,0.9,0,1,1,1,0.9734166666666666
1,1,3.98,17,1.92,0,86.9,4.9,0,0,0,0,0.0375
1,1,5.33,21,,0,0.0,0.0,0,1,1,1,0.9954999999999999
0,0,0.98,22,0.0,0,0.0,0.0,0,0,1,1,1.0
1,0,0.0,0,0.0,0,0.2,0.0,0,0,1,1,1.0
1,1,0.24,15,1.73,0,42.9,3.7,0,0,0,0,0.057190476190476194
1,0,0.96,28,1.01,0,26.7,2.7,0,0,0,0,0.0908452380952381
1,0,2.93,12,0.99,0,5.5,0.2,0,0,0,0,0.031166666666666665
1,1,0.02,0,0.0,0,2.7,0.2,0,0,1,1,0.9983333333333334
0,0,7.82,8,,0,0.0,0.0,0,1,1,1,0.9793333333333333
1,1,2.02,5,0.38,1,3.4,0.2,0,0,0,0,0.44863095238095235
0,0,4.64,20,,0,9.9,0.5,0,1,1,1,0.9966666666666667
1,0,2.62,21,,0,35.0,2.0,0,1,1,1,0.9845
1,1,0.85,28,0.12,0,483.7,36.6,0,0,0,0,0.13422619047619047
1,1,2.83,15,1.1,0,18.8,2.0,0,0,0,0,0.052333333333333336
1,0,0.99,19,0.0,0,0.0,0.0,0,0,1,1,1.0
1,1,6.36,22,0.15,0,114.8,18.7,0,0,1,0,0.017333333333333333
1,0,2.69,28,,0,21.9,0.9,0,1,1,1,0.9221666666666667
1,0,2.07,21,,0,3.5,0.2,0,1,1,1,0.9975
1,1,0.08,13,1.89,0,53.7,2.7,0,0,0,0,0.022857142857142857
1,1,1.63,27,0.0,2,87.1,3.8,0,0,1,1,0.99
0,0,3.27,22,,0,0.0,0.0,0,1,1,1,1.0
1,0,3.25,21,0.0,1,27.3,2.2,0,0,1,1,0.9913095238095238
0,0,5.77,22,0.0,6,4.4,0.3,0,0,1,1,0.9136666666666666
1,0,7.03,19,0.66,0,9.3,0.5,0,0,0,0,0.2204047619047619
1,0,1.38,13,0.53,1,24.1,2.8,0,0,0,0,0.030333333333333337
1,1,6.97,28,1.39,0,243.7,27.2,0,0,0,0,0.1543253968253968
0,0,5.07,56,,0,12.8,2.1,0,1,1,1,0.7173214285714287
1,0,0.5,20,,0,0.0,0.0,0,1,1,1,1.0
1,0,3.07,12,0.88,0,18.2,2.0,0,0,0,0,0.013333333333333332
1,0,3.3,14,0.0,0,36.0,2.5,0,0,1,1,1.0
0,0,1.16,21,0.0,0,0.0,0.0,0,0,1,1,1.0
1,1,1.68,15,0.27,0,55.3,2.7,0,0,0,0,0.3062579365079364
1,1,3.48,14,,0,0.0,0.0,0,1,1,1,1.0
1,0,7.98,22,0.98,0,76.7,5.0,0,0,0,0,0.14502380952380953
1,1,2.39,16,1.82,1,35.4,1.7,0,0,0,0,0.024916666666666667
1,1,7.56,10,1.4,0,22.1,3.2,0,0,0,0,0.002857142857142857
1,1,0.5,16,1.48,0,65.0,1.9,2,0,0,0,0.16676190476190475
1,0,2.78,23,,0,39.1,10.7,0,1,1,1,0.8940952380952382
1,1,0.65,15,1.32,0,95.4,6.4,0,0,0,0,0.008
1,0,2.77,21,0.0,0,9.3,0.6,0,0,1,1,1.0
1,0,7.76,18,0.0,0,56.0,2.2,0,0,1,1,0.9949999999999999
1,0,0.87,14,1.1,0,47.0,2.1,0,0,0,0,0.014166666666666668
1,1,4.4,25,0.0,1,98.9,11.4,0,0,1,1,0.9508333333333334
1,0,1.2,14,0.78,0,85.4,3.2,0,0,0,0,0.006666666666666666
0,0,0.15,21,0.0,0,0.0,0.0,0,0,1,1,1.0
1,0,2.28,11,0.0,0,54.3,3.3,0,0,1,1,0.9552380952380952
1,1,0.02,0,1.96,0,,,0,0,0,0,0.0
0,0,0.08,24,1.9,1,68.6,2.5,0,0,0,0,0.0225
1,0,1.07,16,0.0,0,19.1,0.6,0,0,1,1,1.0
1,0,2.09,22,,0,13.4,0.8,0,1,1,1,0.99
1,1,5.71,11,1.68,0,43.3,1.8,3,0,0,0,0.11408333333333331
1,0,0.81,18,0.0,0,11.6,1.1,0,0,1,1,1.0
1,1,0.69,25,0.13,0,33.2,1.8,0,0,0,0,0.1724047619047619
0,0,0.01,0,,0,0.0,0.0,0,1,1,1,1.0
1,1,1.43,12,0.64,1,69.4,5.7,0,0,0,0,0.07530952380952381
0,0,1.99,24,,0,36.7,4.6,0,1,1,1,0.9541666666666666
0,0,0.53,0,0.0,1,0.0,0.0,5,0,1,1,1.0
1,0,1.12,14,0.85,0,34.8,2.9,0,0,0,0,0.0
0,0,1.05,21,0.0,0,0.0,0.0,0,0,1,1,1.0
1,0,2.0,20,,0,2.4,0.1,1,1,1,1,0.9644047619047619
1,0,3.43,19,0.0,0,6.1,0.7,0,0,1,1,1.0
0,0,0.68,18,0.0,0,0.1,0.0,0,0,1,1,1.0
1,1,6.24,19,1.77,1,7.7,0.6,0,0,0,0,0.024456349206349204
1,1,0.41,23,1.56,0,27.6,2.3,0,0,1,0,0.06583333333333333
0,0,1.45,13,,0,15.6,1.5,0,1,1,1,0.9833333333333333
0,0,1.11,19,,1,15.9,2.1,0,1,1,1,0.9963888888888889
1,1,0.79,28,1.43,0,190.6,10.6,0,0,0,0,0.05333333333333333
1,1,3.71,9,1.1,0,30.0,2.3,0,0,1,0,0.21526190476190477
1,0,1.1,14,0.0,0,38.4,2.9,0,0,1,1,1.0
1,0,6.56,21,,1,36.6,3.0,0,1,1,1,0.818138888888889
1,0,1.21,20,0.77,0,29.4,2.0,0,0,0,0,0.05216666666666667
1,1,7.87,25,0.26,1,87.5,11.8,0,0,0,0,0.025
0,0,1.48,27,,1,39.4,2.6,0,1,1,1,0.94825
1,1,3.64,12,0.31,0,3.5,0.2,0,0,0,0,0.024999999999999994
1,1,2.08,26,,0,32.7,0.9,0,1,1,1,0.7549999999999999
0,0,9.55,0,,0,0.0,0.0,0,1,1,1,1.0
1,0,2.41,26,0.46,0,26.8,2.5,0,0,0,0,0.19485714285714287
0,0,5.41,24,,13,21.6,3.0,0,1,1,1,0.8295714285714285
1,1,0.86,22,0.0,0,55.1,7.2,0,0,1,1,0.9925
1,1,0.17,15,1.8,0,67.5,0.9,0,0,0,0,0.01830952380952381
1,0,3.87,0,,0,0.0,0.0,0,1,1,1,1.0
1,0,1.92,20,,1,8.0,0.7,0,1,1,1,1.0
0,0,1.75,21,0.0,0,0.0,0.0,0,0,1,1,1.0
1,0,0.77,24,,0,13.3,1.6,0,1,1,1,0.9506666666666667
1,0,0.3,16,0.92,0,11.4,1.8,0,0,0,0,0.3047063492063492
1,1,1.12,19,0.86,0,181.0,14.2,0,0,1,0,0.295995670995671
1,1,4.22,16,0.0,0,18.5,0.8,0,0,1,1,0.9866666666666667
1,0,1.89,14,0.05,0,19.6,1.7,0,0,0,0,0.002
1,1,4.22,22,1.67,1,148.1,8.9,0,0,0,0,0.0779404761904762
1,1,2.59,7,1.62,0,44.9,8.5,0,0,0,0,0.2534285714285714
1,1,9.83,10,1.23,0,19.4,2.8,0,0,0,0,0.026000000000000002
1,1,0.94,21,0.0,0,90.4,6.7,0,0,1,1,0.9696666666666666
1,0,1.68,21,0.0,0,49.2,2.8,0,0,1,1,1.0
1,1,1.9,20,1.97,0,26.5,2.8,0,0,0,0,0.0825
1,1,2.08,22,,0,0.0,0.0,0,1,1,1,1.0
1,0,4.42,19,0.0,0,8.9,0.7,0,0,1,1,1.0
1,0,3.16,12,0.79,0,41.0,1.8,0,0,0,0,0.015
1,1,1.39,13,0.53,2,32.0,2.9,0,0,0,0,0.16159523809523807
1,1,4.32,18,1.6,0,61.0,3.8,0,0,0,0,0.12783333333333333
1,1,1.89,44,0.04,0,142.6,436.6,0,0,0,0,0.23707142857142854
0,0,0.0,0,,0,0.0,0.0,0,1,1,1,1.0
1,0,3.07,12,0.87,0,48.3,3.7,0,0,0,0,0.0
1,1,8.02,16,1.69,0,93.7,9.3,0,0,0,0,0.014999999999999998
0,0,2.01,12,,0,10.7,1.1,0,1,1,1,0.99
1,1,2.74,15,1.31,0,38.1,2.4,0,0,0,0,0.043250000000000004
1,1,2.48,15,1.43,0,105.6,8.3,0,0,0,0,0.035555555555555556
1,0,0.36,16,1.61,0,33.9,3.0,0,0,0,0,0.025166666666666667
1,0,5.45,22,1.01,0,86.5,5.2,0,0,0,0,0.013333333333333332
1,0,1.22,17,,0,12.3,0.6,0,1,1,1,0.9163730158730158
1,0,1.2,36,0.0,2,0.0,0.0,0,0,1,1,1.0
1,1,0.01,0,0.0,0,0.0,0.0,0,0,1,1,1.0
1,0,1.97,13,0.0,0,31.8,0.8,0,0,1,1,1.0
0,0,4.14,33,,0,30.0,0.9,0,1,1,1,0.681595238095238
0,0,0.5,32,0.48,0,124.5,7.0,6,0,0,0,0.156
0,0,3.15,0,,1,0.0,0.0,6,1,1,1,0.9940000000000001
1,1,0.84,32,1.13,0,76.8,5.4,0,0,0,0,0.15910714285714286
1,1,2.8,10,1.11,0,5.1,0.2,0,0,0,0,0.10255952380952381
1,1,3.65,15,1.36,1,23.1,1.6,0,0,0,0,0.06423809523809523
0,0,2.07,48,,0,57.6,10.8,0,1,1,1,0.8642911255411253
1,1,4.35,16,1.58,0,52.5,5.1,0,0,0,0,0.023333333333333334
0,0,2.57,13,,0,0.0,0.0,0,1,1,1,1.0
0,0,1.1,1,,0,0.0,0.0,0,1,1,1,1.0
1,0,2.08,14,1.35,0,95.6,4.8,0,0,1,0,0.24461904761904762
1,0,3.07,12,0.87,0,12.0,3.0,0,0,0,0,0.0
0,0,3.61,23,,0,2.2,0.3,0,1,1,1,0.9933333333333333
0,0,0.05,9,1.93,0,38.9,2.8,0,0,0,0,0.03916666666666667
1,0,2.98,12,0.96,0,25.5,1.4,0,0,0,0,0.0
0,0,0.88,0,,0,0.0,0.0,2,1,1,1,1.0
0,0,3.98,24,,1,14.0,1.3,0,1,1,1,0.9365000000000001
1,0,0.59,14,,0,0.0,0.0,0,1,1,1,1.0
1,1,1.44,22,,0,19.6,1.3,0,1,1,1,0.9840714285714287
1,1,1.28,0,,0,29.7,1.9,4,1,1,1,0.9629166666666668
0,0,2.33,22,,0,0.0,0.0,0,1,1,1,1.0
0,0,11.88,129,,0,125.8,9.2,0,1,1,0,0.3283571428571429
0,0,2.35,19,,0,12.6,1.2,0,1,1,1,1.0
1,0,0.02,5,0.0,0,0.0,0.0,0,0,1,1,1.0
1,0,0.66,14,1.32,0,137.1,9.3,0,0,0,0,0.032285714285714286
0,0,2.44,23,,1,11.0,0.6,0,1,1,1,0.9966666666666666
1,0,0.07,9,1.9,1,45.1,2.6,0,0,0,0,0.03
1,0,3.11,22,0.94,0,11.3,0.5,0,0,0,0,0.0016666666666666666
1,0,4.72,10,0.0,0,15.9,2.4,0,0,1,1,1.0
1,0,2.7,0,,0,1.1,0.2,4,1,1,1,1.0
0,0,0.46,31,1.51,0,116.5,6.3,0,0,0,0,0.12354761904761906
1,0,0.25,19,0.82,0,60.9,4.6,0,0,0,0,0.11738095238095239
1,0,1.26,22,0.71,0,50.1,8.5,0,0,0,0,0.0385
1,0,1.63,21,0.31,0,73.1,5.5,0,0,0,0,0.02
1,0,0.54,20,0.94,0,79.1,3.4,0,0,0,0,0.11861507936507937
1,1,0.35,25,1.62,0,114.9,7.3,1,0,0,0,0.034
0,0,2.65,17,0.0,0,6.0,0.4,0,0,1,1,1.0
1,0,1.84,13,0.1,0,56.8,3.5,0,0,0,0,0.014595238095238095
1,1,6.16,15,1.2,0,52.4,2.4,0,0,0,0,0.011000000000000001
1,0,1.32,24,0.0,0,34.2,5.2,0,0,1,1,0.998
1,0,1.94,14,0.0,0,42.3,11.6,0,0,0,0,0.464734126984127
1,0,5.54,20,,0,2.9,0.2,0,1,1,1,0.9938333333333332
1,1,0.01,0,1.96,0,,,0,0,0,0,0.0
1,0,0.32,21,0.0,1,0.0,0.0,0,0,1,1,1.0
1,1,0.0,0,1.97,0,,,0,0,0,0,0.0
0,0,2.17,12,,0,0.0,0.0,0,1,1,1,1.0
0,0,1.64,15,0.0,0,0.3,0.0,0,0,1,1,1.0
1,1,6.41,22,1.18,3,68.6,5.8,0,0,0,0,0.032595238095238094
1,0,3.02,34,1.14,0,84.8,6.1,0,0,1,0,0.07842063492063492
1,1,2.11,28,0.0,0,73.9,13.9,0,0,1,1,0.996
1,0,0.88,8,1.09,1,21.3,0.9,0,0,0,0,0.0785
1,0,1.98,24,,0,27.7,3.0,0,1,1,1,0.9688333333333332
0,0,0.48,19,0.0,0,0.0,0.0,0,0,1,1,1.0
0,0,1.38,0,0.0,0,0.0,0.0,0,0,1,1,1.0
1,0,0.0,0,0.0,0,0.0,0.0,0,0,1,1,1.0
1,0,6.41,22,1.2,0,58.7,6.6,0,0,0,0,0.02142857142857143
1,1,3.36,16,1.63,0,8.2,0.5,0,0,0,0,0.15754761904761908
1,0,6.91,21,0.47,1,13.1,1.8,0,0,0,0,0.028333333333333332
1,0,3.25,22,0.62,0,175.6,9.8,0,0,0,0,0.022023809523809525
1,1,4.99,24,1.14,0,20.7,1.0,0,0,1,0,0.05117857142857143
0,0,0.61,22,0.0,0,0.0,0.0,0,0,1,1,1.0
1,0,1.99,12,,0,42.5,2.8,0,1,1,1,0.8807142857142856
1,0,2.85,35,,1,22.7,1.3,0,1,1,1,0.9731666666666666
0,0,1.77,71,0.0,0,23.3,94.1,0,0,1,1,0.9546190476190475
0,0,2.03,20,,0,0.0,0.0,0,1,1,1,1.0
0,0,2.55,0,,0,0.0,0.0,0,1,1,1,1.0
1,0,1.82,33,,0,2.3,0.2,0,1,1,1,0.9802857142857142
1,0,2.71,0,,0,16.1,1.8,7,1,1,1,0.9865
1,1,0.08,18,1.89,0,24.1,1.3,0,0,0,0,0.01
1,0,1.89,14,0.05,0,9.0,0.3,0,0,0,0,0.06
1,0,3.42,20,,0,31.7,2.5,0,1,1,1,0.9937142857142857
1,1,0.46,13,1.59,0,52.5,4.6,0,0,0,0,0.09983333333333333
1,1,2.05,34,0.13,0,45.2,3.2,0,0,0,0,0.04616666666666667
1,0,4.12,17,0.0,0,118.1,8.3,0,0,1,1,0.99
1,0,0.48,0,1.49,0,0.0,0.0,5,0,1,1,0.9975
1,1,0.98,18,0.0,0,1.7,0.1,0,0,1,1,1.0
1,0,0.88,22,0.58,0,11.7,14.6,0,0,0,0,0.16137301587301586
0,0,1.78,36,,0,35.5,4.2,0,1,1,1,0.9406666666666667
1,1,3.38,11,,0,9.4,1.4,0,1,1,1,0.9568333333333332
0,0,0.61,24,,0,0.0,0.0,0,1,1,1,1.0
0,0,2.72,32,0.0,0,26.4,1.7,0,0,1,1,0.97
1,0,2.79,23,,0,3.0,0.2,0,1,1,1,1.0
1,1,1.47,12,0.51,1,28.6,2.7,0,0,0,0,0.07316666666666666
1,0,1.94,12,0.63,0,78.1,3.4,0,0,0,0,0.24398809523809523
1,0,1.05,21,,1,12.6,1.1,0,1,1,1,1.0
1,0,4.02,19,1.91,0,39.2,1.8,0,0,0,0,0.017833333333333333
1,0,2.54,0,1.25,0,0.0,0.0,5,0,1,1,0.99
1,0,0.85,41,0.0,0,19.8,2.1,0,0,1,1,0.99
1,0,4.88,13,0.17,0,29.6,1.6,0,0,0,0,0.11626190476190476
1,0,1.99,20,,0,0.0,0.0,0,1,1,1,1.0
1,1,5.96,32,0.0,1,62.1,10.8,0,0,1,1,0.8548333333333333
1,0,1.14,21,0.0,0,0.0,0.0,0,0,1,1,1.0
1,1,1.3,24,0.67,0,30.1,4.1,0,0,0,0,0.17066666666666666
1,0,2.26,14,1.68,0,60.0,2.7,0,0,1,0,0.26513492063492067
1,0,3.26,15,0.96,0,0.0,0.0,0,0,1,1,0.9396666666666667
0,0,0.94,23,0.0,0,0.7,0.1,0,0,1,1,1.0
1,0,0.97,14,1.01,0,43.9,11.4,0,0,0,0,0.02269047619047619
1,0,1.9,14,0.07,0,78.9,3.9,0,0,0,0,0.00125
1,1,0.76,22,0.0,0,11.5,0.5,0,0,1,1,1.0
1,0,1.05,23,,0,0.0,0.0,0,1,1,1,1.0
0,0,2.86,24,,0,9.9,0.8,0,1,1,1,1.0
0,0,1.22,16,0.0,0,51.6,2.9,0,0,1,1,1.0
0,0,4.85,24,,0,0.1,0.0,0,1,1,1,0.97875
1,0,0.63,0,0.0,0,26.9,1.2,2,0,1,1,1.0
1,0,7.73,20,0.0,0,51.9,6.2,0,0,1,1,0.98
1,1,1.42,7,0.55,0,75.7,4.0,0,0,0,0,0.12823809523809523
1,1,1.08,22,0.89,4,142.0,8.0,0,0,0,0,0.13315476190476191
1,0,4.77,26,,0,5.5,0.5,0,1,1,1,0.9430833333333334
1,0,1.21,16,0.0,0,117.4,9.2,0,0,1,1,1.0
1,0,1.73,13,,1,0.0,0.0,0,1,1,1,1.0
1,0,8.9,20,1.58,0,106.3,3.9,0,0,0,0,0.16400000000000003
1,1,0.91,22,1.06,0,6.3,0.4,0,0,0,0,0.12790476190476188
1,1,3.99,15,1.9,0,4.2,0.2,0,0,0,0,0.026666666666666665
1,0,0.5,13,1.01,0,183.6,7.6,0,0,0,0,0.14725000000000002
1,0,4.12,33,,0,15.3,1.2,0,1,1,1,0.7427380952380952
1,0,2.77,20,1.21,0,1.0,0.1,0,0,1,0,0.08402380952380954
1,0,2.94,12,1.15,0,69.3,10.6,0,0,0,0,0.09061904761904761
1,1,0.77,8,1.2,0,1.2,0.0,0,0,0,0,0.16182142857142856
1,1,4.34,10,,2,2.6,0.3,5,1,1,1,0.9793333333333334
1,1,5.09,21,1.96,0,19.8,2.9,0,0,0,0,0.025
0,0,1.68,20,,0,0.0,0.0,0,1,1,1,1.0
1,0,4.47,20,0.84,0,106.1,5.1,0,0,0,0,0.028333333333333335
1,1,1.07,20,0.9,1,27.8,6.6,0,0,0,0,0.10094047619047618
0,0,2.82,22,,0,44.0,3.6,0,1,1,1,0.8321190476190478
1,1,3.99,10,1.16,0,39.3,2.2,0,0,0,0,0.015
0,0,0.08,27,1.89,0,43.1,2.9,0,0,0,0,0.01
1,1,0.66,15,1.31,0,59.9,2.8,0,0,0,0,0.0
1,1,3.27,20,1.11,0,84.1,5.5,0,0,0,0,0.255676406926407
0,0,0.84,5,,0,0.0,0.0,0,1,1,1,1.0
1,0,0.8,14,0.0,0,2.7,0.1,0,0,1,1,1.0
1,1,0.77,22,1.21,0,84.5,2.5,0,0,0,0,0.06171428571428571
0,0,2.0,26,0.58,0,14.4,1.0,0,0,0,0,0.09483333333333334
1,1,1.77,12,1.71,0,19.4,3.4,0,0,0,0,0.09649999999999999
1,0,1.24,31,0.98,2,254.2,22.3,0,0,0,0,0.11029761904761905
1,1,8.24,21,0.48,0,16.5,2.1,0,0,0,0,0.037904761904761906
1,0,0.52,22,0.09,0,75.8,6.7,0,0,0,0,0.09870238095238097
1,1,5.32,12,0.0,0,83.5,3.8,0,0,1,1,0.9966666666666667
1,1,10.01,24,1.19,0,73.3,2.7,0,0,0,0,0.22609523809523815
1,0,0.03,0,1.94,0,5.1,0.3,0,0,0,0,0.007666666666666666
0,0,0.77,21,,0,0.0,0.0,0,1,1,1,1.0
1,0,1.83,13,0.11,1,79.7,4.4,0,0,0,0,0.07216666666666667
1,0,0.84,22,1.13,0,30.6,2.6,0,0,0,0,0.22589285714285712
1,1,7.48,21,0.3,0,26.4,3.0,0,0,0,0,0.025249999999999998
1,0,0.25,15,1.72,0,34.5,2.7,0,0,0,0,0.06242857142857143
1,0,2.75,22,1.13,0,49.8,2.4,0,0,0,0,0.08083333333333334
1,0,1.05,22,0.92,0,23.3,3.3,0,0,0,0,0.03333333333333333
1,0,1.29,3,0.0,0,0.0,0.0,0,0,1,1,1.0
1,0,0.81,21,0.0,0,0.0,0.0,0,0,1,1,1.0
1,0,2.32,19,,0,0.0,0.0,0,1,1,1,1.0
1,0,1.15,22,0.82,0,72.8,5.4,0,0,0,0,0.05669047619047619
1,1,1.98,0,,0,0.0,0.0,0,1,1,1,1.0
1,1,4.71,21,0.42,0,19.1,2.9,0,0,0,0,0.02775
0,0,5.65,24,,0,42.3,7.8,0,1,1,1,0.7409880952380951
0,0,2.02,23,,0,0.0,0.0,0,1,1,1,1.0
1,0,2.74,10,0.92,0,32.9,4.2,0,0,0,0,0.09922222222222223
1,0,0.48,10,0.0,0,5.3,0.4,0,0,1,1,1.0
1,0,1.09,0,0.0,0,6.2,0.4,0,0,1,1,1.0
1,0,2.0,11,,0,122.6,8.3,0,1,0,1,0.8422261904761905
1,1,5.24,40,,0,86.3,5.5,0,1,0,1,0.922
1,1,4.19,26,0.0,0,43.4,1.7,0,0,1,1,0.992
0,0,2.05,24,,1,26.0,1.9,0,1,1,1,0.993
1,1,2.99,25,0.0,1,71.8,6.8,0,0,1,1,0.9625
1,1,7.02,14,1.57,1,12.0,0.9,0,0,0,0,0.08852777777777777
1,0,1.98,0,,0,0.5,0.0,1,1,1,1,1.0
1,0,1.05,20,0.92,0,63.9,11.0,0,0,0,0,0.011666666666666665
0,0,0.0,0,0.0,0,0.0,0.0,0,0,1,1,1.0
1,1,5.79,59,0.33,0,154.6,7.8,0,0,0,0,0.06902380952380953
1,0,1.86,14,0.11,0,5.9,0.3,0,0,0,0,0.03166666666666666
1,1,1.58,110,0.4,1,138.0,8.6,0,0,1,0,0.3908095238095239
1,0,1.19,20,0.79,0,56.7,4.6,0,0,0,0,0.09949999999999999
1,0,1.66,19,0.0,0,0.0,0.0,0,0,1,1,1.0
0,0,0.25,23,0.0,0,52.2,18.0,0,0,1,1,0.995
1,0,4.37,0,,0,12.0,0.8,6,1,1,1,0.9899999999999999
1,0,3.74,14,0.0,0,15.6,0.6,0,0,1,1,1.0
1,1,0.61,15,1.36,0,8.3,0.2,0,0,0,0,0.1493095238095238
0,0,1.67,30,0.0,0,48.7,3.1,0,0,1,1,1.0
1,0,1.07,20,,0,15.9,0.5,0,1,1,1,0.9663333333333334
1,1,1.33,21,,0,0.0,0.0,0,1,1,1,1.0
1,1,0.89,14,1.08,1,159.1,7.0,0,0,0,0,0.3164166666666667
1,1,1.17,23,0.91,0,34.8,1.5,0,0,0,0,0.030773809523809526
0,0,0.09,32,1.88,2,115.1,13.6,0,0,0,0,0.015333333333333332
1,0,2.92,12,1.02,0,13.3,0.8,0,0,0,0,0.0
1,0,2.06,21,,0,4.4,0.2,0,1,1,1,1.0
1,0,4.12,18,1.51,0,78.5,3.1,0,0,1,0,0.45869047619047626
1,1,6.02,12,0.18,0,28.4,2.5,0,0,0,0,0.0125
1,1,0.25,14,0.0,1,59.2,9.5,0,0,1,1,1.0
1,0,1.04,9,0.0,0,10.5,0.5,0,0,1,1,0.99
1,0,1.48,21,0.0,0,17.4,2.7,0,0,1,1,1.0
1,0,1.12,14,0.85,0,43.3,1.7,0,0,0,0,0.031
1,0,0.55,5,0.0,1,50.8,4.1,0,0,1,1,1.0
1,0,0.77,19,0.0,1,60.7,4.4,0,0,1,1,1.0
1,0,1.98,14,,0,19.3,1.0,0,1,1,1,0.9870714285714286
1,0,1.06,14,0.92,0,97.0,8.8,0,0,0,0,0.008333333333333333
1,1,2.01,21,,1,0.0,0.0,0,1,1,1,1.0
1,0,1.66,21,0.32,0,84.8,2.9,0,0,0,0,0.06354761904761903
1,1,1.7,20,0.27,1,65.6,4.4,0,0,1,0,0.08469047619047618
1,0,2.9,12,1.02,0,37.9,1.3,0,0,0,0,0.0
1,1,1.36,21,,0,9.6,0.7,0,1,1,1,0.9975
1,1,4.74,10,1.14,0,39.5,2.7,0,0,0,0,0.0
1,1,0.78,9,0.0,0,0.0,0.0,0,0,1,1,1.0
1,0,4.83,21,,0,29.9,2.0,0,1,1,1,0.9523333333333333
1,0,4.02,11,,0,13.2,0.4,0,1,1,1,0.9082777777777777
1,1,7.55,22,0.62,0,50.3,3.3,0,0,0,0,0.07933333333333331
1,0,0.69,12,0.47,0,30.6,1.7,0,0,1,0,0.3006269841269841
1,1,0.75,15,0.57,0,32.8,2.0,0,0,0,0,0.21442857142857136
1,0,0.86,11,0.0,0,4.9,0.2,0,0,1,1,1.0
1,0,1.32,30,0.65,0,12.2,1.8,0,0,0,0,0.07726190476190477
1,0,1.19,22,,0,8.0,0.5,0,1,1,1,0.99
1,0,1.5,18,0.4,2,70.5,10.2,0,0,0,0,0.24292857142857144
1,0,6.64,26,,1,46.5,4.6,0,1,1,1,0.7308095238095238
0,0,0.01,7,0.0,0,0.4,0.0,0,0,1,1,1.0
1,0,4.73,10,,0,1.4,0.1,5,1,1,1,1.0
0,0,5.99,20,,0,48.4,6.5,0,1,1,1,0.6564404761904761
0,0,0.13,10,1.85,0,0.0,0.0,0,0,1,1,1.0
0,0,2.08,28,,0,89.6,3.0,0,1,1,1,0.7228809523809523
1,1,1.88,19,0.0,0,22.5,2.5,0,0,1,1,0.9925
1,1,0.4,21,0.87,1,120.0,13.1,0,0,0,0,0.0635952380952381
0,0,0.68,18,0.0,0,72.7,9.9,0,0,1,1,1.0
1,1,1.66,18,0.0,2,0.0,0.0,0,0,1,1,1.0
1,1,0.25,18,1.72,0,50.0,3.8,0,0,0,0,0.025333333333333336
1,0,0.87,40,,0,19.5,0.7,0,1,1,1,0.9279166666666667
0,0,1.02,21,,0,0.0,0.0,0,1,1,1,1.0
1,0,0.33,22,,0,2.9,0.3,0,1,1,1,1.0
1,0,2.41,27,,0,39.2,0.8,0,1,1,1,0.9080000000000001
1,0,0.21,18,1.76,0,27.7,1.6,0,0,0,0,0.0
0,0,2.1,28,,0,30.4,3.8,0,1,0,1,0.9731428571428572
1,0,2.61,21,,1,1.6,0.2,0,1,1,1,0.9990000000000001
1,0,1.11,20,0.87,0,13.8,2.0,0,0,0,0,0.0435974025974026
1,1,1.16,21,1.5,2,0.0,0.0,0,0,1,1,0.9893333333333334
1,1,1.28,30,0.69,0,44.5,2.9,0,0,0,0,0.12266666666666666
1,0,0.01,0,0.0,0,0.0,0.0,0,0,1,1,1.0
1,1,1.01,19,1.02,1,77.1,6.5,0,0,0,0,0.28280952380952384
1,0,1.53,23,0.45,0,0.0,0.0,0,0,1,1,0.9875
1,0,0.16,22,0.0,0,14.6,0.5,0,0,1,1,1.0
1,1,4.39,19,1.95,0,164.7,8.3,0,0,0,0,0.04
0,0,0.15,18,1.82,0,16.4,4.0,0,0,1,0,0.34232683982683987
1,0,2.11,19,,0,8.1,0.7,0,1,1,1,0.9713095238095238
1,1,2.72,15,1.2,0,165.3,8.0,0,0,0,0,0.1879047619047619
0,0,0.98,18,0.0,0,7.6,0.5,0,0,1,1,1.0
1,0,0.01,0,0.0,0,0.0,0.0,0,0,1,1,1.0
1,0,3.08,18,0.0,0,22.8,6.2,0,0,1,1,0.988
1,1,5.37,19,1.82,0,37.0,4.3,0,0,0,0,0.040999999999999995
0,0,4.14,13,,0,0.0,0.0,0,1,1,1,0.99
0,0,3.13,14,,0,0.0,0.0,0,1,1,1,1.0
1,1,4.26,14,1.66,0,50.0,2.4,0,0,0,0,0.11238888888888889
1,1,4.61,7,0.0,0,17.7,3.0,0,0,1,1,0.9861428571428571
1,0,1.57,16,0.0,0,0.0,0.0,0,0,1,1,1.0
1,0,1.36,13,0.61,0,8.6,1.6,0,0,0,0,0.08219047619047622
1,1,1.33,12,0.0,0,53.9,3.8,0,0,1,1,1.0
1,0,0.81,33,,0,56.2,2.1,0,1,1,1,0.7915833333333333
1,0,0.41,22,1.57,0,33.0,2.3,0,0,0,0,0.028333333333333332
0,0,4.36,21,,0,13.1,2.0,0,1,1,1,0.9933333333333333
1,0,6.1,22,1.01,1,187.7,20.7,0,0,0,0,0.046507936507936505
1,0,3.64,20,0.42,1,85.9,8.8,0,0,0,0,0.13530952380952382
0,0,4.78,24,,0,55.2,1.9,0,1,0,1,0.8334761904761906
0,0,2.53,17,,0,0.0,0.0,0,1,1,1,1.0
1,0,0.2,0,2.02,0,27.8,8.1,0,0,0,0,0.04747619047619048
1,0,2.98,10,0.95,0,125.8,6.3,0,0,0,0,0.05683333333333333
1,0,4.91,15,,0,2.9,0.1,4,1,1,1,0.9092380952380953
1,1,1.99,13,0.0,1,53.4,6.3,0,0,1,1,0.9875
0,0,0.07,18,1.9,0,22.5,0.5,0,0,0,0,0.0074285714285714285
1,0,0.44,23,1.53,0,15.3,1.3,0,0,0,0,0.1034047619047619
1,1,1.61,0,0.0,0,5.8,0.4,0,0,1,1,1.0
1,0,6.2,21,0.27,1,79.0,5.3,0,0,0,0,0.0
1,0,2.34,30,,2,76.6,6.8,0,1,0,1,0.8109722222222221
1,0,5.7,19,,0,46.4,2.9,0,1,1,1,0.8638095238095238
1,0,0.19,0,0.0,0,0.0,0.0,0,0,1,1,1.0
0,0,0.26,20,,0,8.5,0.6,0,1,1,1,0.9420595238095238
1,1,2.82,22,1.3,0,131.5,5.6,0,0,0,0,0.13116666666666668
0,0,2.67,20,,0,49.3,3.3,0,1,1,1,0.9491666666666666
1,1,1.23,30,0.74,0,129.3,13.3,0,0,0,0,0.10283333333333333
1,0,1.53,17,0.0,0,21.9,0.9,0,0,1,1,1.0
1,1,3.49,36,0.61,0,297.4,20.4,0,0,0,0,0.11316666666666667
0,0,0.7,0,1.27,0,0.0,0.0,2,0,1,1,1.0
0,0,1.87,55,,0,198.8,11.4,2,1,0,1,0.7624285714285715
1,0,0.16,21,1.81,0,44.8,4.0,0,0,0,0,0.0
1,0,1.25,18,0.0,0,5.8,0.5,0,0,1,1,1.0
1,1,6.12,20,0.0,0,193.9,25.5,0,0,1,1,0.9316666666666668
1,1,4.53,10,,0,0.0,0.0,0,1,1,1,1.0
0,0,0.16,29,1.81,0,74.7,1.9,0,0,0,0,0.09583333333333334
1,0,3.08,13,0.0,1,24.8,0.7,0,0,1,1,1.0
1,0,0.96,26,,0,79.2,3.7,0,1,1,1,0.9131547619047619
1,0,2.01,19,,0,40.5,5.3,0,1,1,1,0.903690476190476
1,0,5.68,24,,0,21.0,1.4,0,1,1,1,0.6436746031746032
0,0,8.06,20,,0,23.4,1.9,0,1,1,1,0.7036190476190476
1,0,6.24,22,0.09,0,16.6,1.8,0,0,0,0,0.003333333333333333
0,0,1.3,20,0.0,1,0.0,0.0,0,0,1,1,1.0
1,0,0.02,0,1.95,0,,,0,0,0,0,0.0
0,0,0.36,23,,0,15.8,1.5,0,1,0,1,0.9766666666666666
1,0,1.08,14,0.89,0,23.0,2.9,0,0,0,0,0.005
0,0,0.34,0,0.0,0,0.0,0.0,3,0,1,1,1.0
0,0,3.03,0,,0,0.0,0.0,6,1,1,1,1.0
1,0,1.98,30,,0,16.4,0.8,0,1,1,1,1.0
0,0,2.04,0,,0,0.0,0.0,0,1,1,1,1.0
1,1,0.77,15,1.21,0,53.3,4.4,0,0,0,0,0.01
1,1,7.25,0,,0,0.0,0.0,0,1,1,1,1.0
1,0,0.88,13,0.0,0,163.9,6.9,0,0,1,1,1.0
1,1,1.4,30,,0,62.3,20.1,0,1,1,1,0.8938571428571429
1,0,0.15,13,1.82,0,0.0,0.0,0,0,1,1,0.9667619047619048
1,0,1.48,15,0.5,0,29.4,1.2,0,0,1,0,0.2732936507936508
1,1,0.13,7,1.87,0,24.7,0.8,0,0,0,0,0.10485714285714286
1,0,0.85,24,,1,18.3,5.3,0,1,1,1,0.8893333333333334
1,1,2.89,21,,0,5.9,0.4,0,1,1,1,1.0
1,1,1.06,9,0.91,0,0.0,0.0,0,0,1,1,1.0
0,0,2.33,24,,0,5.2,1.5,0,1,1,1,0.995
1,1,0.42,22,1.56,0,35.1,5.8,0,0,0,0,0.11083333333333334
1,0,0.64,12,1.1,0,104.9,6.8,0,0,0,0,0.044833333333333336
1,0,0.49,23,0.0,3,33.2,1.3,0,0,1,1,1.0
1,1,2.52,15,1.39,0,6.3,0.3,0,0,0,0,0.09483333333333334
0,0,8.45,25,0.21,0,2.3,0.2,0,0,0,0,0.10376190476190476
1,1,2.17,16,1.76,2,56.8,3.7,0,0,0,0,0.03642857142857143
1,0,1.18,103,0.79,2,35.5,7.5,0,0,0,0,0.26398809523809524
1,0,2.01,26,,0,88.4,9.8,0,1,1,1,0.9676666666666667
1,0,2.05,16,0.43,0,24.9,1.4,0,0,0,0,0.3996269841269841
1,0,2.89,22,0.5,0,65.6,3.7,0,0,0,0,0.1628809523809524
1,0,1.42,20,0.0,0,11.1,0.8,0,0,1,1,1.0
1,0,0.42,11,0.0,0,84.6,4.2,0,0,1,1,1.0
1,1,3.58,25,1.96,0,23.5,2.3,0,0,0,0,0.029833333333333333
0,0,1.71,22,0.0,0,0.0,0.0,0,0,1,1,1.0
0,0,2.24,22,,0,0.0,0.0,0,1,1,1,1.0
1,0,3.64,22,0.0,1,34.8,3.6,0,0,1,1,1.0
0,0,3.28,22,,1,54.2,2.1,0,1,1,1,0.8778809523809522
1,0,1.1,8,0.87,0,28.8,5.2,0,0,1,0,0.1989761904761905
0,0,2.04,34,,0,326.1,73.3,0,1,1,1,0.6360714285714284
0,0,0.14,25,1.83,1,26.9,7.2,0,0,0,0,0.02208333333333333
1,0,2.42,26,0.0,0,4.8,0.3,0,0,1,1,0.9966666666666667
1,1,6.23,21,0.27,0,10.6,2.6,0,0,0,0,0.01
1,1,2.13,13,1.75,0,38.3,2.2,0,0,1,0,0.4254126984126985
1,0,3.32,24,,0,3.9,0.3,0,1,1,1,0.9733333333333333
1,0,6.8,21,0.22,0,94.0,6.5,0,0,0,0,0.012
0,0,2.02,20,,0,0.0,0.0,0,1,1,1,1.0
1,1,3.86,16,1.55,0,38.2,4.4,0,0,1,0,0.11995238095238095
1,0,0.62,38,0.66,0,102.2,4.4,0,0,0,0,0.1506825396825397
1,0,2.08,11,0.0,0,55.0,2.5,0,0,1,1,0.9498809523809524
1,0,3.12,49,,0,59.1,3.3,0,1,0,1,0.8764444444444445
1,0,3.9,35,0.0,0,222.2,14.8,0,0,1,1,0.9709404761904762
1,0,4.12,23,,0,92.0,3.9,0,1,1,1,0.8206825396825396
1,0,0.33,27,0.95,0,66.6,1.5,0,0,0,0,0.11402380952380954
1,0,2.65,10,,1,2.7,0.2,6,1,1,1,1.0
1,0,2.56,12,0.0,4,7.1,0.3,0,0,1,1,0.99
1,0,1.88,14,0.09,0,115.4,10.9,0,0,0,0,0.0045000000000000005
1,0,5.18,24,,0,28.2,2.5,0,1,0,1,0.5050079365079366
1,0,1.09,39,0.0,0,0.0,0.0,0,0,1,1,1.0
1,0,0.71,17,0.0,0,0.0,0.0,0,0,1,1,1.0
1,1,0.83,15,0.52,0,108.4,5.0,0,0,0,0,0.27286904761904757
1,0,0.56,20,1.41,0,0.6,0.1,0,0,0,0,0.13741269841269838
1,1,1.0,27,0.0,0,49.9,2.9,0,0,1,1,1.0
1,0,2.26,23,,0,5.7,0.6,0,1,1,1,0.9866666666666666
0,0,0.06,9,0.02,0,0.0,0.0,0,0,1,1,1.0
1,1,3.15,23,,0,11.1,2.4,0,1,1,1,0.9906666666666668
0,0,1.46,21,0.0,1,0.0,0.0,0,0,1,1,1.0
0,0,3.45,17,0.0,0,7.3,0.7,0,0,1,1,1.0
1,0,0.42,23,0.0,1,27.4,1.7,0,0,1,1,0.99
1,1,1.77,21,0.0,0,0.0,0.0,0,0,1,1,1.0
1,1,0.12,7,0.21,0,19.0,0.5,0,0,0,0,0.2308690476190476
1,1,1.0,22,0.98,0,65.4,21.1,0,0,0,0,0.04185714285714285
1,0,0.44,12,0.0,0,34.2,2.2,0,0,1,1,1.0
0,0,3.41,29,1.52,0,96.4,4.8,0,0,0,0,0.10621428571428572
0,0,1.99,32,,0,98.6,6.2,0,1,1,1,0.8372499999999999
1,0,1.83,30,0.0,0,0.9,0.1,0,0,1,1,1.0
1,0,5.71,21,1.68,0,47.9,5.8,0,0,0,0,0.017833333333333333
1,0,8.05,0,,0,0.0,0.0,0,1,1,1,1.0
1,1,0.74,33,1.24,0,17.3,3.8,0,0,0,0,0.051035714285714275
1,0,2.76,21,0.36,0,70.1,3.0,0,0,0,0,0.06666666666666667
1,0,1.04,14,0.93,0,48.4,2.7,0,0,0,0,0.0077777777777777776
1,0,1.27,9,0.0,0,26.9,1.3,0,0,1,1,1.0
1,0,2.11,24,,1,13.1,0.7,0,1,1,1,1.0
1,0,3.87,24,,0,10.0,0.7,0,1,1,1,0.96
1,1,1.78,20,,0,9.8,0.8,0,1,1,1,0.9315000000000001
1,0,6.2,17,,0,13.5,0.8,0,1,1,1,0.973
1,1,2.22,28,,1,117.5,10.2,0,1,1,1,0.7762857142857144
1,0,1.44,0,,0,0.0,0.0,0,1,1,1,1.0
1,0,1.04,18,0.0,0,0.0,0.0,0,0,1,1,1.0
1,0,2.47,21,,0,2.9,0.2,0,1,1,1,0.9819047619047621
1,0,6.5,22,0.95,0,5.1,0.5,0,0,0,0,0.019444444444444445
1,1,7.33,12,0.46,0,131.1,9.6,0,0,0,0,0.031123015873015872
0,0,0.32,15,0.0,0,0.0,0.0,0,0,1,1,1.0
0,0,0.91,46,0.0,0,68.5,7.8,0,0,1,1,1.0
1,0,2.52,25,0.4,0,136.5,7.9,0,0,0,0,0.065
1,1,0.04,0,0.56,0,,,0,0,0,0,0.04366666666666667
1,1,2.1,0,0.8,0,0.0,0.0,6,0,1,1,1.0
1,1,6.6,22,0.0,1,67.2,4.0,0,0,1,1,0.95325
1,0,1.67,14,0.0,1,4.3,0.5,0,0,1,1,0.99
1,0,1.98,25,,0,19.8,1.1,0,1,1,1,1.0
1,1,4.99,3,0.06,0,25.3,2.3,0,0,1,1,0.9174523809523809
1,1,0.82,19,0.0,0,1.9,0.1,0,0,1,1,1.0
1,0,0.9,22,0.0,0,13.4,0.9,0,0,1,1,1.0
1,1,3.12,15,1.18,0,119.4,5.6,0,0,0,0,0.07738095238095238
1,0,0.78,26,0.0,0,19.6,1.4,0,0,1,1,1.0
0,0,1.63,0,,0,0.0,0.0,4,1,1,1,1.0
1,1,5.67,24,1.25,0,107.2,9.1,0,0,0,0,0.055999999999999994
0,0,0.99,22,,0,13.5,1.4,0,1,1,1,0.99
1,0,3.78,18,0.0,1,48.5,2.0,0,0,1,1,1.0
1,1,3.67,22,1.25,0,142.6,20.2,0,0,0,0,0.05704761904761904
0,0,1.44,0,0.0,0,0.0,0.0,0,0,1,1,1.0
1,0,0.76,32,1.21,0,69.6,11.3,0,0,1,0,0.2698412698412698
1,0,1.57,16,0.0,1,69.7,2.4,0,0,1,1,0.9933333333333334
1,1,3.25,22,0.81,1,33.9,3.5,0,0,0,0,0.08738095238095238
0,0,0.07,11,,0,0.0,0.0,0,1,1,1,1.0
1,0,2.34,10,0.0,1,28.3,5.0,0,0,1,1,0.9711904761904762
1,1,1.04,28,1.18,0,112.7,4.4,0,0,0,0,0.04083333333333334
1,1,1.02,24,0.95,0,80.0,4.8,0,0,0,0,0.08166666666666667
0,0,6.28,9,,0,0.0,0.0,0,1,1,1,1.0
0,0,1.7,16,0.0,0,0.0,0.0,0,0,1,1,1.0
1,1,3.9,34,0.28,0,26.4,1.2,0,0,0,0,0.04186507936507937
0,0,1.66,21,0.0,0,10.4,1.1,0,0,1,1,1.0
1,1,2.31,0,,0,0.0,0.0,6,1,1,1,1.0
1,1,2.93,22,0.95,0,45.3,1.3,0,0,0,0,0.08119047619047619
1,1,0.5,24,1.47,0,51.5,2.7,0,0,0,0,0.09594444444444443
0,0,0.48,0,0.0,1,21.5,4.4,1,0,1,1,0.99
1,0,3.7,13,,2,10.4,0.7,0,1,1,1,0.9779761904761903
1,0,8.69,8,1.07,0,2.2,0.2,0,0,0,0,0.10441666666666666
1,1,0.3,19,1.68,0,19.4,3.4,0,0,0,0,0.007833333333333333
1,0,3.43,24,,0,10.9,1.2,0,1,1,1,0.9357777777777778
1,0,1.93,14,0.04,0,56.2,4.5,0,0,0,0,0.013611111111111109
1,1,3.33,18,1.57,0,73.7,4.0,0,0,0,0,0.12583333333333332
1,0,0.35,9,0.0,2,8.8,1.6,0,0,1,1,0.9983333333333334
1,1,0.9,22,1.08,0,79.3,3.5,0,0,0,0,0.14441666666666667
1,0,1.36,20,0.0,2,43.0,2.0,0,0,1,1,1.0
1,1,1.98,20,0.0,1,36.8,5.0,0,0,1,1,0.9396666666666667
1,1,0.16,10,1.82,0,24.0,2.1,0,0,0,0,0.24994444444444444
1,0,6.27,20,1.05,1,42.0,11.1,0,0,0,0,0.023095238095238092
1,0,1.56,20,1.58,0,44.8,4.2,0,0,0,0,0.07133333333333335
1,0,4.84,12,1.05,0,60.3,4.9,0,0,0,0,0.021666666666666664
1,0,1.31,14,0.0,0,6.8,0.8,0,0,1,1,1.0
1,1,6.93,23,,0,52.6,3.5,0,1,1,0,0.4798571428571429
1,0,3.38,22,,0,5.7,0.3,0,1,1,1,0.9758333333333333
1,1,5.91,25,0.13,0,89.0,5.4,0,0,0,0,0.002
1,1,0.27,14,,1,31.0,3.9,0,1,0,1,0.6976666666666667
1,1,1.02,20,0.95,0,44.6,3.6,0,0,0,0,0.24735714285714291
1,1,3.25,14,0.67,0,42.4,1.5,0,0,1,1,0.5419523809523809
0,0,8.44,32,,0,26.5,1.7,0,1,1,1,0.6289880952380953
1,1,6.1,13,1.92,0,19.1,1.2,0,0,0,0,0.11899999999999998
0,0,1.23,21,0.0,0,4.1,0.6,0,0,1,1,1.0
1,0,4.05,24,,0,18.3,1.3,0,1,1,1,0.7782857142857142
1,0,3.3,20,,0,5.1,0.4,0,1,1,1,1.0
0,0,4.1,13,,0,0.0,0.0,0,1,1,1,1.0
1,0,0.25,17,1.73,0,37.8,3.0,0,0,0,0,0.030833333333333334
1,0,1.17,14,0.8,0,53.4,5.9,0,0,0,0,0.06811111111111111
1,0,2.39,16,1.73,0,45.7,4.0,0,0,0,0,0.10764285714285714
1,0,1.21,14,0.76,0,49.1,3.5,0,0,0,0,0.003928571428571429
1,0,0.15,17,1.82,0,71.9,3.1,0,0,0,0,0.0016666666666666666
1,0,0.5,32,2.46,0,33.0,1.5,0,0,0,0,0.1707777777777778
1,0,2.41,24,,0,16.8,2.6,0,1,1,1,0.9555
1,0,4.42,15,0.0,0,4.6,0.2,0,0,1,1,0.995
0,0,1.79,10,0.0,0,4.2,0.4,7,0,1,1,1.0
1,1,2.64,25,0.0,0,66.6,5.4,0,0,1,1,0.995
1,0,1.33,13,0.64,0,34.5,4.4,0,0,0,0,0.10403571428571429
1,1,1.7,12,0.28,0,57.6,3.2,0,0,0,0,0.025333333333333333
0,0,0.84,0,,0,0.0,0.0,1,1,1,1,1.0
1,0,1.02,27,0.96,0,63.6,7.7,0,0,0,0,0.11953571428571427
0,0,3.7,24,,0,13.1,1.4,0,1,1,1,0.9811904761904761
1,0,1.42,20,0.95,0,18.4,0.6,0,0,1,0,0.08076190476190476
1,0,2.08,11,0.0,0,88.0,11.6,0,0,1,1,0.9770238095238095
0,0,2.79,0,,0,8.2,0.8,7,1,1,1,0.986
1,0,1.55,29,0.0,2,74.9,4.5,0,0,1,1,1.0
1,1,1.94,31,,0,18.7,2.1,0,1,1,1,0.97
1,0,1.32,89,,5,0.0,0.0,0,1,1,1,0.995
1,1,2.46,18,1.48,0,73.2,5.9,0,0,0,0,0.39438095238095244
1,1,2.13,7,1.8,0,51.0,10.0,0,0,0,0,0.10609523809523809
1,1,0.89,35,0.0,0,25.5,1.1,0,0,1,1,0.985
1,0,2.72,23,0.0,0,141.3,8.5,0,0,1,1,0.985
1,1,1.38,37,0.53,0,183.9,12.7,0,0,0,0,0.04083333333333333
1,0,0.88,14,1.09,0,18.0,0.9,0,0,0,0,0.0
0,0,3.03,17,0.0,0,7.5,0.6,0,0,1,1,1.0
1,0,3.17,26,0.36,0,20.6,1.0,0,0,0,0,0.052222222222222225
0,0,4.13,22,,0,34.0,2.7,0,1,1,1,0.9001944444444443
0,0,0.28,20,,0,109.8,11.5,0,1,1,1,0.7492738095238096
1,1,6.15,7,0.2,0,29.6,3.7,0,0,0,0,0.4560811965811966
1,0,2.45,24,,0,36.5,3.6,0,1,1,1,0.683170634920635
1,0,6.37,20,,0,74.3,7.3,0,1,1,0,0.4950238095238096
1,1,0.99,19,1.23,0,0.0,0.0,0,0,1,1,1.0
1,0,0.33,18,1.64,1,43.0,3.5,0,0,0,0,0.02617857142857143
1,0,5.95,22,1.09,0,34.9,2.3,0,0,0,0,0.0
1,0,2.0,12,,0,42.9,6.3,0,1,1,1,0.6925833333333336
1,0,0.46,14,,0,33.1,2.7,0,1,0,1,0.8492142857142858
1,0,5.89,22,1.03,1,61.2,5.0,0,0,0,0,0.010666666666666666
1,0,6.52,21,,0,10.0,0.9,0,1,1,1,0.9106388888888888
1,1,5.09,10,1.16,0,30.3,2.6,0,0,0,0,0.005833333333333333
1,1,2.18,15,1.38,0,49.6,2.7,0,0,0,0,0.15504761904761907
0,0,3.68,21,,0,0.0,0.0,0,1,1,1,1.0
1,1,0.16,54,,0,53.1,4.3,0,1,1,0,0.33627380952380953
1,1,3.52,14,,0,13.3,1.1,0,1,1,1,0.9267857142857143
1,0,6.24,7,1.76,0,10.3,1.0,2,0,0,0,0.13726190476190478
1,0,0.38,0,,1,3.3,0.4,5,1,1,1,1.0
1,0,2.47,33,,0,19.1,2.0,0,1,1,1,0.9091666666666667
1,0,3.89,22,0.05,0,137.4,8.9,0,0,0,0,0.006666666666666666
1,0,0.68,41,1.29,0,123.2,7.7,0,0,0,0,0.15305050505050502
1,0,1.75,13,0.17,0,73.8,7.0,0,0,0,0,0.03716666666666667
1,1,6.43,20,0.38,0,79.7,6.4,0,0,0,0,0.020499999999999997
0,0,2.1,36,,0,339.4,66.3,0,1,1,1,0.5951071428571427
1,0,0.59,17,1.56,2,18.3,1.7,0,0,1,0,0.3270515873015873
1,0,2.43,18,1.65,0,20.5,1.4,0,0,0,0,0.29616666666666663
1,0,1.24,2,0.01,0,19.1,2.3,0,0,1,1,0.8186666666666668
1,0,1.11,20,0.86,0,40.2,3.2,0,0,0,0,0.02
1,0,0.34,13,0.8,0,40.8,3.1,0,0,0,0,0.24533333333333338
0,0,1.29,0,0.0,0,0.0,0.0,1,0,1,1,1.0
1,0,4.03,23,0.0,0,73.3,5.1,0,0,1,1,0.9775476190476189
1,1,2.67,15,1.25,0,139.6,7.1,0,0,0,0,0.023500000000000007
1,0,2.38,22,,0,0.0,0.0,0,1,1,1,1.0
1,0,0.93,13,0.0,0,28.7,1.1,0,0,1,1,1.0
0,0,1.98,0,,0,0.0,0.0,0,1,1,1,1.0
0,0,3.2,20,,0,7.0,0.4,0,1,1,1,0.995
1,1,1.96,50,0.19,2,74.8,54.2,0,0,0,0,0.10669191919191919
1,0,3.19,7,0.0,0,7.0,0.6,0,0,1,1,0.9933333333333334
1,1,0.1,14,1.87,0,39.6,1.8,0,0,0,0,0.003333333333333333
1,1,4.07,15,0.0,0,72.3,9.0,0,0,1,1,0.988
0,0,2.06,25,,0,167.7,26.6,0,1,1,1,0.6789642857142856
1,0,1.98,18,,0,0.0,0.0,3,1,1,1,1.0
1,0,0.38,51,1.76,0,241.0,9.3,0,0,0,0,0.15657142857142858
0,0,0.81,17,,0,0.0,0.0,0,1,1,1,1.0
1,0,1.02,14,0.95,0,188.7,9.4,0,0,0,0,0.0
1,0,4.43,32,,0,21.5,2.4,0,1,1,1,0.9179999999999999
1,1,4.44,11,0.0,0,17.1,1.0,0,0,1,1,0.99
1,1,6.13,10,1.25,0,103.7,11.0,0,0,0,0,0.002857142857142857
1,0,1.07,21,0.0,1,0.0,0.0,0,0,1,1,1.0
1,0,1.76,14,0.0,0,26.7,2.2,0,0,1,1,1.0
1,0,0.89,39,1.08,1,63.0,15.1,0,0,0,0,0.17863492063492065
0,0,6.04,9,,0,5.1,0.5,5,1,1,1,0.9065833333333333
1,1,2.01,13,,0,0.0,0.0,0,1,1,1,1.0
1,0,1.01,53,,0,34.9,2.3,0,1,1,1,0.904
1,1,2.19,0,0.0,1,0.0,0.0,7,0,1,1,1.0
1,0,2.09,20,,0,14.7,0.7,0,1,1,1,0.9644285714285714
0,0,0.0,0,,0,0.0,0.0,0,1,1,1,1.0
1,0,2.58,22,,0,4.6,0.3,0,1,1,1,0.995
1,1,3.54,15,1.36,0,31.5,6.8,0,0,0,0,0.020166666666666666
1,1,6.49,22,0.08,0,176.3,13.1,0,0,0,0,0.03833333333333333
0,0,3.64,24,,0,4.6,1.7,0,1,1,1,0.9894047619047619
1,0,2.27,19,,0,13.0,0.9,6,1,1,1,1.0
1,1,2.04,14,0.0,0,41.9,5.5,0,0,1,1,0.9713333333333334
1,0,0.56,0,,1,2.3,0.1,0,1,1,1,0.9966666666666667
1,0,1.39,20,,0,49.6,1.4,0,1,1,1,0.9146428571428571
1,1,4.52,23,,0,28.5,4.1,0,1,1,1,0.9108888888888887
1,1,5.92,10,1.1,0,106.9,11.6,0,0,0,0,0.00375
1,0,2.88,12,1.09,0,24.3,4.8,0,0,0,0,0.0
1,0,3.01,12,0.93,0,53.6,2.5,0,0,0,0,0.0
0,0,2.1,22,,0,75.4,5.6,0,1,1,1,0.8407142857142857
1,0,5.27,20,0.41,0,1.7,0.9,0,0,0,0,0.12364285714285714
1,0,0.13,11,,0,0.1,0.0,0,1,1,1,0.9963888888888889
0,0,0.47,31,1.51,0,20.7,1.1,0,0,0,0,0.13551190476190478
0,0,1.9,20,,0,4.8,2.2,0,1,1,1,0.9766666666666666
1,0,4.2,17,1.72,0,43.9,3.3,0,0,0,0,0.0476984126984127
0,0,1.27,17,0.0,0,9.4,0.9,0,0,1,1,1.0
1,1,3.65,10,,0,2.5,0.2,6,1,1,1,0.9726666666666667
1,1,1.64,20,0.49,0,23.0,2.9,0,0,0,0,0.3208571428571429
0,0,2.79,14,,0,0.0,0.0,1,1,1,1,0.9925
1,0,1.38,23,0.0,0,2.9,0.3,0,0,1,1,1.0
1,0,1.94,14,0.04,0,201.2,13.5,0,0,0,0,0.025444444444444447
0,0,0.68,24,0.0,0,0.0,0.0,0,0,1,1,1.0
1,0,1.41,13,0.56,0,16.7,0.7,0,0,0,0,0.08989285714285714
1,1,1.98,0,,0,0.0,0.0,0,1,1,1,1.0
1,0,2.42,20,,0,5.1,0.6,0,1,0,1,0.988
1,0,0.62,8,1.35,0,6.4,0.3,0,0,0,0,0.04238095238095238
1,1,0.94,22,1.04,0,51.0,1.5,0,0,0,0,0.08841666666666667
1,0,0.95,14,1.02,0,14.4,0.6,0,0,0,0,0.015
1,0,7.88,26,0.0,0,49.8,1.8,0,0,1,1,0.993
1,0,1.36,13,0.55,0,123.9,3.7,0,0,0,0,0.025333333333333333
1,1,0.7,15,1.28,0,44.8,2.8,0,0,0,0,0.003333333333333333
1,0,0.3,18,0.08,0,52.7,5.1,0,0,0,0,0.13161111111111112
1,0,6.31,12,0.98,0,28.7,5.2,0,0,0,0,0.006666666666666666
1,1,3.87,20,0.08,2,56.3,2.2,0,0,0,0,0.0275
1,1,2.72,53,1.2,0,43.3,1.9,0,0,0,0,0.19340079365079368
1,1,2.18,33,,0,73.2,4.4,0,1,0,1,0.6474523809523811
1,0,1.05,14,0.92,0,164.2,65.6,0,0,0,0,0.0165
1,0,0.98,14,0.99,0,96.5,4.3,0,0,0,0,0.035666666666666666
1,1,6.18,10,1.2,0,33.7,2.6,0,0,0,0,0.003333333333333333
1,0,3.61,26,,1,47.3,2.7,0,1,1,1,0.8966666666666666
1,0,2.01,29,,0,10.5,1.0,0,1,1,1,0.9359444444444445
1,0,0.25,21,1.72,0,28.6,3.0,0,0,0,0,0.026000000000000002
1,0,2.9,22,1.01,0,164.4,11.2,0,0,0,0,0.004
0,0,1.59,18,0.0,0,0.0,0.0,0,0,1,1,1.0
0,0,1.05,25,,0,18.5,2.6,0,1,1,1,0.9663333333333333
1,1,5.85,21,0.38,0,55.0,2.9,0,0,0,0,0.02
1,0,1.32,25,,0,58.1,7.5,0,1,1,1,0.8414166666666665
1,1,4.38,20,0.5,1,133.2,5.6,0,0,0,0,0.058928571428571434
1,0,1.41,13,0.0,0,22.1,0.8,0,0,1,1,1.0
1,1,6.29,15,1.58,2,140.3,9.2,0,0,0,0,0.010333333333333332
1,0,7.25,20,0.96,0,89.0,8.7,0,0,0,0,0.02
1,0,2.76,3,0.0,0,3.0,0.1,1,0,1,1,0.9883333333333333
0,0,0.66,0,0.0,0,52.1,15.1,1,0,1,1,1.0
1,1,0.75,15,1.23,0,10.2,1.0,0,0,0,0,0.06497619047619048
0,0,2.81,0,,0,0.0,0.0,0,1,1,1,1.0
1,0,1.97,30,0.0,0,40.0,4.7,0,0,1,1,1.0
0,0,5.7,16,,0,3.3,1.2,0,1,0,1,0.8786428571428572
1,0,0.39,17,1.58,0,31.2,3.6,0,0,0,0,0.048761904761904756
1,0,3.07,22,1.92,4,58.4,5.8,0,0,0,0,0.06946031746031746
1,1,0.12,13,1.85,0,38.8,3.2,0,0,0,0,0.0
1,0,1.19,20,0.79,0,44.7,3.8,0,0,0,0,0.003666666666666667
1,0,3.31,0,,0,5.2,0.4,6,1,1,1,1.0
1,1,6.26,22,0.03,0,90.6,7.3,0,0,0,0,0.003333333333333333
1,0,1.38,29,0.0,0,2.6,0.1,0,0,1,1,1.0
1,1,4.85,21,0.36,0,41.7,5.2,0,0,0,0,0.04833333333333334
1,1,6.89,15,1.53,0,64.4,3.6,1,0,0,0,0.0025
1,0,0.88,14,1.09,0,35.7,2.7,0,0,0,0,0.0016666666666666666
1,1,0.14,12,1.83,0,10.2,0.9,0,0,0,0,0.04625
0,0,0.02,0,1.95,0,,,0,0,0,0,0.0
0,0,2.43,12,,0,0.0,0.0,0,1,1,1,1.0
0,0,1.89,40,0.0,2,102.9,5.4,0,0,1,1,1.0
1,0,0.63,33,,0,46.2,2.0,0,1,1,1,0.752940476190476
0,0,2.73,32,,0,161.6,16.0,0,1,1,1,0.6071666666666666
1,0,4.32,22,,0,18.9,2.1,0,1,1,1,0.8313571428571427
0,0,0.43,0,0.0,0,0.0,0.0,4,0,1,1,1.0
1,1,4.68,22,,0,25.6,4.0,0,1,1,1,0.922531746031746
1,0,6.83,24,,0,5.1,0.3,0,1,1,0,0.41427777777777774
1,0,1.72,20,0.0,0,16.6,2.3,0,0,1,1,1.0
1,0,3.5,11,0.47,1,46.6,1.6,0,0,1,1,0.7558333333333335
1,0,3.92,32,0.0,0,56.6,2.5,0,0,1,1,0.968
1,0,2.94,12,0.99,0,12.9,1.3,0,0,0,0,0.006666666666666666
0,0,0.71,24,0.0,4,0.0,0.0,0,0,1,1,1.0
1,1,7.71,21,0.29,0,62.2,5.1,0,0,0,0,0.045
1,0,2.64,21,,0,12.0,0.8,0,1,1,1,0.9939999999999999
0,0,0.1,32,0.56,0,21.8,1.2,0,0,0,0,0.23779761904761906
0,0,3.67,0,,0,0.0,0.0,6,1,1,1,1.0
1,1,5.74,12,0.5,0,18.3,1.3,0,0,0,0,0.03083333333333333
1,0,2.87,12,1.05,0,6.8,0.4,0,0,0,0,0.0
0,0,1.51,0,,0,0.0,0.0,0,1,1,1,1.0
1,1,0.56,0,,0,0.0,0.0,6,1,1,1,1.0
1,0,5.75,15,0.0,0,10.8,0.8,0,0,1,1,0.9686031746031748
1,1,4.14,17,1.88,1,59.8,9.5,0,0,0,0,0.005
0,0,1.09,21,,0,0.0,0.0,0,1,1,1,1.0
0,0,1.11,16,,0,217.7,27.4,0,1,1,1,0.7191190476190477
1,0,2.65,22,,0,56.6,3.6,0,1,1,1,0.8750952380952381
1,0,0.96,12,0.0,0,18.1,1.4,0,0,1,1,1.0
0,0,1.65,13,,1,0.0,0.0,0,1,1,1,1.0
1,1,0.07,8,1.91,0,7.4,0.5,0,0,0,0,0.008666666666666666
1,1,4.12,18,1.87,0,7.2,1.7,0,0,0,0,0.010214285714285714
0,0,2.27,21,,0,98.5,5.5,0,1,1,1,0.5985595238095237
1,1,0.61,15,1.36,1,69.8,4.8,0,0,0,0,0.005
0,0,1.56,24,0.0,2,0.0,0.0,0,0,1,1,1.0
1,1,0.54,22,1.44,1,63.9,4.9,0,0,0,0,0.04466666666666667
1,0,0.91,22,,2,2.4,0.2,0,1,1,1,1.0
1,1,2.51,15,1.41,0,82.9,7.6,0,0,0,0,0.06266666666666668
1,1,2.99,8,,0,14.8,1.5,0,1,1,1,0.6449047619047619
0,0,1.55,20,0.0,0,0.0,0.0,0,0,1,1,1.0
1,0,2.41,23,,0,10.7,0.7,0,1,1,1,0.995
1,0,5.91,22,0.0,0,82.9,7.9,0,0,0,1,0.9875
1,1,8.55,24,1.95,0,185.9,14.3,0,0,0,0,0.0245
0,0,0.39,32,1.58,0,80.7,6.9,0,0,0,0,0.0525
1,0,0.92,14,1.05,0,22.0,1.9,0,0,0,0,0.032499999999999994
1,1,2.39,0,,0,0.0,0.0,3,1,1,1,1.0
0,0,2.03,57,,3,75.3,6.8,0,1,0,1,0.7788412698412699
1,0,1.29,22,0.61,0,51.1,6.6,0,0,0,0,0.07742857142857142
1,1,0.61,15,1.36,2,76.9,6.6,0,0,0,0,0.0
0,0,0.38,21,1.7,2,0.0,0.0,0,0,1,1,1.0
1,1,2.95,21,,0,0.6,0.0,0,1,1,1,0.9725
1,0,1.13,19,,0,39.8,3.4,0,1,1,1,0.8610119047619048
1,1,0.51,16,1.46,0,33.2,2.3,0,0,0,0,0.37313095238095245
1,1,0.6,14,1.37,0,13.6,1.4,0,0,0,0,0.09833333333333333
1,1,1.84,17,0.1,0,76.3,3.3,0,0,0,0,0.09447619047619046
1,0,4.28,21,,0,20.3,10.5,0,1,1,1,0.9038095238095236
1,1,0.9,15,1.08,0,49.3,4.0,0,0,0,0,0.07066666666666667
0,0,2.58,20,,0,0.0,0.0,0,1,1,1,1.0
1,0,7.17,20,,0,72.4,5.7,0,1,1,1,0.8085833333333333
1,0,0.01,2,0.0,0,0.0,0.0,0,0,1,1,1.0
1,1,0.7,15,1.27,0,41.0,2.5,0,0,0,0,0.02333333333333333
1,1,0.0,0,1.97,0,,,0,0,0,0,0.0
1,1,0.17,20,1.8,1,86.7,12.9,0,0,0,0,0.010476190476190477
0,0,0.64,18,,0,0.0,0.0,0,1,1,1,1.0
0,0,0.27,35,1.7,0,46.9,1.8,0,0,0,0,0.015
0,0,0.12,11,0.0,1,0.0,0.0,0,0,1,1,1.0
1,1,0.58,22,,0,3.7,0.2,0,1,1,1,0.9885714285714287
1,1,0.79,21,,1,50.3,3.2,0,1,1,1,0.8266944444444445
1,1,4.11,15,1.78,0,75.8,7.4,0,0,0,0,0.06628571428571428
1,0,0.28,20,0.0,2,17.5,1.0,0,0,1,1,1.0
1,0,2.9,0,,0,11.7,1.0,6,1,1,1,1.0
1,1,6.57,12,1.38,0,2.9,0.6,0,0,1,0,0.08071428571428572
1,0,3.04,12,0.9,0,45.6,9.2,0,0,0,0,0.0
1,0,2.07,26,,0,27.3,1.2,0,1,1,1,0.9925
1,1,3.96,24,1.94,0,61.6,2.7,0,0,0,0,0.02
1,1,0.26,0,,0,0.0,0.0,0,1,1,1,1.0
1,0,0.12,11,1.85,0,9.8,0.3,0,0,0,0,0.13401190476190475
0,0,3.02,34,,4,38.4,1.6,0,1,1,1,0.9063809523809523
1,0,1.93,18,0.0,0,0.0,0.0,0,0,1,1,1.0
1,0,0.89,20,1.08,0,10.1,0.9,0,0,0,0,0.0255
1,0,0.08,14,1.89,0,10.2,0.7,0,0,0,0,0.006999999999999999
1,0,3.24,12,0.84,0,76.0,5.3,0,0,0,0,0.0
1,1,2.76,15,1.17,0,36.8,2.3,0,0,0,0,0.012619047619047618
1,1,1.02,28,1.19,1,78.6,3.8,0,0,0,0,0.11130555555555556
1,1,5.52,26,0.0,0,26.8,4.8,0,0,1,1,0.9276190476190476
0,0,0.92,18,0.0,0,0.0,0.0,0,0,1,1,1.0
1,0,1.28,12,0.83,0,98.0,3.7,0,0,0,0,0.06292857142857143
1,0,1.04,13,0.01,0,18.6,1.0,0,0,0,0,0.33322222222222225
1,1,0.13,11,1.84,1,15.6,3.5,0,0,0,0,0.025416666666666664
1,0,2.88,12,1.04,0,4.4,0.3,0,0,0,0,0.003333333333333333
1,0,1.55,21,0.42,0,116.6,13.8,0,0,0,0,0.0025
1,0,1.99,21,,0,4.5,0.3,0,1,1,1,1.0
1,1,1.12,30,0.85,0,174.4,9.5,0,0,0,0,0.05884126984126983
0,0,2.11,0,,0,0.0,0.0,0,1,1,1,0.9975
0,0,2.15,22,,1,13.0,1.1,0,1,1,1,1.0
1,0,7.23,21,0.55,0,13.6,0.9,0,0,0,0,0.004
0,0,3.29,24,,0,3.1,0.1,0,1,1,1,0.997
1,0,3.11,36,1.83,1,95.1,8.3,0,0,1,0,0.054000000000000006
1,0,2.35,0,,0,0.0,0.0,0,1,1,1,1.0
1,0,3.16,12,0.77,0,57.2,3.0,0,0,0,0,0.0
1,0,0.99,14,0.98,0,24.2,2.1,0,0,0,0,0.002
1,0,4.96,20,1.57,0,23.3,2.8,0,0,0,0,0.05816666666666667
1,0,7.06,22,0.02,0,37.5,2.0,0,0,0,0,0.02
1,0,1.4,21,,0,72.6,3.7,0,1,1,1,0.9169523809523809
1,0,2.55,10,,0,3.5,0.7,7,1,1,1,0.9985714285714287
1,1,5.79,0,,0,0.1,0.0,0,1,1,1,0.97
0,0,2.8,11,,0,0.0,0.0,0,1,1,1,1.0
1,1,0.01,0,1.44,0,,,0,0,0,0,0.06
1,1,1.94,20,0.02,0,31.9,1.9,0,0,0,0,0.04333333333333334
1,0,4.77,24,,2,33.0,1.8,0,1,1,1,0.8523928571428572
1,1,9.72,15,1.21,0,15.5,0.4,0,0,0,0,0.09233333333333334
0,0,0.04,7,1.93,0,28.2,1.3,0,0,0,0,0.04902380952380952
1,0,0.83,23,0.0,1,0.0,0.0,0,0,1,1,1.0
1,0,2.34,20,,0,7.8,0.7,0,1,1,1,0.9904999999999999
1,1,2.04,12,1.89,0,38.2,4.1,0,0,0,0,0.07710714285714286
1,1,7.98,10,1.11,1,6.7,2.4,0,0,0,0,0.021547619047619048
0,0,0.16,27,0.83,0,32.5,4.6,0,0,0,0,0.16297619047619044
1,0,1.09,20,0.88,0,48.5,3.3,0,0,0,0,0.06585714285714285
0,0,3.73,0,,1,2.4,2.1,0,1,1,1,0.9297500000000002
0,0,2.56,14,,0,7.9,0.4,0,1,1,1,0.9476666666666665
1,1,0.01,0,1.96,0,,,0,0,0,0,0.0
1,1,7.01,15,1.13,0,181.2,14.5,0,0,0,0,0.013666666666666667
0,0,0.14,14,,0,38.5,3.6,0,1,0,1,0.8344761904761904
1,0,2.67,18,,0,7.7,0.4,0,1,1,1,0.9907142857142857
1,1,2.69,15,1.22,0,120.7,5.0,0,0,0,0,0.03316666666666667
1,0,4.41,18,0.0,0,9.0,1.0,0,0,1,1,1.0
0,0,1.13,36,,0,162.6,56.1,0,1,1,1,0.7695000000000001
1,0,0.64,21,0.0,0,0.0,0.0,0,0,1,1,1.0
1,1,0.62,15,1.36,1,33.6,4.3,0,0,0,0,0.03535714285714286
1,1,0.69,30,1.28,4,229.9,15.3,0,0,0,0,0.11788095238095238
1,0,4.4,21,0.5,0,33.6,1.5,0,0,0,0,0.017166666666666667
1,1,5.05,19,,0,11.0,0.8,0,1,1,1,0.8712380952380953
1,0,2.79,0,,0,0.3,0.0,0,1,1,1,0.9952380952380951
0,0,1.98,20,,0,0.0,0.0,0,1,1,1,1.0
1,0,3.94,33,,0,73.5,9.5,0,1,0,1,0.6255119047619048
1,0,1.56,30,0.0,0,22.9,0.7,0,0,1,1,1.0
1,1,1.52,17,0.0,1,0.0,0.0,0,0,1,1,1.0
1,1,1.16,20,,1,66.4,2.8,0,1,1,1,0.9236190476190476
1,0,4.7,23,,0,0.0,0.0,0,1,1,1,1.0
1,1,1.16,21,,0,1.3,0.2,0,1,1,1,0.9759047619047618
1,0,2.49,24,,0,14.6,1.1,0,1,1,1,0.99
1,0,0.49,22,1.48,0,19.3,1.7,0,0,0,0,0.04964285714285714
0,0,2.75,0,,0,0.0,0.0,5,1,1,1,0.995
1,1,2.1,16,1.83,0,7.4,1.2,0,0,0,0,0.04783333333333333
1,1,2.64,15,1.3,2,117.4,7.8,0,0,0,0,0.049761904761904764
0,0,0.33,19,0.0,0,9.0,0.4,0,0,1,1,1.0
1,0,0.81,8,1.16,1,31.5,0.8,0,0,0,0,0.016678571428571428
1,0,2.27,22,0.0,0,29.7,4.3,0,0,1,1,1.0
0,0,1.0,24,0.1,0,0.0,0.0,0,0,1,1,1.0
1,1,2.72,23,0.17,0,118.5,3.6,0,0,1,0,0.10642063492063493
1,0,2.04,23,,0,5.0,1.7,0,1,1,1,1.0
1,1,0.61,58,0.21,0,255.0,18.5,0,0,0,0,0.08591666666666666
0,0,0.76,32,0.0,1,56.2,5.8,0,0,1,1,1.0
1,0,1.46,22,,0,9.5,0.6,0,1,1,1,0.9963333333333334
1,0,3.17,40,,0,106.3,5.4,0,1,1,1,0.8938214285714287
1,0,5.98,21,,0,0.0,0.0,0,1,1,1,1.0
1,1,5.81,21,0.44,0,1.6,0.2,0,0,0,0,0.0225
1,0,1.23,20,0.75,1,8.5,2.3,0,0,0,0,0.13497619047619047
1,0,0.52,12,0.84,0,47.1,5.4,0,0,0,0,0.21854761904761907
1,0,0.84,18,,1,10.4,1.4,0,1,1,1,0.9791666666666667
1,0,2.24,21,,0,0.0,0.0,0,1,1,1,1.0
1,0,2.58,33,,0,25.5,2.2,0,1,0,1,0.8690606060606062
1,1,2.46,20,0.97,0,43.4,4.4,0,0,0,0,0.2639404761904763
1,0,3.12,12,0.83,0,117.8,15.0,0,0,0,0,0.008333333333333333
1,0,4.45,0,,0,7.5,0.6,0,1,1,1,0.9464761904761906
1,0,2.83,25,0.12,0,11.1,0.5,0,0,0,0,0.027857142857142855
0,0,2.75,0,,0,3.2,0.6,6,1,1,1,0.9975
1,1,0.74,15,1.24,0,48.0,3.0,0,0,0,0,0.0
0,0,2.09,0,,0,0.0,0.0,0,1,1,1,1.0
1,0,1.49,21,,1,19.4,3.1,0,1,1,1,0.9198333333333334
1,0,6.87,22,0.76,0,98.3,15.3,0,0,0,0,0.0500952380952381
1,1,0.22,13,1.75,0,54.3,3.3,0,0,0,0,0.12358333333333331
1,1,0.79,15,1.19,1,43.6,5.1,0,0,0,0,0.02
1,1,2.75,18,0.0,0,18.9,0.8,0,0,1,1,0.9891666666666667
0,0,2.05,14,,0,0.0,0.0,0,1,1,1,1.0
0,0,3.58,0,,0,0.0,0.0,0,1,1,1,1.0
1,1,5.78,26,1.16,0,78.3,7.8,0,0,0,0,0.06797619047619048
1,0,2.57,20,1.38,1,34.7,4.1,0,0,0,0,0.10465873015873015
1,0,2.18,17,,0,51.7,5.5,0,1,1,1,0.7128809523809523
1,1,4.05,16,0.21,0,54.9,5.5,0,0,0,0,0.0605
0,0,1.1,24,,0,0.0,0.0,0,1,1,1,1.0
1,1,1.96,20,1.97,0,145.1,16.3,0,0,0,0,0.012222222222222223
1,1,1.14,24,0.83,0,99.7,3.0,0,0,0,0,0.0074285714285714285
1,0,0.12,11,0.0,0,3.7,0.4,0,0,1,1,1.0
1,0,9.71,22,0.58,1,98.0,11.7,0,0,0,0,0.035
1,0,4.24,41,0.04,0,156.0,4.4,0,0,0,0,0.13988095238095238
1,0,0.76,14,0.0,0,31.9,1.5,0,0,1,1,1.0
1,1,5.02,22,0.0,2,56.9,4.1,0,0,1,1,0.9918095238095238
1,1,2.07,12,1.93,0,64.8,4.2,0,0,0,0,0.03208333333333333
0,0,3.77,13,,0,4.6,0.5,7,1,1,1,0.9543571428571428
1,0,1.42,26,0.0,1,17.8,1.5,0,0,1,1,1.0
1,1,0.02,4,0.69,0,6.5,0.3,0,0,1,1,0.5564404761904761
1,0,5.95,21,,0,0.3,0.0,0,1,1,1,0.99
1,0,3.89,3,0.04,0,110.7,5.0,0,0,1,1,0.9209285714285711
0,0,1.53,15,,0,11.0,0.6,0,1,1,1,0.9866666666666666
1,0,2.59,21,,0,11.0,0.5,0,1,1,1,0.9010000000000001
1,0,0.88,0,,0,0.2,0.0,0,1,1,1,1.0
1,0,1.14,14,0.83,0,13.6,1.5,0,0,0,0,0.05083333333333333
1,0,5.98,24,,0,0.3,0.0,0,1,0,1,0.8795670995670996
1,0,2.61,20,0.0,0,20.2,0.8,0,0,1,1,1.0
0,0,1.91,18,0.0,0,0.0,0.0,0,0,1,1,1.0
1,0,6.52,22,1.07,0,44.5,4.5,0,0,0,0,0.020454545454545454
1,1,6.94,10,1.08,0,14.0,1.1,0,0,0,0,0.01958333333333333
1,1,3.89,29,1.88,0,26.6,2.4,0,0,1,0,0.008833333333333334
1,0,0.9,14,1.08,0,128.3,20.0,0,0,0,0,0.0075
1,0,0.86,25,0.0,0,61.6,5.5,0,0,1,1,1.0
0,0,0.65,27,1.32,0,79.3,3.2,0,0,1,1,0.7221428571428571
1,1,0.32,28,1.66,0,33.0,2.9,0,0,0,0,0.0626547619047619
1,1,5.84,24,1.64,0,14.1,0.8,0,0,0,0,0.04583333333333333
1,0,0.86,20,1.12,0,44.9,2.0,0,0,0,0,0.15388888888888888
0,0,0.56,0,0.0,0,0.0,0.0,3,0,1,1,1.0
1,0,0.13,15,1.84,0,101.0,6.3,0,0,0,0,0.003333333333333333
1,0,1.65,18,0.28,0,23.6,1.3,0,0,0,1,0.5307380952380952
1,0,0.52,24,1.45,0,75.7,4.2,5,0,0,0,0.04666666666666667
1,1,2.5,14,1.49,0,32.6,1.5,0,0,0,0,0.42110317460317453
1,1,6.78,19,1.78,0,53.2,4.3,0,0,1,0,0.035666666666666666
0,0,2.13,23,,2,0.0,0.0,0,1,1,1,1.0
1,0,0.99,14,0.99,0,49.2,4.5,0,0,0,0,0.0
1,0,1.47,13,0.5,0,33.1,3.6,0,0,0,0,0.031190476190476192
1,1,2.51,15,1.4,0,28.4,1.8,0,0,0,0,0.054880952380952384
0,0,1.71,76,,0,0.0,0.0,0,1,1,1,1.0
0,0,2.17,139,,0,1.4,2.7,0,1,1,1,0.7416428571428572
1,0,1.0,0,0.0,0,25.4,1.7,0,0,1,1,1.0
1,0,2.18,26,,0,52.7,5.2,0,1,1,1,0.938
1,1,0.87,28,1.35,0,115.3,76.5,0,0,0,0,0.01275
1,0,2.94,24,,0,10.0,4.5,0,1,1,1,0.8692103174603174
1,0,3.11,10,0.84,0,45.8,3.3,0,0,0,0,0.028666666666666667
1,0,3.27,13,,0,2.5,0.2,0,1,1,1,1.0
1,1,3.07,39,1.88,0,40.1,7.5,0,0,0,0,0.039
1,0,8.49,0,,0,0.0,0.0,0,1,1,1,1.0
0,0,1.06,0,0.02,1,0.0,0.0,2,0,1,1,1.0
1,1,1.94,3,0.04,0,67.4,2.8,0,0,1,1,0.9690714285714286
0,0,8.55,14,0.0,0,14.4,0.8,3,0,1,1,0.8547619047619047
1,0,0.34,4,0.0,0,20.2,3.9,0,0,1,1,1.0
0,0,0.6,24,0.0,0,0.0,0.0,0,0,1,1,1.0
1,1,1.71,0,0.0,0,0.0,0.0,0,0,1,1,1.0
1,0,0.07,2,2.15,0,25.6,1.4,0,0,1,0,0.465484126984127
1,1,2.23,56,,1,56.0,3.9,0,1,0,1,0.7926785714285716
1,1,2.06,14,1.96,0,100.8,4.5,0,0,0,0,0.09641666666666665
1,1,1.31,19,0.0,0,16.3,1.2,0,0,1,1,1.0
1,0,0.54,7,1.43,0,69.9,6.5,0,0,0,0,0.20611904761904765
1,0,0.8,24,0.0,0,0.0,0.0,0,0,1,1,1.0
1,1,6.06,22,0.04,0,34.0,3.3,0,0,0,0,0.0
1,0,0.24,17,1.73,0,68.7,5.2,0,0,0,0,0.04533333333333333
1,0,3.36,19,0.0,0,98.4,3.9,0,0,1,1,1.0
0,0,3.81,0,,0,0.0,0.0,0,1,1,1,1.0
1,0,1.09,39,0.0,0,27.4,3.7,0,0,1,1,0.9957142857142857
1,1,0.17,17,0.22,0,131.5,4.1,0,0,0,0,0.10747619047619046
1,0,0.44,16,0.0,1,26.5,1.8,0,0,1,1,1.0
1,1,2.06,13,1.87,0,41.6,3.0,0,0,0,0,0.06658333333333333
1,0,2.1,14,1.83,0,32.7,1.2,0,0,0,0,0.032916666666666664
1,1,3.5,24,,0,20.2,1.4,0,1,1,1,0.9384999999999999
1,1,1.53,12,0.4,0,77.3,6.9,0,0,0,0,0.05309523809523809
1,0,0.64,21,0.0,3,0.0,0.0,0,0,1,1,1.0
1,0,5.73,13,0.4,0,22.2,4.1,0,0,0,0,0.08166666666666667
0,0,1.3,43,,0,80.8,2.8,0,1,0,1,0.6348015873015872
1,1,1.12,24,0.85,0,40.5,5.1,0,0,0,0,0.004
1,1,2.04,17,1.84,0,63.2,3.7,0,0,1,0,0.03792857142857143
1,1,0.81,15,1.17,0,47.9,4.8,0,0,0,0,0.003333333333333333
1,0,3.25,30,0.68,0,114.9,7.4,0,0,0,0,0.0527857142857143
1,1,1.97,20,0.0,0,58.6,7.5,0,0,1,1,0.9695
1,0,2.89,23,0.0,0,0.0,0.0,0,0,1,1,1.0
0,0,2.57,23,,2,0.0,0.0,0,1,1,1,1.0
1,0,2.3,20,,0,18.4,0.6,0,1,1,1,0.9799999999999999
1,0,0.39,20,1.58,0,18.2,1.1,0,0,0,0,0.017142857142857144
1,1,2.65,10,1.3,0,26.7,2.7,0,0,0,0,0.03311111111111111
1,1,1.52,10,,0,1.4,0.1,0,1,1,1,0.99625
1,0,1.27,33,0.0,0,106.4,11.7,0,0,1,1,1.0
1,0,0.83,16,0.0,0,9.7,0.5,0,0,1,1,1.0
0,0,3.02,23,0.0,0,0.0,0.0,0,0,1,1,1.0
1,1,0.32,72,,0,255.2,7.3,0,1,1,1,0.6819924242424242
1,0,2.01,12,0.94,0,71.3,5.5,0,0,0,0,0.0705
1,0,0.53,11,0.0,0,29.4,2.4,0,0,1,1,0.99
1,1,5.95,15,,0,11.3,0.7,0,1,1,1,0.9047619047619048
0,0,5.89,12,,0,2.2,0.5,5,1,0,0,0.45352380952380955
1,0,1.62,12,,1,0.0,0.0,0,1,1,1,1.0
0,0,2.36,39,,0,29.8,3.1,0,1,1,1,0.9808333333333333
1,1,1.28,26,0.0,0,9.5,0.5,0,0,1,1,0.998
0,0,2.88,0,,0,1.8,0.2,7,1,1,1,1.0
1,0,3.0,12,0.94,0,24.6,7.1,0,0,0,0,0.004
1,0,5.07,20,1.02,0,23.7,2.0,0,0,0,0,0.015333333333333332
1,0,0.1,17,1.87,1,23.0,2.2,0,0,0,0,0.0075
1,0,3.16,49,,0,76.1,3.8,0,1,1,1,0.8929999999999998
1,1,1.85,12,0.09,0,36.3,2.7,0,0,0,0,0.04
1,0,8.91,16,0.0,0,13.7,0.9,0,0,1,1,0.9692857142857142
1,0,0.54,19,0.0,0,0.0,0.0,0,0,1,1,1.0
1,0,9.69,22,1.97,0,179.0,8.5,0,0,0,0,0.04366666666666667
0,0,1.99,21,,0,0.0,0.0,0,1,1,1,1.0
1,1,1.05,22,1.7,1,30.7,1.5,0,0,0,0,0.10317857142857143
0,0,1.76,0,,0,0.0,0.0,4,1,1,1,1.0
1,1,2.0,15,1.39,0,48.7,9.1,0,0,0,0,0.11970634920634918
1,0,6.85,20,,1,4.5,0.2,0,1,1,1,0.9317857142857142
0,0,4.59,0,,2,0.0,0.0,4,1,1,1,1.0
1,0,2.25,12,,1,0.0,0.0,0,1,1,1,1.0
1,0,0.76,14,1.21,0,8.9,0.8,0,0,0,0,0.06183333333333334
1,1,2.15,23,1.77,0,83.8,6.4,0,0,0,0,0.0395
0,0,0.47,78,1.5,1,186.4,15.0,0,0,1,0,0.4537738095238095
1,1,3.17,17,1.74,1,92.6,7.3,0,0,0,0,0.03692857142857143
1,1,2.25,29,,0,36.1,26.7,0,1,1,1,0.8568333333333333
1,0,2.39,26,1.55,0,72.5,5.2,0,0,0,0,0.15342857142857141
1,1,2.14,23,,0,12.9,0.9,0,1,1,1,0.9921428571428571
1,0,0.43,0,0.0,0,3.8,1.2,0,0,1,1,1.0
1,1,6.81,18,1.25,1,112.6,3.5,0,0,0,0,0.3108076923076923
1,0,1.89,21,0.0,0,9.8,1.1,0,0,1,1,1.0
1,1,2.02,21,,0,7.1,0.5,0,1,1,1,1.0
1,0,3.45,24,,0,38.6,3.9,0,1,1,1,0.7656388888888889
1,0,1.07,25,,0,40.5,4.7,0,1,1,1,0.8771111111111112
1,0,1.51,18,0.0,3,7.3,1.6,0,0,1,1,1.0
1,1,0.98,22,1.0,0,39.9,1.0,0,0,0,0,0.011833333333333333
1,0,6.33,29,,0,22.9,1.3,0,1,1,1,0.7912936507936505
1,1,0.15,18,1.82,1,32.3,1.0,0,0,0,0,0.024833333333333332
0,0,3.25,21,0.0,0,37.5,3.4,0,0,1,1,1.0
1,0,2.72,20,1.27,1,69.6,5.4,0,0,0,0,0.04683333333333334
1,0,1.42,21,0.56,0,161.3,15.8,0,0,0,0,0.044047619047619044
1,0,1.29,14,0.61,0,145.3,8.3,0,0,0,0,0.03761904761904762
1,0,3.66,19,,0,10.4,2.0,0,1,1,1,0.98175
1,0,5.7,17,0.0,0,29.4,3.1,0,0,1,1,0.99625
1,1,4.39,15,1.5,0,7.7,0.7,0,0,0,0,0.08907142857142858
1,0,2.12,17,,0,3.9,0.8,0,1,1,1,0.9448333333333335
0,0,0.53,9,0.0,0,0.3,0.0,0,0,1,1,1.0
1,1,0.83,15,1.49,0,46.8,1.5,2,0,0,0,0.14995238095238095
0,0,0.03,1,0.0,0,0.9,0.1,0,0,1,1,1.0
1,0,2.92,25,,0,10.2,1.1,0,1,1,1,0.9457222222222222
1,0,4.8,20,1.2,1,80.5,5.7,0,0,0,0,0.022285714285714287
1,1,4.11,15,,0,0.0,0.0,0,1,1,1,1.0
1,0,2.87,5,,0,3.8,0.3,3,1,1,1,0.9838095238095238
1,1,0.16,32,0.0,0,28.2,4.6,0,0,1,1,0.9642499999999999
1,1,0.93,14,1.04,0,15.3,1.7,0,0,0,0,0.315
0,0,1.23,0,0.0,0,0.0,0.0,3,0,1,1,1.0
0,0,1.98,24,,0,104.7,5.6,0,1,1,1,0.7408690476190476
1,0,1.1,14,0.88,0,41.1,2.1,0,0,0,0,0.0075
1,0,1.95,22,1.97,0,120.7,9.9,0,0,0,0,0.014166666666666668
1,0,2.66,23,,0,22.6,1.9,0,1,1,1,0.9835238095238097
1,1,1.71,14,1.83,0,46.7,5.0,0,0,0,0,0.20630952380952383
1,0,1.88,14,0.05,0,47.0,2.0,0,0,0,0,0.09033333333333333
1,0,1.31,11,0.67,0,0.0,0.0,0,0,1,1,0.8253492063492065
0,0,4.74,21,,0,32.0,5.6,0,1,1,1,0.9631666666666666
1,0,0.1,8,0.0,0,20.4,1.2,0,0,1,1,0.9833333333333334
1,0,0.46,13,,0,16.3,1.9,0,1,1,1,0.916888888888889
1,1,0.02,0,1.95,0,,,0,0,0,0,0.0
1,0,7.12,0,,0,0.9,0.2,4,1,1,1,0.7221547619047618
1,1,0.88,14,,0,0.0,0.0,0,1,1,1,1.0
1,1,4.35,123,,0,27.1,0.8,0,1,1,1,0.5743809523809525
1,1,2.0,34,1.17,0,64.3,6.1,0,0,1,0,0.13822619047619045
0,0,2.05,22,,0,0.0,0.0,0,1,1,1,1.0
1,0,5.04,33,,0,80.8,3.6,0,1,1,1,0.5850992063492064
1,0,0.03,7,,0,0.0,0.0,0,1,1,1,0.9860714285714286
1,0,1.77,21,0.39,1,131.8,6.9,0,0,0,0,0.056999999999999995
1,0,3.22,22,0.73,0,28.4,1.3,0,0,0,0,0.003333333333333333
1,1,2.87,24,0.99,0,84.7,2.8,0,0,0,0,0.16580952380952382
1,1,0.0,0,0.0,0,0.0,0.0,0,0,1,1,1.0
0,0,2.25,22,,0,0.0,0.0,0,1,1,1,1.0
1,1,0.64,15,1.34,0,127.7,7.5,0,0,0,0,0.007619047619047619
1,0,1.13,14,0.84,0,38.3,2.6,0,0,0,0,0.006428571428571428
1,0,2.95,23,,0,10.3,0.8,0,1,1,1,1.0
0,0,2.76,24,,2,8.8,1.7,0,1,1,1,0.9761904761904762
0,0,1.42,0,0.0,0,0.0,0.0,0,0,1,1,1.0
1,1,2.7,10,1.22,0,29.2,6.7,0,0,0,0,0.007952380952380952
1,0,2.7,14,0.0,0,31.0,1.5,0,0,1,1,1.0
1,1,3.48,12,0.45,0,2.1,0.4,0,0,0,0,0.022285714285714287
1,0,3.92,0,,0,4.9,0.4,3,1,1,1,0.9975
1,0,3.16,22,,0,23.8,0.7,0,1,1,1,0.9766666666666667
1,0,1.46,9,0.51,0,9.0,1.5,0,0,0,0,0.2556428571428571
1,1,3.76,20,0.14,0,45.5,2.8,0,0,0,0,0.013333333333333332
1,0,0.93,40,,0,97.8,7.1,0,1,1,1,0.7546666666666667
1,0,0.61,14,0.0,0,84.0,9.5,0,0,1,1,1.0
0,0,0.96,16,,0,81.2,3.1,0,1,1,1,0.9285
1,0,0.56,18,,0,6.0,0.4,0,1,1,1,1.0
1,0,1.15,13,0.82,0,151.8,5.7,0,0,0,0,0.22816666666666666
1,1,3.65,12,0.3,0,70.1,6.3,0,0,0,0,0.02476984126984127
1,0,0.75,22,0.0,0,0.0,0.0,0,0,1,1,1.0
1,0,7.33,12,0.0,0,36.7,4.3,0,0,1,1,0.9563888888888888
1,1,0.88,16,1.84,0,96.4,19.0,0,0,0,0,0.07228571428571427
1,0,0.11,23,,0,120.2,5.5,0,1,0,1,0.5806587301587303
1,0,1.88,14,0.09,0,55.3,2.7,0,0,0,0,0.045388888888888895
1,1,2.62,12,0.34,0,22.4,1.2,0,0,0,0,0.07752380952380954
1,0,1.13,14,0.84,0,24.7,1.2,0,0,0,0,0.015
1,0,0.59,17,0.0,0,0.0,0.0,0,0,1,1,1.0
1,1,3.75,0,,1,5.6,0.3,0,1,1,1,0.9846666666666667
1,1,5.46,22,0.0,0,8.6,0.5,0,0,1,1,1.0
1,0,3.13,12,0.82,1,71.7,6.4,0,0,0,0,0.0
1,1,2.96,19,1.89,0,5.1,0.8,0,0,0,0,0.04083333333333334
1,0,1.41,22,0.0,0,80.4,6.8,0,0,1,1,1.0
1,0,2.03,30,,0,58.5,8.3,0,1,1,1,0.9276190476190476
0,0,1.93,12,,0,0.0,0.0,0,1,1,1,1.0
1,0,1.27,23,,0,18.3,3.3,0,1,1,1,0.9933333333333333
1,1,1.52,12,0.64,0,53.3,4.1,0,0,0,0,0.042515873015873014
1,0,2.98,22,0.0,1,11.6,1.4,0,0,1,1,0.996
1,0,1.05,20,0.59,1,143.8,11.8,0,0,0,0,0.043595238095238104
0,0,2.89,24,0.0,0,93.9,32.2,0,0,1,1,0.975
1,1,3.23,19,1.84,0,8.4,1.6,0,0,0,0,0.0315
1,0,0.69,23,,0,0.0,0.0,0,1,1,1,1.0
1,0,0.53,8,1.44,0,40.8,2.3,0,0,0,0,0.13327380952380952
1,1,4.04,14,0.87,0,19.0,0.6,0,0,1,0,0.35538095238095235
1,1,5.2,23,,3,1.2,0.1,0,1,1,1,0.7770833333333335
0,0,3.41,16,0.0,0,34.4,5.0,0,0,1,1,1.0
1,1,3.44,25,,1,29.4,2.3,0,1,1,1,0.9395833333333334
1,0,2.94,33,,0,41.0,7.3,0,1,0,1,0.5717380952380953
0,0,1.88,23,,0,36.8,2.2,0,1,1,1,0.8965
1,1,1.41,12,0.5,0,110.3,8.2,0,0,0,0,0.047
1,0,1.41,13,0.49,2,6.2,0.7,0,0,0,0,0.05469047619047619
1,0,3.38,24,,0,3.5,0.2,0,1,1,1,1.0
1,0,0.33,17,1.65,0,66.4,2.6,0,0,0,0,0.04541666666666666
1,1,6.95,4,,0,7.6,0.9,3,1,0,0,0.28904761904761905
1,1,0.61,14,1.61,2,129.7,8.1,0,0,0,0,0.035333333333333335
1,0,2.94,25,1.96,0,82.1,5.1,0,0,0,0,0.12853571428571428
0,0,7.37,0,,0,0.0,0.0,0,1,1,1,1.0
1,0,3.2,12,0.99,0,17.1,2.2,0,0,0,0,0.047333333333333324
1,1,9.75,16,1.8,0,91.9,26.1,0,0,0,0,0.0661111111111111
1,1,1.94,20,0.04,0,7.1,0.6,0,0,0,0,0.1895793650793651
1,0,1.44,15,0.0,0,38.2,2.6,0,0,1,1,1.0
1,1,1.42,0,0.58,0,0.0,0.0,7,0,1,1,1.0
1,0,0.84,10,0.0,0,15.6,2.4,0,0,1,1,1.0
1,1,0.46,20,1.13,1,14.7,0.7,0,0,0,0,0.1646746031746032
1,1,0.92,15,1.69,0,84.5,4.0,0,0,1,0,0.12466666666666666
1,0,2.03,24,,0,4.8,0.2,0,1,1,1,1.0
1,1,3.89,20,0.03,0,35.3,4.6,0,0,0,0,0.0
0,0,1.68,47,,0,66.4,13.3,0,1,1,1,0.9034166666666665
0,0,0.41,22,1.56,0,0.0,0.0,0,0,1,1,1.0
1,0,2.39,20,0.0,1,14.8,1.2,0,0,1,1,0.9866666666666667
1,0,5.04,19,0.0,0,142.5,7.3,0,0,1,1,1.0
1,1,7.35,14,1.72,0,108.2,7.4,0,0,0,0,0.16907142857142854
1,0,2.96,12,0.9,0,130.9,9.3,0,0,0,0,0.0
1,0,0.96,16,0.0,0,6.6,0.6,0,0,1,1,1.0
1,0,1.85,11,0.0,0,56.8,4.4,0,0,1,1,1.0
1,0,3.7,22,0.0,0,19.4,2.0,0,0,1,1,0.9975
1,0,3.68,25,0.0,0,183.2,63.8,0,0,1,1,0.9590357142857144
1,0,1.96,49,0.41,0,0.0,0.0,0,0,1,1,0.9688333333333334
1,0,1.78,13,0.19,0,58.7,2.7,0,0,0,0,0.005333333333333333
1,0,3.01,21,,1,13.6,2.0,0,1,1,1,0.9833333333333333
1,0,3.12,30,0.0,0,114.2,9.9,0,0,1,1,1.0
1,1,1.64,17,0.0,0,0.0,0.0,0,0,1,1,1.0
0,0,3.23,22,0.0,0,47.1,9.9,0,0,1,1,0.99
0,0,0.12,23,1.86,0,21.5,1.2,0,0,0,0,0.03
1,1,2.13,36,0.0,0,55.3,9.0,0,0,1,1,0.9983333333333333
1,0,0.38,11,0.48,0,69.0,17.6,0,0,0,0,0.21351190476190474
1,0,2.51,8,1.44,0,104.2,5.1,0,0,0,0,0.23945238095238092
1,0,7.06,21,0.1,1,103.3,9.2,0,0,0,0,0.0
0,0,1.32,27,,0,88.1,2.9,0,1,1,1,0.7808571428571427
0,0,3.18,24,,0,1.1,0.2,0,1,1,1,0.987
0,0,3.24,24,,0,7.1,0.5,0,1,1,1,1.0
1,1,0.37,12,1.75,0,34.4,4.8,0,0,0,0,0.15288888888888888
1,0,1.74,30,0.0,0,37.6,1.0,0,0,1,1,0.9977777777777778
0,0,2.57,18,,0,0.0,0.0,0,1,1,1,1.0
1,0,1.03,22,0.55,0,30.7,3.2,0,0,1,0,0.09109523809523809
1,0,1.11,13,0.86,1,38.9,2.3,0,0,0,0,0.1086904761904762
1,1,3.78,12,0.16,0,15.2,2.3,0,0,0,0,0.02092857142857143
0,0,0.93,45,0.0,0,82.5,13.1,0,0,1,1,1.0
1,0,0.01,0,0.0,0,0.0,0.0,0,0,1,1,1.0
0,0,1.66,24,0.0,0,16.4,1.7,0,0,1,1,1.0
1,1,2.19,43,,0,94.1,8.5,0,1,1,1,0.7126111111111112
1,0,3.88,8,0.0,0,54.8,3.3,0,0,1,1,0.9736666666666668
0,0,0.71,0,0.0,0,0.0,0.0,1,0,1,1,1.0
1,0,2.0,19,1.95,0,31.8,2.6,0,0,0,0,0.1216111111111111
1,1,4.26,18,1.75,1,34.3,3.3,0,0,0,0,0.04999999999999999
1,0,0.44,20,,0,11.6,1.0,0,1,1,1,0.976
1,0,1.1,20,0.87,0,40.2,9.6,0,0,0,0,0.008
1,0,2.95,12,0.98,0,11.5,2.4,0,0,0,0,0.005666666666666666
0,0,5.84,15,0.0,2,0.0,0.0,0,0,1,1,0.995
1,0,2.71,39,,0,30.4,1.9,0,1,1,1,0.8041666666666666
1,0,4.04,21,0.43,0,49.0,2.8,0,0,0,0,0.03866666666666667
1,0,4.09,22,0.0,0,140.9,12.8,0,0,1,1,0.966
0,0,1.29,0,0.0,1,0.0,0.0,2,0,1,1,1.0
0,0,6.48,24,,0,15.5,3.5,6,1,1,0,0.40776190476190477
1,0,0.16,7,0.0,1,97.9,5.1,0,0,1,1,0.9783333333333333
1,1,6.43,4,,0,6.9,1.0,2,1,0,0,0.44378787878787873
1,0,3.0,21,,0,24.5,2.6,0,1,1,1,0.9026428571428573
1,0,2.08,14,1.85,0,61.2,2.6,0,0,0,0,0.0014285714285714286
1,0,1.08,14,0.89,0,29.6,1.6,0,0,0,0,0.029666666666666668
1,1,7.68,20,0.27,0,146.2,11.8,0,0,0,0,0.0325
1,1,1.98,19,1.94,0,189.2,17.1,0,0,0,0,0.01
1,0,1.58,9,0.35,0,23.1,1.2,0,0,0,0,0.3623333333333333
1,1,0.39,15,1.58,0,38.1,5.9,0,0,0,0,0.10765079365079366
1,1,2.16,18,1.81,0,20.0,1.2,0,0,0,0,0.06333333333333332
1,1,2.0,10,1.41,0,40.1,2.1,0,0,0,0,0.15683333333333332
1,1,2.05,21,,0,0.5,0.0,0,1,1,1,0.9954999999999999
0,0,2.12,24,,0,0.0,0.0,0,1,1,1,1.0
0,0,1.06,22,0.0,1,0.0,0.0,0,0,1,1,1.0
1,1,8.88,24,,0,82.6,8.9,0,1,0,0,0.28728571428571426
0,0,3.95,13,0.0,0,49.1,4.2,0,0,1,1,1.0
1,0,6.03,22,0.07,0,80.6,6.9,0,0,0,0,0.0
0,0,0.04,12,0.0,0,24.4,10.8,0,0,1,1,0.9523928571428572
1,0,3.41,23,0.0,0,21.2,1.9,0,0,1,1,1.0
1,1,1.3,22,0.67,0,51.9,1.6,0,0,0,0,0.21191666666666664
1,0,2.35,22,,1,0.0,0.0,0,1,1,1,1.0
0,0,0.4,29,1.22,0,19.9,3.8,0,0,1,1,0.5886785714285714
1,1,8.02,20,1.35,0,46.7,7.0,0,0,0,0,0.06627380952380953
1,0,0.69,11,0.0,0,35.6,1.7,0,0,1,1,0.9977777777777778
1,1,0.08,12,1.89,0,33.4,2.2,0,0,0,0,0.046797619047619046
1,1,3.76,0,,3,0.1,0.0,0,1,1,1,0.9888333333333335
1,0,1.15,22,0.0,0,0.0,0.0,0,0,1,1,1.0
1,0,1.42,23,0.0,0,10.6,2.2,0,0,1,1,1.0
1,0,0.58,14,,0,0.0,0.0,0,1,1,1,1.0
1,0,0.08,9,0.0,0,46.2,4.3,0,0,1,1,0.9875
1,0,2.47,0,,0,1.5,0.1,3,1,1,1,0.988
1,0,4.53,11,,0,1.2,0.1,4,1,1,1,0.9854999999999999
1,0,0.95,12,1.02,1,20.8,4.6,0,0,0,0,0.1367261904761905
0,0,1.51,14,,0,0.0,0.0,0,1,1,1,1.0
1,1,0.78,10,1.2,0,43.8,1.3,0,0,1,0,0.05085858585858585
1,1,0.22,13,1.76,0,71.1,4.8,0,0,0,0,0.044071428571428574
0,0,1.77,0,0.0,0,0.0,0.0,0,0,1,1,1.0
1,0,2.88,12,1.04,0,155.6,9.9,0,0,0,0,0.003333333333333333
1,0,7.87,19,1.59,0,115.0,16.9,0,0,0,0,0.08549999999999999
1,0,0.36,20,1.61,0,0.0,0.0,0,0,1,1,0.99
1,0,6.59,21,0.14,1,20.6,1.7,0,0,0,0,0.0
1,1,0.73,15,1.49,0,96.3,34.1,0,0,0,0,0.023333333333333334
1,0,1.61,26,0.0,5,170.3,15.2,0,0,1,1,0.9343571428571429
1,1,6.08,22,0.0,1,53.1,2.0,0,0,0,1,0.9908333333333332
1,1,3.35,15,1.84,1,57.1,6.4,0,0,0,0,0.061
1,0,2.02,24,,0,4.0,0.2,0,1,1,1,0.9975
1,0,2.11,22,1.33,0,114.6,13.4,0,0,0,0,0.12833333333333333
1,0,0.23,46,1.75,0,135.9,120.3,0,0,0,0,0.06935714285714285
1,1,1.98,23,,0,4.4,0.2,0,1,1,1,0.9855714285714285
0,0,0.21,18,0.0,0,24.1,0.8,0,0,1,1,1.0
1,0,7.65,18,0.0,0,80.0,4.2,0,0,1,1,0.9633333333333334
1,0,1.42,18,0.0,0,0.0,0.0,0,0,1,1,1.0
1,0,0.46,19,0.04,0,33.0,3.1,0,0,0,0,0.26233333333333336
1,0,7.21,12,1.02,0,7.3,4.5,0,0,0,0,0.04041666666666666
1,0,4.1,0,,0,0.0,0.0,0,1,1,1,1.0
1,0,2.9,12,1.05,0,23.1,1.5,0,0,0,0,0.0
1,0,2.34,21,,0,3.6,0.2,0,1,1,1,0.988
1,0,2.76,20,1.34,0,10.0,1.8,0,0,0,0,0.0653888888888889
1,0,1.09,22,0.0,0,36.3,3.7,0,0,1,1,0.9833333333333334
0,0,3.41,0,,0,14.3,1.3,2,1,1,1,0.9946666666666667
0,0,0.07,0,,0,39.3,0.6,0,1,1,1,0.8846666666666667
0,0,2.55,18,,0,21.5,3.3,0,1,1,1,0.99
1,0,1.18,13,0.0,0,5.3,0.3,0,0,1,1,1.0
1,1,1.06,16,0.91,0,28.9,2.6,0,0,1,1,0.5607694805194804
1,1,3.95,20,,0,117.3,5.9,0,1,1,1,0.6731746031746032
0,0,0.4,23,0.0,0,0.0,0.0,0,0,1,1,1.0
1,0,2.46,13,,0,0.0,0.0,0,1,1,1,1.0
1,0,1.02,14,0.96,0,8.2,1.8,0,0,0,0,0.02261904761904762
1,0,5.16,25,0.21,0,78.0,9.9,0,0,0,0,0.0
1,0,3.42,10,,0,0.5,0.0,0,1,1,1,0.9594047619047621
0,0,0.54,10,1.43,0,0.0,0.0,0,0,1,1,1.0
1,0,4.19,21,0.0,3,28.4,2.1,0,0,1,1,1.0
1,0,0.73,14,0.0,0,52.0,2.8,0,0,1,1,1.0
1,0,0.25,30,0.74,0,17.7,1.1,0,0,0,0,0.12999999999999998
0,0,1.45,20,,0,3.9,0.3,2,1,1,1,0.9800714285714285
1,0,3.63,0,0.0,1,32.6,11.9,7,0,1,1,1.0
1,1,1.75,12,0.2,0,57.0,7.5,0,0,0,0,0.09166666666666667
1,1,1.84,12,0.13,1,40.7,6.8,0,0,0,0,0.12833333333333333
1,0,1.64,13,,0,0.0,0.0,0,1,1,1,1.0
0,0,0.71,18,0.0,1,17.9,1.2,0,0,1,1,1.0
0,0,5.16,20,,0,77.8,3.8,0,1,0,1,0.7986706349206351
1,1,0.47,9,0.0,0,56.4,3.8,0,0,1,1,1.0
1,1,3.73,23,,0,25.8,1.2,0,1,1,1,0.981
1,0,2.01,21,,0,0.7,0.1,0,1,1,1,0.9933333333333333
1,1,6.73,10,0.0,0,60.4,54.8,0,0,1,1,0.956
1,0,6.25,21,0.35,0,95.3,4.2,0,0,0,0,0.006666666666666666
1,1,3.79,20,0.11,4,92.4,5.3,0,0,0,0,0.08972619047619046
1,1,4.47,16,1.63,0,62.3,2.4,0,0,0,0,0.02523809523809524
1,0,1.56,13,0.36,0,42.1,3.9,0,0,0,0,0.045
1,0,5.72,33,,0,20.5,3.0,0,1,0,1,0.6513809523809523
1,0,0.24,20,1.74,0,50.1,2.9,0,0,0,0,0.0025
0,0,1.11,17,0.0,0,1.9,0.2,0,0,1,1,1.0
1,1,1.36,10,1.28,0,100.4,4.8,0,0,0,0,0.061285714285714284
1,0,2.9,20,1.04,0,8.9,0.2,0,0,0,0,0.035
1,1,2.69,15,1.22,0,37.2,4.8,0,0,0,0,0.0014285714285714286
1,1,3.9,20,1.32,1,2.0,0.2,0,0,0,0,0.03916666666666666
1,1,3.94,21,0.29,1,58.1,5.9,0,0,0,0,0.01
1,1,11.93,17,1.77,0,14.1,1.0,0,0,0,0,0.10233333333333333
1,1,0.69,19,0.0,0,74.8,3.8,0,0,1,1,1.0
1,0,3.48,21,0.41,0,123.2,22.7,0,0,0,0,0.02033333333333333
1,0,0.2,0,0.02,0,0.0,0.0,2,0,1,1,1.0
1,0,7.16,22,1.17,0,61.0,11.1,0,0,0,0,0.14407142857142857
1,0,0.59,0,0.01,0,0.0,0.0,7,0,1,1,1.0
1,0,1.04,22,0.0,0,70.1,9.2,0,0,1,1,1.0
0,0,4.22,14,,0,3.1,0.2,0,1,1,1,0.985
0,0,2.64,33,,0,11.5,0.5,0,1,1,1,0.9669999999999999
1,1,3.14,8,1.28,1,47.2,4.5,0,0,0,0,0.0837063492063492
0,0,0.67,15,1.3,0,0.0,0.0,0,0,1,1,1.0
0,0,2.62,0,,0,2.8,0.3,5,1,1,1,1.0
1,0,2.7,20,,0,35.6,12.8,0,1,1,1,0.9226666666666666
1,1,2.11,13,1.81,0,9.9,0.8,0,0,0,0,0.0265
1,0,2.44,22,1.05,0,63.8,6.3,0,0,0,0,0.029500000000000002
1,0,1.19,26,,0,30.6,1.4,0,1,0,1,0.9109999999999999
0,0,1.93,0,0.0,0,0.0,0.0,0,0,1,1,0.99
1,0,4.16,22,,0,4.3,0.3,0,1,1,1,0.98
1,0,1.19,20,0.78,0,73.5,4.6,0,0,0,0,0.10158333333333334
1,1,0.27,25,1.71,0,124.6,10.0,0,0,0,0,0.0325
1,0,2.67,24,,0,70.5,3.2,0,1,0,1,0.7331666666666666
1,0,1.18,0,0.0,0,10.1,1.6,0,0,1,1,1.0
1,1,0.71,19,,2,20.0,0.9,0,1,1,1,0.9399166666666667
1,0,3.06,16,1.29,0,24.6,1.8,0,0,0,0,0.3324285714285714
1,0,2.89,20,0.84,0,57.1,3.4,0,0,0,0,0.028333333333333332
0,0,5.62,0,,0,0.0,0.0,0,1,1,1,1.0
1,1,3.32,28,0.0,0,28.0,1.9,0,0,1,1,0.9683333333333334
1,0,0.02,0,1.55,0,,,0,0,0,0,0.069
1,1,0.49,22,1.48,1,158.1,10.7,0,0,0,0,0.12533333333333332
1,0,2.23,20,1.7,0,29.4,2.0,0,0,0,0,0.055166666666666676
1,1,0.91,26,0.0,0,32.0,1.3,0,0,1,1,0.9825
1,0,1.67,22,,1,11.3,1.9,0,1,1,1,0.99125
1,1,0.12,10,1.85,0,55.8,7.4,0,0,0,0,0.02
1,1,6.3,25,0.0,0,129.1,7.5,0,0,0,1,0.8137719780219779
1,1,7.9,0,,0,0.0,0.0,0,1,1,1,0.97
1,0,2.77,25,0.12,0,52.9,4.2,0,0,0,0,0.022261904761904764
1,1,4.03,16,1.87,0,38.6,2.9,0,0,0,0,0.002
1,1,3.95,0,,0,0.5,0.1,0,1,1,1,0.9828809523809524
1,0,3.05,12,0.89,0,10.7,3.7,0,0,0,0,0.006666666666666666
1,0,4.43,15,,3,11.1,1.0,0,1,1,1,0.9545714285714284
1,0,0.01,3,0.0,0,25.2,3.8,0,0,1,1,0.9802777777777777
1,1,6.08,4,,1,5.1,0.2,0,1,0,1,0.7727380952380952
1,1,5.37,31,,2,95.7,13.1,0,1,1,1,0.9216666666666665
1,1,3.51,39,0.0,1,59.5,4.5,0,0,1,1,1.0
0,0,2.16,23,,0,0.0,0.0,0,1,1,1,1.0
1,0,0.69,18,0.0,0,36.6,1.5,0,0,1,1,1.0
1,1,7.1,21,1.85,1,69.4,18.4,0,0,0,0,0.08755158730158731
1,0,4.45,22,,0,60.2,6.2,0,1,1,1,0.8701547619047619
1,1,1.98,31,1.94,0,192.2,9.7,0,0,0,0,0.045888888888888896
1,0,1.11,14,0.86,0,31.3,2.6,0,0,0,0,0.018428571428571426
1,0,5.96,18,1.93,0,24.2,1.3,0,0,0,0,0.0911547619047619
1,1,1.58,26,0.11,0,13.2,2.3,0,0,0,0,0.08552380952380952
0,0,3.33,0,,0,0.0,0.0,0,1,1,1,1.0
1,0,9.05,24,,0,9.3,0.6,0,1,0,1,0.5347976190476192
1,0,5.3,19,0.0,0,13.2,0.9,0,0,1,1,1.0
0,0,1.98,21,,0,0.0,0.0,0,1,1,1,1.0
1,1,10.39,32,1.17,0,154.2,5.4,0,0,0,0,0.11141666666666668
1,0,0.87,22,1.1,1,35.1,1.7,0,0,0,0,0.061071428571428575
1,0,1.21,14,0.76,0,16.8,2.5,0,0,0,0,0.02166666666666667
1,0,3.06,22,0.86,0,24.8,1.4,0,0,0,0,0.004
1,0,1.61,22,0.0,0,12.7,1.3,0,0,1,1,0.9610833333333333
1,1,1.79,21,0.0,0,2.7,0.1,0,0,1,1,1.0
1,1,4.24,23,1.65,0,89.9,7.8,0,0,0,0,0.029166666666666664
1,1,0.13,16,1.84,0,78.9,11.7,0,0,0,0,0.008
0,0,2.62,1,,0,0.0,0.0,0,1,1,1,1.0
1,1,0.44,12,1.78,0,110.3,7.4,0,0,0,0,0.12583333333333332
1,0,1.83,0,0.0,0,9.2,0.7,0,0,1,1,1.0
1,1,1.61,12,0.32,0,116.3,11.9,0,0,0,0,0.034166666666666665
0,0,1.9,58,0.0,3,228.6,37.9,0,0,1,1,0.9604166666666667
1,0,1.66,18,0.0,1,2.5,0.3,0,0,1,1,1.0
1,1,1.72,8,0.2,0,121.8,15.1,0,0,1,0,0.44503174603174595
1,1,1.87,27,0.0,0,54.7,3.2,0,0,1,1,1.0
1,1,8.05,19,1.76,1,50.3,2.2,0,0,0,0,0.09064285714285715
1,1,0.59,15,1.38,0,43.7,2.4,0,0,0,0,0.01625
1,0,1.88,14,0.06,0,23.1,0.7,0,0,0,0,0.10403571428571429
0,0,3.45,21,,0,29.2,1.6,0,1,1,1,0.988
0,0,2.76,0,,0,0.0,0.0,7,1,1,1,1.0
1,0,2.05,12,,1,23.8,2.6,0,1,1,1,0.6686666666666667
1,1,1.93,20,0.0,0,48.9,1.2,0,0,1,1,0.8232222222222221
1,0,6.75,19,,0,60.9,3.1,0,1,1,1,0.6493809523809523
1,0,0.97,13,1.01,1,36.5,3.0,0,0,0,0,0.10904761904761905
1,1,2.53,19,1.9,1,40.3,7.0,0,0,0,0,0.07658333333333332
0,0,2.91,22,,0,29.8,2.8,0,1,1,1,0.8563690476190474
1,0,3.62,0,,0,0.0,0.0,7,1,1,1,1.0
1,0,0.26,18,1.72,0,47.1,10.4,0,0,0,0,0.015
1,0,3.93,22,0.02,0,228.6,52.5,0,0,0,0,0.08208333333333333
1,0,0.01,2,0.0,0,0.0,0.0,0,0,1,1,1.0
1,0,6.66,24,,0,10.3,0.8,0,1,1,1,0.5398095238095239
1,0,5.39,12,1.07,1,25.8,2.6,0,0,0,0,0.0
0,0,2.44,0,,0,0.0,0.0,0,1,1,1,0.995
1,0,5.18,19,0.0,2,69.2,7.9,0,0,1,1,1.0
0,0,0.91,32,1.06,0,139.9,36.5,0,0,1,1,0.7526666666666667
1,0,0.44,20,0.0,0,0.0,0.0,0,0,1,1,1.0
1,0,1.39,19,0.0,0,0.5,0.1,0,0,1,1,0.9840000000000001
1,0,0.01,0,1.96,0,,,0,0,0,0,0.0
1,0,2.32,26,0.0,2,28.5,3.3,0,0,1,1,1.0
1,1,4.04,19,1.86,0,4.8,0.5,0,0,0,0,0.005
1,0,0.87,20,1.11,0,28.4,1.2,0,0,0,0,0.005833333333333333
1,1,5.0,15,0.0,0,12.5,1.9,0,0,1,1,0.9988888888888888
1,1,0.56,27,0.0,0,33.9,1.8,0,0,1,1,1.0
1,1,3.21,24,0.71,3,44.5,2.9,0,0,0,0,0.08800000000000001
1,0,1.98,13,,0,88.3,7.8,0,1,1,1,0.9033333333333333
1,0,2.88,12,1.05,0,79.8,11.5,0,0,0,0,0.0
1,0,0.49,10,0.0,0,72.5,4.2,0,0,1,1,1.0
1,0,0.88,14,0.0,0,4.5,0.6,0,0,1,1,0.99
1,1,2.18,21,0.0,1,36.3,5.1,0,0,1,1,0.9913333333333333
1,0,6.04,21,0.14,3,17.8,2.5,0,0,0,0,0.006
1,1,2.75,20,0.07,0,33.8,3.0,0,0,0,0,0.02428571428571429
0,0,1.98,31,,0,26.4,0.9,0,1,1,1,0.9866666666666667
1,0,1.98,12,,0,33.7,1.7,0,1,1,1,0.9851428571428571
1,1,0.81,28,1.41,0,213.0,13.2,0,0,0,0,0.07328571428571429
1,1,0.68,15,1.29,1,50.8,3.9,0,0,0,0,0.017083333333333332
1,0,2.04,25,,0,21.5,1.9,0,1,1,1,0.995
1,0,0.78,12,0.0,0,106.5,6.7,0,0,1,1,1.0
0,0,8.7,24,,0,40.4,7.9,0,1,0,0,0.43424603174603166
1,1,0.01,0,0.0,0,0.6,0.0,0,0,1,1,0.9933333333333334
1,1,7.66,16,1.73,0,76.0,2.5,0,0,0,0,0.09273809523809523
1,1,2.1,13,1.82,0,172.6,17.1,0,0,0,0,0.0475
0,0,0.08,0,,2,6.1,5.4,0,1,1,1,0.8600555555555556
1,1,0.65,24,1.32,0,71.2,4.0,0,0,0,0,0.03016666666666667
1,1,1.84,18,0.38,0,66.6,5.2,0,0,0,0,0.10366666666666667
1,0,0.01,0,0.0,0,0.0,0.0,0,0,1,1,1.0
1,1,4.17,16,1.73,0,47.0,3.9,0,0,0,0,0.030476190476190476
1,0,0.99,14,0.98,0,59.0,2.9,0,0,0,0,0.0
0,0,0.73,35,,1,6.3,0.3,0,1,1,1,0.9858333333333333
0,0,3.78,15,0.0,0,21.0,2.7,0,0,1,1,1.0
1,0,4.87,24,,1,45.1,5.0,0,1,0,1,0.6536829004329004
1,0,0.77,14,1.21,0,35.2,1.3,0,0,0,0,0.028666666666666663
1,1,1.5,25,0.25,1,53.0,3.4,0,0,0,0,0.15170238095238095
1,1,0.53,21,1.44,0,31.3,4.8,0,0,0,0,0.3057738095238095
1,0,1.8,11,0.0,0,68.8,4.5,0,0,1,1,0.9983333333333333
1,1,2.28,22,,0,0.0,0.0,0,1,1,1,1.0
1,1,3.36,10,1.09,0,71.5,11.1,0,0,0,0,0.05717460317460318
1,1,0.62,15,1.36,0,127.8,5.4,0,0,0,0,0.006999999999999999
1,1,7.92,21,0.38,0,71.3,17.0,0,0,1,0,0.01833333333333333
0,0,0.74,24,0.0,0,10.6,1.0,0,0,1,1,1.0
1,1,1.36,37,0.55,0,235.2,9.7,0,0,0,0,0.1336746031746032
1,1,0.87,14,,0,0.0,0.0,0,1,1,1,1.0
1,0,0.31,20,0.0,0,20.9,5.9,0,0,1,1,0.975
1,1,0.48,9,0.0,0,73.8,3.4,0,0,1,1,1.0
1,0,0.79,13,0.0,0,37.7,2.9,0,0,1,1,1.0
1,0,3.94,0,,0,0.5,0.0,2,1,1,1,0.998
1,1,2.72,22,,0,0.0,0.0,0,1,1,1,1.0
1,0,0.75,14,1.23,0,37.3,2.9,0,0,0,0,0.0
1,1,7.12,15,0.36,0,67.1,5.0,0,0,0,0,0.12541666666666668
1,1,2.48,10,1.44,1,42.8,4.3,0,0,0,0,0.020555555555555553
1,0,0.98,16,0.0,1,0.0,0.0,0,0,1,1,1.0
1,1,9.04,0,,0,58.4,8.8,0,1,1,1,0.6351825396825397
1,1,3.72,33,0.0,0,42.5,2.6,0,0,1,1,0.9891666666666665
1,1,2.6,31,1.3,1,81.3,10.4,0,0,0,0,0.10800000000000001
1,1,1.77,21,0.0,0,0.0,0.0,0,0,1,1,1.0
1,1,1.99,0,,1,0.0,0.0,0,1,1,1,1.0
0,0,1.0,25,,0,10.8,1.0,0,1,0,1,0.995
1,1,3.12,23,,0,93.4,7.6,0,1,0,1,0.8046547619047618
1,0,4.74,22,0.0,0,20.8,1.2,0,0,1,1,1.0
1,0,0.79,14,1.19,2,35.7,2.9,0,0,0,0,0.03
1,0,0.96,20,1.01,0,92.3,7.2,0,0,0,0,0.005833333333333333
1,1,7.07,20,0.28,1,148.4,9.0,0,0,0,0,0.01
1,1,0.92,17,0.0,1,0.0,0.0,0,0,1,1,1.0
1,0,6.37,20,0.91,0,7.5,0.8,0,0,0,0,0.03833333333333334
1,1,2.21,17,,0,0.0,0.0,0,1,1,1,1.0
1,0,0.48,65,,0,29.2,5.2,0,1,1,1,0.8824404761904765
1,1,0.08,10,1.76,0,36.4,1.7,0,0,0,0,0.09900000000000002
1,0,0.14,15,1.84,0,16.5,1.0,0,0,0,0,0.003333333333333333
1,0,1.22,20,0.75,0,75.0,6.2,0,0,1,0,0.0025
1,1,0.16,29,1.5,0,242.7,6.1,0,0,0,0,0.1365
1,0,6.9,33,,0,32.0,2.1,0,1,1,1,0.5385674603174602
1,0,5.18,39,,0,16.5,0.6,0,1,0,1,0.6955595238095238
1,0,2.7,40,,0,20.1,1.8,0,1,1,1,0.5319166666666667
1,0,1.1,12,1.01,0,57.2,6.3,0,0,0,0,0.029999999999999995
1,0,0.35,19,1.62,0,61.6,4.5,0,0,0,0,0.023333333333333334
1,0,1.76,15,0.21,0,7.6,0.4,0,0,0,0,0.25344047619047616
1,1,6.72,0,,0,0.0,0.0,0,1,1,1,1.0
1,0,3.26,26,0.0,0,41.1,2.7,0,0,1,1,1.0
0,0,0.57,18,0.0,0,13.1,0.8,0,0,1,1,1.0
1,0,2.92,12,1.02,1,113.3,8.1,0,0,0,0,0.002
1,0,5.43,25,,0,5.5,0.3,0,1,1,1,0.8522380952380952
0,0,4.43,22,0.0,0,6.8,3.6,0,0,1,1,0.9966666666666667
0,0,0.62,25,0.37,0,46.5,4.6,0,0,0,0,0.0245
1,0,1.87,14,0.1,0,0.1,0.0,0,0,0,0,0.28585786435786437
1,0,4.11,24,,7,34.6,7.4,0,1,1,1,0.8614166666666665
1,0,0.32,17,1.65,0,79.3,5.4,0,0,0,0,0.014500000000000002
1,0,0.5,12,0.32,0,45.6,2.6,0,0,0,0,0.25776587301587306
1,0,3.22,17,0.0,0,6.9,0.5,0,0,1,1,1.0
1,0,0.97,14,1.0,0,93.1,4.1,0,0,0,0,0.003333333333333333
1,0,8.57,18,0.34,0,6.6,0.7,0,0,0,0,0.15028571428571427
1,0,0.79,11,1.05,0,24.9,2.0,0,0,0,0,0.1898531746031746
1,0,1.91,22,0.0,0,34.9,2.4,0,0,1,1,0.9625
1,1,2.92,12,1.01,0,97.0,8.9,0,0,0,0,0.07183333333333333
1,1,1.31,13,0.67,0,14.3,1.0,0,0,1,0,0.3387698412698413
0,0,3.76,24,,0,12.9,1.8,0,1,1,1,0.9775000000000001
1,1,1.64,22,0.0,0,0.0,0.0,0,0,1,1,1.0
1,0,1.34,14,,0,15.1,3.3,0,1,1,1,0.8955238095238096
1,1,2.81,23,,2,7.0,0.3,0,1,1,1,0.9646666666666667
1,0,0.92,14,1.05,0,46.1,5.7,0,0,0,0,0.0
1,0,2.12,20,,0,4.5,0.8,0,1,1,1,0.9668333333333333
1,0,0.77,8,1.2,0,25.6,1.2,0,0,0,0,0.09385714285714286
1,1,5.89,18,1.8,0,47.8,5.7,0,0,0,0,0.006666666666666666
1,1,4.01,17,1.91,0,46.2,4.7,0,0,0,0,0.029333333333333336
1,0,3.53,0,,0,0.0,0.0,0,1,1,1,1.0
1,0,1.97,13,0.0,0,11.7,0.7,0,0,1,1,1.0
0,0,1.6,11,0.0,0,9.9,0.6,0,0,1,1,1.0
1,1,2.56,10,1.33,1,63.5,3.4,0,0,0,0,0.023285714285714285
1,0,1.86,0,0.02,1,0.0,0.0,3,0,1,1,1.0
1,1,2.75,15,1.17,0,37.2,3.2,0,0,0,0,0.13220238095238096
1,1,7.14,12,0.23,0,5.7,0.6,0,0,0,0,0.031940476190476186
1,0,1.21,14,0.76,0,27.7,1.3,0,0,0,0,0.022333333333333334
1,0,4.0,36,1.5,0,254.0,17.8,0,0,0,0,0.06523809523809525
1,0,0.33,5,1.89,1,62.1,1.9,0,0,0,0,0.05985714285714286
1,0,0.56,22,,0,3.9,0.3,0,1,1,1,0.99
0,0,1.1,0,0.0,0,0.0,0.0,1,0,1,1,1.0
1,0,2.32,19,,1,0.0,0.0,0,1,1,1,1.0
1,0,3.17,21,0.55,0,14.5,1.4,0,0,0,0,0.003333333333333333
1,1,0.44,13,1.53,0,1.6,0.7,0,0,0,0,0.3675238095238096
0,0,0.32,18,0.0,0,4.8,0.4,0,0,1,1,0.9966666666666667
1,0,5.04,10,0.0,0,8.7,0.8,0,0,1,1,0.9631666666666667
1,1,1.01,23,0.97,0,132.2,10.4,0,0,0,0,0.051500000000000004
1,0,0.96,21,0.0,0,37.1,5.0,0,0,1,1,1.0
1,0,2.3,21,,0,0.0,0.0,0,1,1,1,1.0
1,0,1.98,30,,0,29.2,2.0,0,1,1,1,0.9520000000000001
1,0,0.29,19,1.68,0,12.6,1.5,0,0,0,0,0.052333333333333336
1,0,0.18,16,0.0,1,0.0,0.0,0,0,1,1,1.0
1,0,0.56,20,0.0,3,0.0,0.0,0,0,1,1,1.0
1,0,0.41,13,0.0,0,94.0,3.8,0,0,0,1,0.99
1,0,4.74,13,,0,41.5,2.6,0,1,1,1,0.9010714285714286
1,1,6.57,19,1.94,0,74.2,7.4,0,0,0,0,0.025595238095238095
1,1,1.97,10,0.47,0,57.9,2.8,0,0,1,0,0.32896825396825397
1,0,2.04,20,,0,3.3,0.2,0,1,1,1,0.9776666666666668
1,0,6.96,22,0.05,0,29.3,1.9,0,0,0,0,0.0
1,1,1.98,32,1.5,0,181.3,13.2,1,0,0,0,0.09016666666666666
1,0,5.85,22,0.0,0,79.7,3.9,0,0,1,1,0.8755158730158731
1,0,1.42,21,0.53,0,27.5,2.7,0,0,0,0,0.05052380952380952
1,0,1.13,14,0.84,0,20.9,3.4,0,0,0,0,0.01
1,1,1.98,18,0.11,0,85.8,3.4,0,0,1,0,0.09276190476190477
0,0,5.77,14,,0,0.0,0.0,0,1,1,1,1.0
1,0,2.66,32,,0,47.4,6.2,0,1,1,1,0.9043333333333332
1,1,3.11,22,0.62,0,158.2,10.5,0,0,0,0,0.03726190476190476
1,0,0.18,10,0.0,0,19.7,1.4,0,0,1,1,1.0
1,0,1.93,14,0.0,0,0.0,0.0,0,0,1,1,0.99
1,1,4.24,16,1.64,0,26.3,0.9,0,0,0,0,0.05571428571428572
0,0,0.19,18,,0,0.0,0.0,0,1,1,1,1.0
1,0,1.5,6,0.48,0,16.1,1.7,0,0,0,0,0.08783333333333335
1,0,0.95,13,0.0,0,79.2,5.2,0,0,1,1,1.0
0,0,1.6,33,0.26,1,39.4,1.4,0,0,0,0,0.15020238095238095
1,0,7.11,12,0.96,0,16.3,1.0,0,0,0,0,0.04100000000000001
1,0,1.68,21,0.45,0,91.2,10.1,0,0,0,0,0.013333333333333332
1,0,1.96,24,,0,17.0,1.6,0,1,1,1,0.9883333333333333
1,0,1.02,14,0.95,0,1.5,0.2,0,0,0,0,0.049
1,0,5.95,22,0.03,0,38.2,2.7,0,0,0,0,0.006000000000000001
1,1,3.81,21,0.1,0,33.7,2.8,0,0,0,0,0.004857142857142857
1,1,3.06,28,1.13,0,115.4,214.9,0,0,0,0,0.07653571428571429
1,1,3.73,15,1.28,0,77.9,3.9,0,0,0,0,0.01880952380952381
0,0,0.47,21,0.01,0,0.0,0.0,0,0,1,1,1.0
1,1,2.51,11,,1,0.0,0.0,0,1,1,1,1.0
0,0,6.91,25,1.82,0,26.7,1.4,0,0,0,0,0.11933333333333333
0,0,8.35,21,,0,41.2,1.0,0,1,1,1,0.7678333333333331
0,0,0.36,20,,0,0.0,0.0,0,1,1,1,1.0
1,0,0.9,20,1.07,0,157.2,21.4,0,0,0,0,0.12783333333333333
1,0,0.89,14,1.08,0,71.2,5.6,0,0,0,0,0.015
1,1,0.97,22,0.91,0,35.5,1.3,0,0,1,0,0.053428571428571436
1,1,3.03,13,1.22,0,44.4,4.0,0,0,0,0,0.14716666666666664
0,0,4.42,26,,0,50.4,3.4,0,1,1,1,0.8149047619047619
1,1,1.5,21,0.29,1,91.7,10.7,0,0,0,0,0.0305
1,0,0.01,0,0.0,0,0.1,0.0,0,0,1,1,1.0
1,0,0.29,16,0.0,0,39.8,4.4,0,0,1,1,0.998
1,1,1.72,12,0.19,0,41.2,3.4,0,0,0,0,0.0025
1,0,2.11,23,,0,12.2,2.9,0,1,1,1,0.9711428571428571
1,0,4.2,18,1.95,2,116.8,9.8,0,0,0,0,0.16838095238095235
0,0,1.03,0,0.0,0,0.0,0.0,0,0,1,1,1.0
1,0,0.8,8,0.0,1,44.7,1.7,0,0,1,1,1.0
1,1,0.38,12,1.59,0,71.7,4.6,2,0,0,0,0.07933333333333334
1,0,1.84,13,0.0,0,50.1,5.0,0,0,1,1,1.0
1,1,2.17,7,1.8,0,37.5,4.6,0,0,0,0,0.048452380952380955
1,1,0.58,14,1.64,0,92.1,9.1,0,0,0,0,0.033999999999999996
1,0,2.47,12,1.08,1,32.3,0.7,0,0,0,0,0.03954761904761905
0,0,3.82,33,,0,54.9,2.0,0,1,0,1,0.7857222222222222
1,1,3.06,18,,0,59.3,5.2,0,1,1,1,0.8906428571428573
0,0,1.54,0,0.0,0,0.0,0.0,6,0,1,1,1.0
1,0,0.56,21,0.01,2,0.0,0.0,0,0,1,1,1.0
1,0,1.73,22,0.0,0,2.4,0.3,0,0,1,1,1.0
0,0,0.81,26,0.0,0,37.3,3.4,0,0,1,1,1.0
1,1,4.91,21,0.24,0,56.9,2.2,0,0,0,0,0.0
0,0,2.33,8,,0,36.0,2.5,0,1,1,1,0.9003571428571427
1,0,0.79,13,0.0,0,25.8,1.2,0,0,1,1,1.0
1,0,2.96,20,0.97,0,103.5,6.4,0,0,0,0,0.0
1,1,1.71,28,0.58,0,42.9,7.7,0,0,1,0,0.2363214285714286
0,0,0.02,4,0.0,0,0.0,0.0,0,0,1,1,1.0
1,0,1.08,22,0.9,0,16.3,1.2,0,0,0,0,0.046416666666666655
1,1,0.79,28,1.43,5,131.6,9.2,0,0,0,0,0.06983333333333333
1,1,2.09,23,,0,81.4,8.3,0,1,1,1,0.7275198412698414
1,1,0.68,24,1.3,0,25.3,1.1,0,0,1,0,0.19225
1,1,0.56,22,1.41,0,27.4,2.5,0,0,0,0,0.05551190476190476
1,0,5.51,20,1.42,0,30.8,1.6,0,0,0,0,0.05916666666666666
1,0,0.34,18,0.02,1,0.0,0.0,0,0,1,1,1.0
1,0,0.37,28,0.62,0,51.8,4.1,0,0,0,0,0.07242857142857143
1,0,1.16,19,0.0,0,17.5,0.8,0,0,1,1,1.0
0,0,1.73,0,0.55,0,0.0,0.0,6,0,1,1,1.0
0,0,0.08,42,,0,52.3,8.4,0,1,1,1,0.5111150793650794
1,1,2.0,11,,1,54.2,4.4,0,1,1,1,0.6578845598845597
1,1,8.17,20,1.65,0,240.0,11.7,0,0,0,0,0.10733333333333334
1,0,3.05,12,0.89,2,150.5,12.3,0,0,0,0,0.008857142857142857
0,0,1.29,0,,0,0.0,0.0,6,1,1,1,1.0
1,1,3.5,21,0.48,1,8.7,0.7,0,0,0,0,0.03892857142857143
1,0,4.35,18,1.57,0,114.6,5.3,0,0,0,0,0.2512142857142857
1,0,1.0,14,0.97,0,32.1,0.9,0,0,0,0,0.0175
1,1,0.28,17,1.7,0,117.7,9.3,0,0,0,0,0.049523809523809526
1,0,2.3,20,0.0,0,60.9,2.9,0,0,1,1,0.9966666666666667
1,0,4.78,22,0.09,0,42.0,5.5,0,0,0,0,0.02
1,0,2.43,20,,1,91.5,16.5,0,1,0,1,0.7906587301587301
1,0,0.15,14,1.82,0,43.7,3.1,0,0,0,0,0.0125
1,0,1.04,14,0.93,0,9.4,0.3,0,0,0,0,0.08192857142857143
1,1,10.9,10,1.38,0,0.2,0.0,0,0,0,0,0.05116666666666667
1,0,4.13,21,0.15,0,25.2,3.7,0,0,0,0,0.006
1,1,2.81,21,,0,10.4,1.1,0,1,1,1,1.0
0,0,1.97,40,0.0,0,83.3,50.7,0,0,1,1,0.9683333333333334
1,0,0.0,0,,0,0.0,0.0,0,1,1,1,1.0
1,0,0.9,0,1.07,0,3.0,0.6,0,0,1,1,0.7375952380952381
1,0,1.27,35,0.7,0,109.5,7.1,0,0,0,0,0.1
1,1,1.18,28,1.04,1,138.5,7.9,0,0,0,0,0.09822619047619048
1,1,0.32,15,1.65,0,27.8,3.6,0,0,0,0,0.02
1,1,10.1,26,,1,43.3,1.9,0,1,1,0,0.4299603174603175
0,0,0.28,19,,0,0.0,0.0,0,1,1,1,1.0
1,0,3.04,12,0.9,0,51.2,1.5,0,0,0,0,0.01
1,0,0.91,14,1.06,0,35.0,1.9,0,0,0,0,0.021666666666666664
0,0,5.25,14,,0,0.0,0.0,0,1,1,1,1.0
0,0,0.61,0,0.0,0,0.0,0.0,4,0,1,1,1.0
1,1,3.92,28,0.07,0,111.9,6.4,0,0,0,0,0.013571428571428573
1,0,2.0,0,,0,0.0,0.0,0,1,1,1,1.0
1,1,1.98,0,,0,1.5,0.1,4,1,1,1,1.0
1,0,0.09,11,1.53,0,2.9,0.1,0,0,1,0,0.28709523809523807
1,1,3.22,24,0.63,0,72.1,4.2,0,0,0,0,0.025333333333333333
1,0,5.84,24,,0,127.9,10.1,0,1,0,0,0.23110714285714282
1,1,6.91,21,0.21,0,5.8,2.1,0,0,0,0,0.05983333333333332
1,0,3.72,13,,2,0.0,0.0,0,1,1,1,1.0
1,1,3.38,21,0.59,0,36.7,3.8,0,0,0,0,0.048928571428571425
1,0,4.61,21,0.5,0,302.1,13.5,0,0,0,0,0.009583333333333333
1,1,11.65,21,0.43,0,22.3,1.6,0,0,0,0,0.028166666666666663
1,0,0.66,21,,0,6.0,1.0,0,1,1,1,1.0
1,0,2.07,14,1.87,0,10.3,1.5,0,0,0,0,0.10235714285714285
1,1,2.99,24,0.95,0,198.5,20.2,0,0,0,0,0.030333333333333334
1,1,0.6,27,0.33,2,131.7,14.5,0,0,1,0,0.14493650793650795
1,0,7.31,15,2.0,2,102.9,7.3,0,0,0,0,0.152
1,0,2.26,23,,0,0.9,0.1,0,1,1,1,1.0
0,0,3.55,31,,0,28.9,1.8,0,1,0,1,0.7763809523809525
1,1,9.36,16,1.66,2,39.8,4.6,0,0,0,0,0.045
0,0,2.64,20,,0,25.7,1.4,0,1,1,1,0.9167936507936507
1,0,1.08,22,,0,0.0,0.0,0,1,1,1,1.0
1,0,2.33,37,,0,226.0,5.3,0,1,0,0,0.4202857142857143
0,0,0.38,30,1.59,1,73.5,6.3,0,0,0,0,0.16616666666666663
0,0,0.44,11,0.0,1,22.0,1.6,0,0,1,1,1.0
1,0,0.41,31,2.55,0,31.0,2.5,0,0,0,0,0.051750000000000004
1,1,2.06,12,1.87,0,11.5,0.6,0,0,0,0,0.028142857142857147
1,1,0.7,15,1.28,2,51.9,3.6,0,0,0,0,0.01633333333333333
1,0,0.61,18,1.7,0,77.7,6.1,0,0,0,0,0.22732142857142856
0,0,0.36,21,,2,15.0,1.5,0,1,1,1,0.9966666666666666
0,0,1.25,0,0.19,0,0.0,0.0,7,0,1,1,1.0
1,0,3.1,16,0.0,0,7.6,0.3,0,0,1,1,1.0
1,1,8.77,15,1.75,0,6.4,0.3,0,0,0,0,0.04476190476190476
1,0,0.13,13,1.84,0,5.2,0.4,0,0,0,0,0.056749999999999995
1,1,0.54,10,0.0,0,0.4,0.0,0,0,1,1,0.98
1,0,6.37,14,1.78,0,101.1,5.2,0,0,0,0,0.03526190476190476
1,0,0.09,10,0.78,0,28.9,1.3,0,0,0,0,0.1624047619047619
1,1,0.17,21,1.8,0,14.7,1.8,0,0,0,0,0.015
1,1,0.12,17,1.85,0,58.8,2.8,0,0,0,0,0.0011111111111111111
1,1,2.09,27,0.0,0,48.6,5.4,0,0,1,1,1.0
0,0,3.85,139,,2,470.8,20.9,0,1,1,0,0.4834761904761905
1,1,1.97,20,,0,111.1,26.2,0,1,1,1,0.8409761904761903
1,1,9.4,33,,0,125.0,16.7,0,1,1,0,0.4957380952380953
1,0,1.58,13,0.36,0,52.7,9.1,0,0,0,0,0.0165
0,0,1.07,18,,0,69.0,10.0,0,1,1,1,0.9439761904761907
0,0,0.64,54,0.0,0,0.0,0.0,0,0,1,1,1.0
1,1,0.49,16,1.48,0,30.5,2.5,0,0,0,0,0.20488095238095239
0,0,2.02,21,,0,4.4,0.3,0,1,1,1,1.0
1,1,3.95,24,1.94,0,116.6,8.4,0,0,0,0,0.03216666666666666
1,0,2.35,30,,0,151.3,18.0,0,1,0,1,0.6900476190476192
0,0,2.35,22,,0,24.2,1.9,0,1,1,1,0.9875
1,0,2.22,10,1.92,0,88.2,9.6,0,0,0,0,0.23037698412698412
1,1,7.31,15,1.43,0,11.7,1.6,0,0,0,0,0.06466666666666666
1,0,8.13,21,0.58,1,2.7,0.4,0,0,0,0,0.048011904761904756
1,1,4.29,29,1.97,0,48.2,8.5,0,0,0,0,0.13948015873015873
1,0,6.59,25,,0,42.6,5.5,0,1,1,1,0.6797222222222221
1,1,0.48,9,0.0,0,38.9,3.7,0,0,1,1,1.0
1,1,3.72,21,0.26,0,19.0,1.4,0,0,0,0,0.01819047619047619
0,0,0.28,15,1.69,0,0.0,0.0,0,0,1,1,1.0
1,0,2.0,23,,0,9.0,0.6,0,1,1,1,1.0
1,0,0.35,19,0.5,0,84.9,9.5,0,0,0,0,0.08016666666666666
1,0,3.12,19,0.75,0,11.9,2.0,0,0,1,0,0.21346825396825403
1,0,1.73,10,0.0,0,34.1,5.3,0,0,1,1,0.9891666666666665
1,1,2.12,16,1.78,0,163.6,8.4,0,0,0,0,0.09933333333333336
1,0,1.12,24,,0,48.1,3.0,0,1,0,1,0.908142857142857
1,0,5.96,12,1.04,1,20.5,1.4,0,0,0,0,0.0
1,0,2.08,26,,0,68.6,2.7,0,1,1,1,0.8890238095238095
1,1,1.82,23,0.16,0,260.3,59.3,0,0,1,0,0.06583333333333333
0,0,0.49,18,1.48,1,0.0,0.0,0,0,1,1,1.0
1,1,1.19,28,1.03,0,169.2,10.9,0,0,0,0,0.02
1,0,2.1,25,,0,41.7,45.8,0,1,1,1,0.9100238095238096
1,0,1.11,14,0.86,0,67.0,6.1,0,0,0,0,0.019285714285714285
1,1,11.08,20,,0,23.9,1.7,0,1,1,0,0.4933809523809526
1,1,1.99,18,,1,65.0,3.3,0,1,1,1,0.8576428571428572
1,0,3.11,12,0.84,0,39.4,2.9,0,0,0,0,0.0
1,0,1.72,6,,0,0.0,0.0,0,1,1,1,1.0
1,1,9.7,10,1.74,0,28.6,1.5,1,0,0,0,0.059500000000000004
1,0,3.37,0,,0,8.2,0.5,6,1,1,1,0.9975
1,1,0.12,9,1.85,0,39.7,4.5,0,0,0,0,0.06683333333333334
1,0,1.0,21,,2,35.7,6.4,0,1,1,1,0.8827222222222221
0,0,1.58,0,,0,5.9,0.4,3,1,1,1,0.9975
1,0,2.9,40,,0,20.2,2.0,0,1,1,1,0.7610833333333333
1,1,0.61,22,1.36,4,21.1,1.9,0,0,0,0,0.11083333333333334
1,1,8.54,22,0.09,0,58.2,3.9,0,0,0,0,0.013333333333333332
1,0,7.36,8,,0,3.2,0.1,2,1,1,1,0.7505
0,0,0.92,64,0.0,0,0.0,0.0,0,0,1,1,1.0
1,0,2.71,20,0.0,0,6.3,0.3,0,0,1,1,1.0
0,0,2.39,0,,0,0.0,0.0,7,1,1,1,1.0
1,0,1.57,22,,0,3.3,0.2,0,1,1,1,1.0
0,0,3.41,0,,0,8.7,1.2,0,1,1,1,0.9635833333333332
1,1,5.84,19,0.3,3,52.0,2.6,0,0,1,0,0.11033333333333335
1,0,1.99,30,,0,46.1,1.4,0,1,1,1,0.9699047619047618
0,0,0.77,26,0.0,1,37.2,2.9,0,0,1,1,1.0
1,0,0.6,14,1.06,0,109.2,5.7,0,0,0,0,0.04285714285714286
1,1,4.97,21,0.22,0,26.3,4.6,0,0,0,0,0.0
1,0,0.87,16,,0,115.4,5.1,0,1,1,1,0.8058174603174604
1,1,1.34,12,0.0,0,5.1,0.7,0,0,1,1,0.99
1,0,0.61,14,1.36,0,40.6,2.9,0,0,0,0,0.022666666666666665
1,1,1.38,12,0.89,0,131.7,4.8,0,0,1,0,0.14747619047619048
0,0,1.13,4,0.0,0,0.0,0.0,0,0,1,1,1.0
0,0,0.02,4,,0,0.0,0.0,0,1,1,1,1.0
1,1,0.32,11,0.32,0,101.8,26.5,0,0,0,0,0.22769047619047617
1,0,4.62,21,0.36,4,32.3,1.1,0,0,0,0,0.10958333333333334
0,0,0.37,9,0.01,0,0.0,0.0,0,0,1,1,1.0
1,1,2.17,12,1.76,0,10.1,0.8,0,0,0,0,0.0565
0,0,0.46,16,1.51,1,18.5,0.8,0,0,1,1,0.6924285714285715
1,0,1.09,30,0.0,4,51.3,4.0,0,0,1,1,0.9875
1,0,0.42,12,0.0,0,5.2,0.9,0,0,1,1,1.0
1,1,0.02,0,1.95,0,,,0,0,0,0,0.0
0,0,1.98,0,,0,1.4,0.2,6,1,1,1,1.0
0,0,2.18,25,,2,23.4,2.7,0,1,1,1,0.961547619047619
0,0,2.1,20,,0,3.4,0.2,0,1,1,1,0.9518333333333332
1,1,1.78,12,0.19,0,109.3,4.8,0,0,0,0,0.010714285714285714
1,0,2.09,15,,0,0.1,0.0,0,1,1,1,0.953888888888889
0,0,2.85,0,,0,2.6,0.4,6,1,1,1,1.0
0,0,0.88,17,1.34,0,0.0,0.0,0,0,1,1,1.0
1,0,1.06,22,0.91,0,58.1,1.8,0,0,0,0,0.04241666666666667
1,0,0.23,0,1.99,0,110.6,11.2,0,0,0,0,0.00875
1,0,2.98,12,0.95,0,17.8,1.3,0,0,0,0,0.0
0,0,0.0,1,0.0,0,0.0,0.0,0,0,1,1,1.0
1,1,1.04,24,0.93,0,110.2,6.1,0,0,0,0,0.012976190476190474
1,0,0.44,19,0.0,0,15.0,2.6,0,0,1,1,1.0
1,0,0.27,20,0.0,7,30.5,1.6,0,0,1,1,1.0
1,0,3.2,25,0.0,0,0.0,0.0,0,0,1,1,1.0
1,0,0.94,20,1.04,0,14.3,1.7,0,0,0,0,0.06603571428571428
1,0,0.6,8,1.37,2,7.7,0.8,0,0,0,0,0.07792857142857143
1,0,2.45,22,,0,9.0,0.5,0,1,1,1,0.99
1,1,1.11,22,0.86,0,5.4,0.6,0,0,0,0,0.03944444444444445
1,1,0.87,15,1.1,0,28.0,2.6,0,0,0,0,0.1225
1,1,0.41,11,1.65,0,32.3,3.4,0,0,1,0,0.20808333333333334
0,0,1.82,24,0.0,0,14.4,1.0,0,0,1,1,1.0
0,0,1.11,20,0.0,0,0.0,0.0,0,0,1,1,1.0
1,0,0.38,0,,0,0.0,0.0,5,1,1,1,1.0
1,1,0.18,22,1.79,0,67.6,7.6,0,0,0,0,0.016666666666666666
1,0,5.07,19,1.64,0,59.6,3.1,0,0,0,0,0.11003787878787881
1,0,1.83,21,0.14,1,3.6,0.2,0,0,0,0,0.11420238095238096
0,0,1.74,56,,0,85.5,65.0,0,1,1,1,0.7428928571428571
0,0,1.52,38,0.0,0,62.0,3.6,0,0,1,1,1.0
1,0,3.17,18,0.0,0,8.2,0.8,0,0,1,1,1.0
0,0,1.34,33,,1,9.3,0.5,0,1,1,1,0.9908333333333332
1,0,0.42,19,0.0,0,9.1,0.3,0,0,1,1,1.0
1,0,0.33,20,0.0,0,0.0,0.0,0,0,1,1,1.0
1,0,0.9,14,1.08,0,15.4,0.9,0,0,0,0,0.0
1,0,0.93,14,1.04,0,56.6,2.1,0,0,0,0,0.003666666666666667
1,0,5.44,21,0.17,0,38.7,2.7,0,0,0,0,0.005
1,0,0.72,0,,0,0.8,0.1,2,1,1,1,1.0
1,0,2.06,37,,0,17.6,1.4,0,1,1,1,0.9527857142857142
1,0,7.73,20,,0,41.8,2.4,0,1,0,1,0.8632738095238096
1,0,3.9,31,1.84,2,44.4,2.2,0,0,0,0,0.1251428571428571
1,1,1.29,19,1.67,0,42.8,1.8,0,0,0,0,0.19466666666666668
1,0,1.84,17,1.82,0,38.0,2.4,0,0,0,0,0.2570396825396825
1,0,1.99,29,,1,24.5,1.7,0,1,1,1,0.8798809523809524
1,0,1.75,26,0.0,0,80.9,2.5,0,0,1,1,1.0
1,1,4.22,22,1.01,0,10.8,0.8,0,0,0,0,0.04121428571428572
1,1,1.99,28,1.95,0,57.6,4.8,0,0,0,0,0.05283333333333332
1,0,2.9,12,1.05,1,10.3,1.9,0,0,0,0,0.002857142857142857
1,1,0.36,10,1.8,0,81.0,3.6,0,0,0,0,0.11558333333333332
1,1,0.28,21,1.01,0,24.6,2.2,0,0,0,0,0.13233333333333333
1,1,1.88,15,1.18,0,91.3,3.2,0,0,0,0,0.05
1,1,2.79,25,0.11,0,51.9,8.1,0,0,0,0,0.015333333333333332
1,1,4.19,22,1.84,0,145.3,14.2,0,0,0,0,0.02069047619047619
1,0,6.46,4,0.13,0,5.1,0.5,0,0,1,1,0.6602380952380952
0,0,0.14,24,1.84,0,69.0,4.4,0,0,0,0,0.0225
1,1,0.48,23,1.49,0,36.9,1.5,0,0,0,0,0.11972619047619046
1,1,2.31,23,1.3,1,117.3,5.4,0,0,1,0,0.1370595238095238
0,0,1.42,20,0.0,0,93.1,14.6,0,0,1,1,0.9966666666666666
1,1,0.28,17,1.24,3,4.6,0.5,0,0,0,0,0.21773809523809523
1,0,1.61,14,0.36,0,40.7,5.7,0,0,1,0,0.37876190476190463
1,1,0.45,11,1.53,2,15.2,1.0,0,0,0,0,0.39047619047619053
0,0,2.84,23,,0,0.3,0.1,0,1,1,1,0.9925
1,1,1.57,18,1.48,0,89.0,5.8,0,0,1,0,0.2949761904761905
1,1,7.46,21,0.0,2,7.9,0.4,0,0,1,1,0.9600000000000002
1,0,2.0,26,0.0,0,8.4,0.2,0,0,1,1,1.0
1,0,1.1,14,,0,8.7,0.6,0,1,1,1,0.9775
0,0,3.87,21,0.0,0,11.9,0.5,0,0,1,1,1.0
1,0,0.98,13,0.0,0,14.7,0.7,0,0,1,1,1.0
1,0,0.57,21,0.0,0,0.0,0.0,0,0,1,1,1.0
1,0,1.13,27,0.0,2,37.4,3.2,0,0,1,1,0.99
1,0,0.42,19,0.0,0,54.4,4.2,0,0,1,1,1.0
1,0,2.81,24,,0,10.7,1.5,0,1,1,1,0.9228373015873015
1,0,2.03,33,,0,81.3,1.7,0,1,1,1,0.7994523809523808
1,1,4.33,27,1.59,1,48.9,3.1,0,0,0,0,0.17135714285714287
1,1,0.52,14,1.45,0,46.7,3.8,0,0,1,0,0.14384523809523808
1,0,2.95,41,,1,67.1,3.4,0,1,1,1,0.8502857142857142
1,0,1.27,0,0.0,0,0.0,0.0,6,0,1,1,1.0
1,0,0.18,20,,1,27.4,0.7,0,1,1,1,0.916111111111111
1,1,3.07,0,,0,0.0,0.0,0,1,1,1,1.0
1,1,2.1,20,1.81,0,50.6,3.8,0,0,0,0,0.0275
0,0,1.07,20,0.0,0,0.0,0.0,0,0,1,1,1.0
0,0,0.99,26,0.0,1,22.4,1.0,0,0,1,1,1.0
1,1,6.52,10,1.1,0,13.3,1.2,0,0,0,0,0.03416666666666667
1,0,1.11,20,0.86,0,59.6,7.5,0,0,0,0,0.08594444444444445
1,1,2.0,12,1.93,0,42.9,3.4,0,0,0,0,0.042
1,1,2.39,0,,0,3.5,0.2,7,1,1,1,1.0
1,0,0.45,11,0.22,0,9.6,1.6,0,0,0,0,0.20035714285714284
1,0,1.75,13,0.17,0,22.6,1.8,0,0,0,0,0.008
1,0,2.88,18,,0,44.3,4.3,0,1,1,1,0.7457460317460317
1,1,2.78,12,0.37,0,52.9,2.2,0,0,0,0,0.02475
1,1,2.11,16,1.81,0,34.6,7.3,0,0,0,0,0.017555555555555557
0,0,0.54,19,,0,1.5,0.1,0,1,1,1,1.0
1,0,0.77,17,0.0,0,15.9,1.1,0,0,1,1,1.0
1,1,0.58,14,1.64,0,27.7,2.0,0,0,0,0,0.055
1,0,0.42,15,,0,0.0,0.0,0,1,1,1,1.0
0,0,0.99,21,1.0,0,0.0,0.0,0,0,1,1,1.0
1,1,5.77,39,,0,21.8,2.0,0,1,1,1,0.7681190476190477
1,0,4.57,19,1.72,0,227.0,15.5,0,0,0,0,0.0393989898989899
1,0,1.97,19,0.0,0,87.8,2.7,0,0,1,1,0.995
1,1,1.97,12,0.0,0,79.1,3.6,0,0,1,1,1.0
1,0,1.68,13,0.24,0,9.4,0.6,0,0,0,0,0.011333333333333332
1,0,1.08,14,0.9,2,38.7,5.2,0,0,0,0,0.03
1,1,3.89,20,0.03,0,62.7,4.6,0,0,0,0,0.0
0,0,0.67,22,0.0,0,0.0,0.0,0,0,1,1,1.0
1,0,4.56,26,0.0,0,7.7,0.9,0,0,1,1,1.0
1,0,1.48,18,0.44,0,29.7,1.6,0,0,0,0,0.4587142857142857
0,0,0.0,1,,0,0.0,0.0,0,1,1,1,1.0
1,0,2.17,16,,0,20.2,2.1,0,1,1,1,0.7660595238095239
1,0,3.99,18,0.0,0,7.3,0.8,0,0,1,1,0.995
1,1,2.65,16,2.01,0,2.0,0.3,0,0,0,0,0.1625595238095238
0,0,0.84,37,0.0,1,0.0,0.0,0,0,1,1,1.0
1,0,1.13,28,0.0,0,81.1,2.8,0,0,1,1,1.0
0,0,1.21,36,0.0,1,27.6,3.9,0,0,1,1,0.9942857142857143
1,0,1.53,26,0.0,3,21.8,0.7,0,0,1,1,1.0
1,0,1.34,20,0.87,0,49.6,6.0,0,0,0,0,0.1139761904761905
1,0,0.74,29,0.0,2,51.6,2.6,0,0,1,1,1.0
1,0,0.98,26,0.0,0,75.9,6.0,0,0,1,1,1.0
1,1,2.7,15,,0,6.0,0.4,0,1,1,1,0.9391666666666667
1,0,3.08,24,,0,18.0,1.5,0,1,1,1,0.7647023809523809
1,0,2.54,30,1.08,0,71.8,6.3,0,0,0,0,0.08716666666666667
1,1,1.98,21,,3,12.4,1.6,0,1,1,1,0.9966666666666667
1,0,5.7,22,0.94,0,15.3,1.5,0,0,0,0,0.0016666666666666666
1,1,3.38,19,1.94,0,19.7,3.6,0,0,0,0,0.01
1,1,4.73,20,0.0,0,17.2,0.8,0,0,1,1,0.9158095238095239
1,0,2.0,19,1.93,0,193.2,15.9,0,0,0,0,0.002
1,1,3.56,12,0.9,0,101.9,6.9,0,0,0,0,0.06066666666666667
1,0,1.99,14,1.95,0,44.9,2.8,0,0,0,0,0.053
1,1,6.43,18,0.04,0,65.4,8.2,0,0,1,0,0.13616666666666666
1,0,2.01,23,,0,10.5,0.5,0,1,1,1,1.0
1,0,0.0,0,0.0,0,8.3,0.4,0,0,1,1,0.9975
1,0,0.05,4,0.0,0,2.7,0.1,0,0,1,1,1.0
1,0,2.28,16,,0,12.6,1.2,0,1,1,1,0.9448214285714286
1,0,0.17,20,1.8,0,36.6,1.5,0,0,0,0,0.016666666666666666
1,1,2.3,22,1.65,0,150.1,4.8,0,0,1,0,0.17791666666666664
1,1,4.15,15,1.32,0,38.4,2.6,0,0,0,0,0.04333333333333333
0,0,1.29,17,0.0,0,0.0,0.0,0,0,1,1,1.0
1,1,2.04,21,,0,42.8,2.0,0,1,1,1,0.754388888888889
1,1,2.2,0,,1,0.0,0.0,1,1,1,1,1.0
1,0,2.62,24,,0,21.6,1.8,0,1,1,1,0.75225
1,0,0.66,21,0.0,1,0.0,0.0,0,0,1,1,1.0
1,1,2.71,20,,0,1.8,0.1,0,1,1,1,0.9783333333333333
1,1,7.98,26,0.42,0,107.3,6.8,0,0,0,0,0.06833333333333334
1,1,0.66,21,0.0,0,236.5,14.5,0,0,1,1,0.9966666666666666
1,0,2.37,23,,0,3.0,0.3,0,1,1,1,1.0
1,0,3.81,0,,0,34.7,2.3,0,1,1,1,0.8231666666666666
1,0,0.45,12,0.0,0,12.3,1.1,0,0,1,1,1.0
1,0,1.96,20,1.49,0,76.2,7.9,5,0,0,0,0.03445238095238095
0,0,0.52,21,0.0,0,26.3,1.4,0,0,1,1,0.99
1,1,4.58,12,0.48,0,136.3,7.1,0,0,0,0,0.038000000000000006
0,0,1.02,19,,0,23.7,1.0,0,1,1,1,0.9759047619047619
1,0,0.76,14,1.21,0,16.2,3.6,0,0,0,0,0.05083333333333334
1,1,3.33,20,0.53,0,49.5,2.2,0,0,0,0,0.11975
0,0,2.49,0,,2,0.0,0.0,3,1,1,1,1.0
1,0,3.75,21,0.0,1,1.2,0.0,0,0,1,1,0.9883333333333333
1,0,2.26,21,0.24,0,38.8,3.9,0,0,0,0,0.05583333333333333
1,0,0.75,8,0.0,0,54.3,2.6,0,0,1,1,1.0
0,0,2.77,24,,2,25.9,1.0,0,1,1,1,0.954297619047619
1,0,1.88,30,0.0,0,89.9,11.1,0,0,1,1,1.0
1,1,1.01,22,0.96,0,86.4,6.6,0,0,0,0,0.04133333333333334
1,1,0.63,15,1.34,0,25.2,1.5,0,0,0,0,0.03678571428571429
1,1,0.17,15,1.8,0,36.0,1.5,0,0,0,0,0.0025
1,1,0.62,23,0.0,4,10.9,4.2,0,0,1,1,0.98
0,0,0.95,51,0.0,0,0.0,0.0,0,0,1,1,0.99
1,0,6.78,24,,0,31.1,2.1,0,1,0,0,0.2642857142857143
1,0,1.19,8,0.78,0,63.2,4.2,0,0,0,0,0.09707142857142856
1,1,5.06,15,1.66,0,119.4,3.0,0,0,1,0,0.06657142857142857
1,0,1.06,10,0.0,0,13.1,0.5,0,0,1,1,1.0
0,0,0.55,0,,0,4.6,0.3,6,1,1,1,1.0
0,0,1.28,0,0.0,0,0.0,0.0,0,0,1,1,1.0
1,0,3.91,11,0.0,0,46.3,3.1,0,0,1,1,0.9841666666666667
1,0,0.91,14,1.07,0,101.6,7.0,0,0,0,0,0.003333333333333333
1,0,0.46,30,1.51,1,17.2,1.3,0,0,0,0,0.06588095238095237
0,0,6.7,17,,0,34.6,2.9,0,1,1,1,0.8072380952380952
0,0,4.4,15,0.0,5,4.3,0.3,0,0,1,1,1.0
1,0,0.43,16,1.35,0,45.4,2.9,0,0,1,0,0.2230634920634921
0,0,1.98,0,,0,0.0,0.0,1,1,1,1,1.0
1,1,2.93,24,0.99,0,65.5,3.0,0,0,0,0,0.09399999999999999
1,0,0.99,17,0.99,0,65.2,6.7,0,0,1,0,0.27065476190476195
1,0,1.31,12,0.95,0,40.8,3.9,0,0,0,0,0.058249999999999996
1,1,1.02,6,0.0,1,0.0,0.0,0,0,1,1,1.0
1,0,0.24,18,0.1,1,21.4,2.3,0,0,0,0,0.16101190476190474
1,0,2.16,8,,0,67.5,4.8,0,1,1,1,0.6206309523809524
1,0,0.08,10,0.15,0,20.4,1.4,0,0,0,0,0.1235
1,0,1.62,20,,0,34.3,2.3,0,1,1,1,0.9371666666666667
1,1,4.63,10,1.27,1,27.8,2.0,0,0,0,0,0.015
0,0,1.95,0,,0,0.0,0.0,4,1,1,1,1.0
0,0,0.98,23,,0,0.0,0.0,0,1,1,1,1.0
1,1,1.13,18,1.8,0,67.0,9.8,0,0,0,0,0.0125
1,0,2.94,12,1.02,0,11.5,2.0,0,0,0,0,0.004
0,0,0.28,16,0.0,3,0.0,0.0,0,0,1,1,1.0
1,1,1.39,36,1.83,0,197.3,15.3,0,0,0,0,0.10871428571428568
0,0,0.55,21,,0,0.0,0.0,0,1,1,1,1.0
1,1,2.48,15,1.43,1,52.2,2.7,0,0,0,0,0.04516666666666667
1,1,3.85,10,1.15,0,57.9,5.1,0,0,0,0,0.016666666666666666
1,1,6.21,32,,0,30.2,0.9,0,1,1,1,0.7270515873015873
1,0,1.13,22,0.84,0,46.0,3.4,0,0,0,0,0.0026785714285714286
1,0,0.11,10,1.86,0,19.6,1.0,0,0,0,0,0.015
1,0,0.24,22,0.03,0,0.0,0.0,0,0,1,1,0.9940000000000001
1,1,3.08,24,,1,4.4,0.3,0,1,1,1,0.9845833333333335
1,1,0.73,32,1.01,0,355.7,25.1,0,0,0,0,0.11184523809523808
1,0,1.96,14,0.01,0,31.5,2.1,0,0,0,0,0.13427380952380952
1,1,1.27,32,0.71,0,84.2,5.1,0,0,0,0,0.09638095238095237
1,0,2.01,19,,0,32.4,1.9,0,1,1,1,0.9725238095238096
1,0,5.04,16,0.0,0,17.2,0.6,0,0,1,1,0.9950000000000001
1,0,2.58,73,,0,171.2,13.9,0,1,0,0,0.4410952380952381
1,1,2.22,33,,0,43.9,4.8,0,1,1,1,0.6649047619047619
1,1,2.22,10,0.0,2,4.3,0.3,0,0,1,1,0.99
1,0,0.13,12,1.84,0,38.6,2.4,0,0,0,0,0.03583333333333333
1,1,0.2,6,0.01,0,0.0,0.0,0,0,1,1,1.0
1,0,1.3,13,0.67,0,51.9,7.3,0,0,1,0,0.44884920634920633
1,0,0.94,20,1.03,3,90.1,2.6,0,0,0,0,0.029833333333333333
1,1,0.29,13,0.0,1,28.4,1.3,0,0,1,1,1.0
0,0,2.02,0,,0,0.0,0.0,7,1,1,1,1.0
1,1,2.01,20,,0,0.0,0.0,0,1,1,1,1.0
1,1,9.26,15,1.31,0,46.5,1.9,0,0,0,0,0.06042857142857143
1,1,0.63,22,1.34,1,64.9,6.3,0,0,0,0,0.053047619047619045
1,0,4.49,21,1.72,0,121.6,7.3,0,0,0,0,0.021666666666666664
1,0,0.49,22,1.48,0,21.6,2.3,0,0,0,0,0.07433333333333333
0,0,5.24,33,,0,44.4,2.2,0,1,0,1,0.6588333333333333
1,0,4.89,18,1.51,0,34.7,4.2,1,0,0,0,0.18907142857142856
1,0,4.81,11,1.58,1,52.8,9.0,0,0,0,0,0.20967532467532468
1,0,6.85,12,0.92,0,47.3,4.3,0,0,0,0,0.013333333333333332
0,0,2.7,23,,0,18.2,0.7,0,1,1,1,1.0
1,1,5.36,21,0.53,0,49.6,5.9,0,0,0,0,0.021333333333333333
1,1,1.56,15,0.41,0,0.6,0.0,0,0,1,0,0.2565634920634921
1,0,3.85,13,,0,3.1,0.4,0,1,1,1,1.0
1,1,0.7,30,1.28,1,35.7,4.8,0,0,0,0,0.09877777777777778
1,0,2.72,23,,1,0.0,0.0,0,1,1,1,1.0
1,1,5.7,0,,0,0.0,0.0,6,1,1,1,0.996
0,0,0.94,21,1.03,0,0.0,0.0,0,0,1,1,1.0
1,1,2.19,17,1.34,0,71.8,3.5,0,0,1,0,0.4586428571428572
1,0,1.9,14,0.05,0,12.3,1.0,0,0,0,0,0.06747619047619048
1,0,2.59,26,1.31,0,30.5,1.5,0,0,1,0,0.13483730158730162
1,1,0.19,12,1.78,2,29.1,1.9,0,0,0,0,0.1839285714285714
1,0,2.27,23,,0,5.3,0.6,0,1,1,1,1.0
0,0,2.39,12,,0,0.0,0.0,0,1,1,1,1.0
1,1,2.58,25,0.31,0,26.2,2.0,0,0,0,0,0.04333333333333334
0,0,4.83,19,0.0,0,0.4,0.0,0,0,1,1,0.995
1,0,1.29,29,,0,45.8,4.3,0,1,0,1,0.9159444444444444
0,0,2.33,20,,0,27.7,1.6,0,1,1,1,0.9684999999999999
1,0,0.47,20,0.01,9,0.0,0.0,0,0,1,1,1.0
1,1,0.78,15,1.19,0,42.3,4.2,0,0,0,0,0.01
1,0,1.04,21,0.0,0,0.0,0.0,0,0,1,1,1.0
1,0,0.01,0,1.96,0,,,0,0,0,0,0.0
1,0,4.72,19,,1,11.4,1.8,0,1,1,1,0.9804166666666666
1,1,1.93,11,1.95,0,114.4,6.3,0,0,1,0,0.25417063492063496
1,0,0.2,18,0.02,0,67.6,4.3,0,0,0,0,0.16307142857142856
1,1,5.37,19,1.9,0,123.3,9.5,0,0,0,0,0.09416666666666666
1,1,1.22,17,1.75,0,62.3,9.5,0,0,0,0,0.02333333333333333
1,0,2.89,12,1.03,3,12.4,2.4,0,0,0,0,0.014166666666666666
1,0,5.7,25,0.45,0,48.3,3.0,0,0,0,0,0.03752380952380952
1,1,4.6,14,,0,23.3,2.0,0,1,1,1,0.8698333333333333
1,0,1.02,14,0.95,0,86.6,7.1,0,0,0,0,0.0
0,0,0.41,6,0.0,0,0.0,0.0,0,0,1,1,1.0
1,1,1.18,23,0.53,0,76.4,5.7,0,0,1,0,0.0684047619047619
1,1,6.41,24,1.61,0,240.3,12.4,0,0,0,0,0.03926190476190476
1,1,6.23,15,1.39,0,90.0,9.2,0,0,0,0,0.0195
1,0,6.88,21,0.2,0,96.8,4.1,0,0,0,0,0.0
1,0,2.07,23,,0,17.6,1.7,0,1,1,1,1.0
1,0,1.45,9,0.53,1,82.0,3.5,0,0,0,0,0.4345634920634921
1,0,1.81,13,0.16,0,174.6,13.4,0,0,0,0,0.03333333333333333
1,0,1.49,21,0.43,0,24.2,8.5,0,0,0,0,0.11385714285714284
1,1,2.06,13,1.88,0,10.9,1.2,0,0,0,0,0.02630952380952381
1,1,1.86,13,1.2,1,63.0,3.1,0,0,1,0,0.1955952380952381
0,0,0.77,26,,0,4.0,0.1,0,1,1,1,1.0
1,1,2.08,13,1.83,2,35.0,3.5,0,0,1,0,0.024166666666666666
0,0,0.01,0,,0,0.0,0.0,0,1,1,1,1.0
1,0,1.19,14,0.0,0,18.9,11.5,0,0,1,1,0.9641666666666666
1,0,0.67,20,0.0,0,54.3,4.7,0,0,1,1,1.0
1,0,0.01,1,0.0,0,0.0,0.0,0,0,1,1,1.0
1,0,1.98,30,,0,0.0,0.0,0,1,1,1,1.0
1,0,0.4,30,0.0,0,22.7,1.3,0,0,1,1,0.998
1,0,0.01,0,0.0,0,8.2,1.8,0,0,1,1,0.9775
1,0,6.33,21,0.13,0,2.6,0.1,0,0,0,0,0.019345238095238096
1,1,5.9,21,,0,15.0,1.9,0,1,0,1,0.8386071428571428
1,0,2.0,22,0.0,0,22.6,2.2,0,0,1,1,0.99
1,1,3.05,12,0.89,0,28.2,5.0,0,0,0,0,0.016583333333333332
1,0,1.01,21,0.0,0,2.9,0.2,0,0,1,1,1.0
1,0,7.11,19,0.0,0,15.4,1.2,0,0,1,1,0.987111111111111
1,0,4.41,21,0.39,0,28.5,3.5,0,0,0,0,0.027714285714285712
1,1,1.59,20,0.0,0,0.0,0.0,0,0,1,1,1.0
1,1,6.27,10,1.2,3,23.5,1.0,0,0,0,0,0.013333333333333332
1,0,2.48,18,1.59,0,70.4,4.4,0,0,0,0,0.21178571428571427
1,0,1.25,12,0.72,0,70.3,4.8,0,0,1,0,0.15630952380952384
1,1,1.6,37,0.38,0,109.8,11.7,0,0,0,0,0.13073809523809524
1,0,0.94,20,1.03,0,83.0,4.7,0,0,0,0,0.016666666666666666
1,0,1.35,13,0.56,2,10.5,3.1,0,0,0,0,0.13383333333333336
0,0,2.0,21,,7,71.4,10.9,0,1,1,1,0.8956666666666666
1,0,1.99,23,,0,0.5,0.1,0,1,1,1,0.9733333333333333
1,0,0.79,21,,0,8.6,0.4,0,1,1,1,0.9907142857142857
1,1,3.93,20,1.97,0,55.0,2.5,0,0,0,0,0.02
1,0,1.26,16,0.72,3,32.4,1.4,0,0,1,0,0.4714188311688312
1,1,2.99,25,0.93,0,132.3,6.3,0,0,0,0,0.06011904761904762
1,0,2.5,25,,0,51.2,7.1,0,1,1,1,0.7241904761904762
1,1,6.12,15,1.19,1,118.5,7.1,0,0,0,0,0.003333333333333333
1,0,2.1,22,,2,0.0,0.0,0,1,1,1,1.0
1,1,2.27,18,,0,0.0,0.0,0,1,1,1,1.0
1,1,1.49,16,0.0,1,48.4,2.8,0,0,1,1,1.0
1,1,1.53,12,0.42,0,42.8,2.1,0,0,0,0,0.03833333333333333
1,1,0.87,11,1.1,4,15.2,1.1,0,0,0,0,0.198
1,0,1.3,22,0.61,0,110.5,9.9,0,0,0,0,0.021
1,1,4.15,17,1.92,0,43.5,2.4,0,0,0,0,0.0
1,0,0.01,0,1.96,0,,,0,0,0,0,0.0
1,0,1.98,23,,0,26.2,0.9,0,1,1,1,0.995
1,0,1.07,6,0.0,1,19.2,0.8,0,0,1,1,1.0
0,0,2.85,51,,0,0.0,0.0,0,1,1,1,1.0
1,0,0.18,17,1.8,0,16.5,2.1,0,0,0,0,0.021666666666666664
1,0,2.06,23,,0,3.8,0.3,0,1,1,1,1.0
0,0,2.33,15,,0,18.4,0.8,3,1,1,1,0.971
1,0,1.98,30,,0,24.5,61.9,0,1,1,1,0.9353095238095238
1,0,3.26,26,,0,61.6,6.1,0,1,1,1,0.8274603174603176
1,0,0.2,17,,0,27.4,0.9,0,1,1,1,0.8090000000000002
1,1,6.5,16,1.76,0,18.9,2.0,0,0,0,0,0.034
1,0,1.02,14,0.96,1,18.1,1.0,0,0,0,0,0.024555555555555553
0,0,3.3,10,,0,1.9,0.2,6,1,1,1,0.9957142857142857
1,0,5.61,25,0.0,0,1.1,0.2,0,0,1,1,0.9554523809523809
0,0,0.92,0,0.0,0,0.0,0.0,4,0,1,1,1.0
1,1,2.59,10,1.32,0,11.6,0.8,0,0,0,0,0.010277777777777776
1,0,1.4,21,0.0,0,0.0,0.0,0,0,1,1,1.0
1,0,0.69,14,1.28,5,88.4,4.8,0,0,0,0,0.03363636363636364
1,0,1.39,12,1.04,0,42.4,3.6,0,0,0,0,0.05499999999999999
1,0,2.01,20,,0,166.6,8.0,0,1,1,1,0.857595238095238
0,0,0.0,1,,0,0.0,0.0,0,1,1,1,1.0
1,0,0.53,10,0.0,1,0.0,0.0,4,0,1,1,1.0
1,0,3.78,21,0.13,0,59.3,4.2,0,0,0,0,0.01
1,0,0.44,34,2.52,1,163.4,17.0,0,0,0,0,0.04516666666666667
1,0,4.24,20,1.64,0,33.0,3.3,0,0,0,0,0.05321428571428572
1,0,6.45,22,1.95,0,18.7,0.9,0,0,0,0,0.029428571428571425
1,1,0.68,22,,0,2.2,0.2,0,1,1,1,0.9912380952380953
1,1,7.99,22,1.32,0,49.3,4.1,0,0,0,0,0.13375793650793652
1,0,2.54,20,,0,40.5,12.7,0,1,1,1,0.8042857142857145
1,0,4.67,20,,0,7.2,0.7,0,1,1,1,0.8911666666666666
1,0,0.16,14,0.0,0,28.3,1.4,0,0,1,1,1.0
1,0,0.13,9,0.68,0,34.2,0.6,0,0,0,0,0.3899682539682539
0,0,4.57,24,,2,2.6,0.1,0,1,0,1,0.9483333333333333
1,0,2.97,12,0.96,0,33.6,1.9,0,0,0,0,0.01
0,0,1.48,26,,3,37.4,3.5,0,1,1,1,0.9426309523809523
1,0,1.47,34,,0,65.6,3.7,0,1,1,1,0.77054329004329
1,1,0.25,18,0.02,1,0.0,0.0,0,0,1,1,1.0
1,0,1.03,25,0.0,0,124.2,24.3,0,0,1,1,1.0
1,0,1.06,20,0.92,0,21.4,1.6,0,0,0,0,0.019666666666666666
1,1,3.84,24,0.0,0,0.0,0.0,0,0,1,1,0.9963333333333333
1,0,0.83,14,1.14,0,46.4,3.2,0,0,0,0,0.026000000000000002
0,0,1.08,23,1.37,0,0.0,0.0,0,0,1,1,1.0
1,1,5.34,13,1.44,0,83.8,3.8,0,0,0,0,0.1097420634920635
1,1,3.32,12,0.53,0,34.4,2.5,0,0,0,0,0.006428571428571428
1,0,1.97,22,0.0,0,0.0,0.0,0,0,1,1,1.0
0,0,2.21,0,,0,0.0,0.0,0,1,1,1,1.0
1,1,3.87,20,,0,93.7,3.8,0,1,0,1,0.7898333333333335
1,0,1.98,21,,0,7.4,0.7,0,1,1,1,1.0
1,0,4.13,23,1.78,0,45.5,2.9,0,0,0,0,0.11195238095238097
1,1,0.17,15,1.8,0,34.6,4.4,0,0,0,0,0.002
0,0,1.23,13,,0,0.0,0.0,0,1,1,1,1.0
1,0,1.98,29,,0,10.4,0.2,0,1,1,1,0.9945
1,0,2.49,36,1.51,0,233.8,8.1,0,0,0,0,0.09421428571428572
1,0,2.07,25,1.86,0,72.8,16.8,0,0,0,0,0.10061904761904762
1,0,5.92,33,,0,39.1,1.1,0,1,1,1,0.7594642857142858
1,1,3.93,28,0.0,0,55.7,6.3,0,0,1,1,0.9775
1,0,2.89,22,,0,27.8,1.3,0,1,1,1,0.9833333333333334
1,1,2.8,15,1.12,0,32.8,2.1,0,0,0,0,0.006500000000000001
1,0,1.41,11,0.81,0,,,0,0,0,0,0.1617222222222222
1,0,0.47,40,0.0,1,26.0,1.2,0,0,1,1,1.0
0,0,1.99,14,,0,0.0,0.0,0,1,1,1,1.0
1,0,2.58,21,,0,24.6,1.6,0,1,1,1,0.9916666666666666
1,0,2.1,14,,0,11.2,0.8,0,1,1,1,0.9591666666666667
1,0,2.1,43,,0,304.8,22.6,0,1,0,1,0.6058928571428571
0,0,1.52,21,0.0,1,0.0,0.0,0,0,1,1,1.0
1,0,1.75,13,0.17,0,120.5,4.1,0,0,0,0,0.051583333333333335
1,1,2.01,21,,0,0.0,0.0,0,1,1,1,1.0
1,0,0.18,40,0.0,0,8.9,0.5,0,0,1,1,0.995
1,0,5.25,19,1.03,0,25.9,1.1,0,0,0,0,0.23919444444444443
1,1,6.48,22,0.0,0,0.1,0.0,0,0,0,1,0.9243333333333333
1,1,4.59,21,0.72,0,2.6,0.3,0,0,0,0,0.03472222222222222
1,0,0.12,13,1.85,0,47.1,5.1,0,0,0,0,0.0125
1,0,3.14,20,0.84,0,14.2,3.9,0,0,0,0,0.024785714285714286
1,0,0.72,20,0.0,0,12.2,1.1,0,0,1,1,1.0
1,1,0.53,15,1.44,0,112.4,8.6,0,0,0,0,0.02142857142857143
1,0,0.78,22,1.19,0,37.2,4.5,0,0,0,0,0.09991666666666667
0,0,3.08,24,,0,0.0,0.0,0,1,1,1,0.995
0,0,1.66,0,0.43,0,0.0,0.0,4,0,1,1,1.0
1,0,0.25,17,,0,0.0,0.0,0,1,1,1,1.0
1,0,0.88,22,1.09,0,157.1,13.8,0,0,0,0,0.081
1,0,0.98,19,0.0,0,22.4,0.9,0,0,1,1,1.0
1,0,1.86,10,,0,0.8,0.0,1,1,1,1,1.0
1,1,2.21,17,1.72,0,40.9,3.3,0,0,0,0,0.09471428571428571
1,0,1.19,0,,0,2.5,0.1,7,1,1,1,1.0
0,0,6.28,24,0.0,0,19.6,5.3,0,0,1,1,0.925
1,0,2.11,20,1.81,0,17.8,1.5,0,0,0,0,0.16964285714285715
1,1,0.64,18,1.84,0,15.7,1.4,0,0,0,0,0.05832142857142857
0,0,1.98,23,,1,0.0,0.0,0,1,1,1,1.0
1,0,0.13,11,1.85,0,31.0,20.5,0,0,0,0,0.04257142857142857
1,1,0.25,15,0.0,0,80.1,6.0,0,0,1,1,1.0
1,0,1.85,14,0.0,0,19.1,1.0,0,0,1,1,1.0
1,1,0.21,15,1.76,0,27.0,7.2,0,0,0,0,0.047142857142857146
0,0,2.38,20,,0,7.8,4.1,0,1,1,1,0.9783809523809524
1,0,1.97,30,0.0,0,64.3,14.0,0,0,1,1,1.0
1,0,3.66,22,1.21,0,44.0,2.5,0,0,0,0,0.041428571428571426
1,0,0.05,0,0.0,0,8.6,0.1,0,0,1,1,0.9925
1,1,1.06,12,0.0,0,28.5,4.2,0,0,1,1,0.99
1,0,5.87,22,1.01,0,137.3,17.3,0,0,0,0,0.02
1,1,2.59,11,0.0,0,3.1,0.4,0,0,1,1,0.99
1,0,3.22,12,0.77,0,51.8,2.6,0,0,0,0,0.013333333333333332
1,1,0.74,14,1.24,0,6.0,0.5,0,0,0,0,0.17908333333333332
1,0,4.92,22,0.85,0,29.0,1.8,0,0,0,0,0.01702380952380952
1,0,0.93,14,1.05,7,19.1,6.8,0,0,0,0,0.11961904761904764
1,0,0.01,5,0.0,0,0.0,0.0,0,0,1,1,1.0
1,0,0.84,22,0.02,1,14.8,7.6,0,0,0,0,0.1760476190476191
1,0,3.92,0,,2,1.0,0.2,5,1,1,1,1.0
1,1,6.39,25,0.34,0,56.6,11.4,0,0,0,0,0.0475
1,0,3.84,21,0.18,1,110.4,6.7,0,0,0,0,0.01
1,0,1.41,14,,0,0.0,0.0,0,1,1,1,1.0
1,0,3.64,10,,0,1.5,0.1,5,1,1,1,1.0
0,0,1.18,59,0.0,0,67.7,1.3,0,0,1,1,1.0
1,1,0.85,40,1.12,0,196.7,4.4,0,0,0,0,0.058968253968253975
1,0,2.04,21,,0,14.0,0.9,0,1,1,1,0.9720833333333334
1,0,0.88,16,1.09,0,16.1,1.4,0,0,0,0,0.1355
1,0,2.05,12,,0,8.1,0.5,0,1,0,1,0.9526666666666668
1,1,2.17,24,1.02,0,53.6,138.1,0,0,0,0,0.07725757575757576
0,0,2.56,37,,0,12.6,1.3,0,1,1,1,0.9516666666666665
1,0,1.04,20,0.94,3,22.7,1.9,0,0,0,0,0.06944047619047619
0,0,5.3,37,,0,35.0,3.7,0,1,1,1,0.8966547619047618
1,0,0.56,20,1.41,1,36.2,4.3,0,0,0,0,0.1311111111111111
1,1,2.76,25,0.13,0,16.2,2.3,0,0,0,0,0.015
1,1,5.89,19,1.74,0,12.7,1.5,0,0,0,0,0.05208333333333333
1,1,1.61,23,0.0,0,0.0,0.0,0,0,1,1,1.0
1,1,6.89,37,0.27,0,86.5,6.2,0,0,0,0,0.03
1,1,0.55,15,1.43,0,33.9,1.2,0,0,0,0,0.021
1,1,3.35,20,1.56,1,55.7,6.2,0,0,0,0,0.08026190476190477
1,0,3.12,22,,0,28.2,1.3,0,1,1,1,0.9875
1,0,0.92,1,0.0,0,0.0,0.0,0,0,1,1,1.0
1,1,3.37,23,,0,0.0,0.0,0,1,1,1,1.0
1,0,5.24,17,,0,0.0,0.0,0,1,1,1,1.0
1,1,0.82,15,1.15,0,19.7,6.0,0,0,0,0,0.03766666666666667
1,0,1.06,14,0.91,0,8.7,0.9,0,0,0,0,0.034761904761904765
1,0,6.45,24,,0,50.8,3.1,0,1,0,1,0.5159126984126984
1,1,4.04,19,1.88,0,87.7,6.3,0,0,0,0,0.013333333333333332
1,0,3.28,26,0.0,1,115.5,6.0,0,0,1,1,1.0
1,0,0.88,28,0.0,0,144.9,18.2,0,0,1,1,0.98
1,0,1.02,19,0.0,0,0.0,0.0,0,0,1,1,1.0
1,1,5.38,37,0.48,0,288.9,25.7,0,0,0,0,0.04448412698412699
0,0,0.48,12,0.0,0,13.0,3.1,0,0,1,1,1.0
1,0,1.98,24,,0,23.9,0.7,0,1,1,1,0.99
1,1,0.92,13,0.0,0,41.9,2.2,0,0,1,1,1.0
1,0,4.69,40,,0,567.9,170.2,0,1,0,1,0.5151666666666666
1,0,1.55,13,0.42,0,16.0,2.1,0,0,0,0,0.022000000000000002
1,1,9.23,20,,0,0.0,0.0,0,1,1,1,0.9627380952380952
1,0,0.72,9,0.0,0,33.8,1.9,0,0,1,1,1.0
0,0,2.06,23,,2,8.2,1.0,0,1,1,1,1.0
1,0,1.01,14,0.96,0,43.8,4.1,0,0,0,0,0.006666666666666666
1,0,0.79,55,,0,55.0,8.5,0,1,1,1,0.8651666666666668
1,0,2.87,22,1.15,0,20.4,0.7,0,0,0,0,0.037000000000000005
1,0,0.96,9,0.0,0,14.4,1.0,0,0,1,1,1.0
1,1,3.7,18,1.69,0,116.2,7.0,0,0,0,0,0.07833333333333332
1,0,1.23,13,0.75,0,15.8,1.2,0,0,1,0,0.332186507936508
1,0,1.53,17,,0,12.0,0.9,0,1,1,1,0.8372142857142858
1,0,0.35,15,1.63,0,16.6,1.0,0,0,0,0,0.2340952380952381
1,0,1.86,0,0.0,0,0.0,0.0,0,0,1,1,1.0
1,1,5.68,23,0.82,0,105.6,4.4,0,0,0,0,0.064
1,0,5.96,22,0.06,1,71.1,3.9,0,0,0,0,0.012666666666666666
0,0,3.6,31,,0,146.4,9.4,0,1,1,1,0.723
0,0,1.12,23,0.0,0,0.0,0.0,0,0,1,1,1.0
1,1,2.14,18,1.78,1,93.6,9.4,0,0,0,0,0.031190476190476185
1,1,0.52,12,0.56,2,62.8,3.0,0,0,0,0,0.09906746031746033
1,0,0.78,11,0.0,0,76.0,6.1,0,0,1,1,1.0
1,0,1.58,8,0.39,0,0.0,0.0,0,0,1,1,0.9858333333333333
1,0,3.27,24,,0,11.1,1.0,0,1,1,1,0.9670833333333334
0,0,3.61,0,,1,3.0,0.4,6,1,1,1,0.9985714285714287
1,0,3.27,46,0.57,0,58.1,30.5,0,0,0,0,0.08927020202020203
1,0,1.07,22,0.9,1,33.2,4.2,0,0,0,0,0.010416666666666668
1,0,1.59,13,0.36,0,43.0,5.4,0,0,0,0,0.05
1,0,1.45,9,0.46,0,30.3,1.5,0,0,0,0,0.22157142857142859
0,0,1.73,12,,0,0.0,0.0,0,1,1,1,1.0
0,0,1.97,0,0.0,1,5.4,0.2,4,0,1,1,1.0
1,0,1.33,13,0.64,0,71.3,3.5,0,0,0,0,0.1246309523809524
1,1,5.72,16,1.45,0,194.4,4.4,0,0,0,0,0.40449999999999997
1,0,1.46,13,0.45,0,45.4,3.1,0,0,0,0,0.020666666666666663
1,0,0.15,13,0.0,0,15.7,0.6,0,0,1,1,1.0
1,0,2.92,12,1.02,0,22.5,2.7,0,0,0,0,0.005714285714285714
1,1,2.41,12,0.37,0,62.4,6.8,0,0,0,0,0.0820357142857143
1,1,0.47,15,1.8,0,77.8,5.0,0,0,0,0,0.04092857142857143
1,1,3.67,17,1.61,0,3.5,0.2,0,0,0,0,0.1167261904761905
0,0,2.44,10,,0,0.0,0.0,0,1,1,1,1.0
0,0,0.05,13,1.92,0,34.1,2.8,0,0,1,0,0.04427380952380952
1,1,2.74,10,1.18,1,23.4,1.8,0,0,0,0,0.01
1,1,2.05,24,0.57,1,39.0,3.2,0,0,0,0,0.10546825396825397
1,1,0.58,21,1.36,2,202.9,24.4,0,0,0,0,0.1588690476190476
1,0,3.38,25,0.0,0,30.6,2.4,0,0,1,1,1.0
1,0,1.24,19,,0,0.0,0.0,0,1,1,1,1.0
1,1,6.65,22,0.01,0,89.0,4.6,0,0,0,0,0.04719047619047619
0,0,1.99,21,,2,0.0,0.0,0,1,1,1,1.0
1,0,2.0,0,,0,0.0,0.0,6,1,1,1,1.0
1,0,5.05,20,,0,36.2,2.9,0,1,1,1,0.8995000000000001
0,0,1.3,56,0.0,0,82.9,6.0,0,0,1,1,0.9922222222222223
1,0,1.14,24,0.0,0,9.2,0.6,0,0,1,1,0.9966666666666667
1,1,1.66,37,0.31,0,212.4,13.0,0,0,0,0,0.1929047619047619
1,0,5.65,21,0.27,0,1.7,0.1,0,0,0,0,0.013333333333333332
1,0,3.83,33,,0,131.2,14.2,0,1,0,1,0.6752261904761905
1,0,1.76,10,0.16,0,26.3,1.5,0,0,0,0,0.18442857142857144
1,1,2.04,0,,0,0.0,0.0,0,1,1,1,1.0
1,0,2.98,17,,0,7.0,0.3,0,1,1,1,0.9830833333333334
1,1,3.48,18,0.0,0,0.0,0.0,0,0,1,1,1.0
1,0,8.46,28,2.59,0,170.1,7.5,0,0,0,0,0.07858333333333332
1,0,1.1,21,0.0,0,28.7,2.8,0,0,1,1,1.0
1,0,0.0,1,0.0,0,0.3,0.0,0,0,1,1,1.0
0,0,0.24,17,,0,11.1,0.8,0,1,1,1,0.9819444444444444
1,1,2.44,0,,0,0.0,0.0,0,1,1,1,1.0
1,0,5.42,22,1.15,0,174.6,10.1,0,0,0,0,0.04732142857142858
1,1,1.1,17,1.84,0,53.2,4.6,0,0,0,0,0.0435
1,0,3.07,12,0.88,0,129.3,9.2,0,0,0,0,0.0
1,1,0.95,24,1.03,0,18.5,0.7,0,0,0,0,0.1110357142857143
1,0,1.98,13,,0,33.9,3.6,0,1,1,1,0.9106666666666666
1,0,4.8,20,1.7,2,19.2,1.5,0,0,0,0,0.030428571428571426
1,0,2.15,25,,3,15.9,0.8,0,1,1,1,0.988
1,0,2.15,0,,2,0.0,0.0,6,1,1,1,1.0
0,0,0.6,22,0.0,0,0.0,0.0,0,0,1,1,1.0
1,1,5.96,44,0.11,0,145.5,34.2,0,0,0,0,0.015714285714285715
0,0,4.47,10,,1,1.5,0.3,6,1,1,1,0.9642857142857143
1,1,5.75,10,1.17,0,83.8,4.0,0,0,0,0,0.045
1,0,1.97,16,0.0,0,38.1,1.5,0,0,1,1,1.0
1,1,4.06,23,,0,5.0,0.4,0,1,1,1,0.8742023809523809
0,0,1.67,12,,0,32.7,2.0,0,1,1,1,0.9688095238095239
1,1,0.62,10,1.35,0,41.5,8.5,0,0,0,0,0.039952380952380954
0,0,4.0,12,,2,0.0,0.0,0,1,1,1,1.0
1,0,0.52,8,0.0,0,22.9,1.0,0,0,1,1,1.0
0,0,0.02,0,1.5,0,,,0,0,0,0,0.07591666666666667
0,0,2.86,16,0.0,0,19.9,2.5,0,0,1,1,1.0
1,0,2.52,13,,0,0.0,0.0,0,1,1,1,1.0
1,0,3.17,12,0.78,0,42.3,3.0,0,0,0,0,0.018333333333333333
1,1,0.65,14,1.57,0,33.1,1.6,0,0,0,0,0.13409523809523807
1,1,5.93,15,1.2,0,73.2,2.8,0,0,0,0,0.01583333333333333
0,0,0.28,34,1.69,0,21.4,1.3,0,0,0,0,0.0014285714285714286
1,0,2.02,11,,0,64.9,4.0,0,1,0,1,0.9058888888888889
0,0,1.16,35,,1,43.0,40.2,0,1,1,1,0.9363690476190477
1,0,0.9,22,1.13,0,105.1,3.2,0,0,0,0,0.14300000000000002
1,1,1.68,7,0.0,0,16.8,1.9,0,0,1,1,0.9971428571428571
1,0,2.88,12,1.04,0,184.0,15.0,0,0,0,0,0.0025
1,0,1.33,22,,0,17.0,4.4,0,1,1,1,0.9316666666666665
0,0,6.58,21,,0,3.7,0.8,2,1,0,0,0.4977142857142859
1,1,5.49,20,0.0,0,5.2,0.3,3,0,1,1,0.9738333333333332
1,1,1.83,26,1.11,0,129.6,12.6,0,0,0,0,0.05916666666666666
1,0,3.11,23,,1,5.7,0.9,0,1,1,1,0.996
1,1,2.52,17,0.0,0,24.5,1.9,0,0,1,1,0.99
1,0,5.24,24,,0,76.0,3.4,0,1,0,1,0.6805357142857144
1,1,2.41,21,,0,0.0,0.0,0,1,1,1,1.0
1,0,3.93,18,0.0,0,3.4,0.1,0,0,1,1,1.0
1,1,6.48,10,0.0,6,164.9,8.2,0,0,1,1,0.9307619047619048
1,0,2.72,20,1.14,0,70.6,3.8,0,0,0,0,0.09699999999999999
1,0,2.08,23,,0,9.1,0.5,0,1,1,1,0.9983333333333333
0,0,1.97,28,,0,69.8,11.2,0,1,1,1,0.8582222222222222
1,1,3.82,21,0.16,0,48.0,6.7,0,0,0,0,0.04366666666666667
1,1,2.45,24,1.13,0,87.0,10.5,0,0,1,0,0.03027777777777778
1,0,1.14,19,0.83,0,41.9,3.9,0,0,0,0,0.14873809523809525
0,0,2.41,15,0.48,0,0.0,0.0,0,0,1,1,1.0
1,1,8.19,25,1.96,0,17.2,1.7,0,0,0,0,0.08266666666666665
0,0,2.55,14,,0,0.0,0.0,0,1,1,1,1.0
1,0,3.08,12,0.86,0,19.0,1.3,0,0,0,0,0.01
1,0,0.41,12,0.0,0,49.1,4.1,0,0,1,1,1.0
1,1,0.73,16,1.61,0,52.2,7.3,0,0,0,0,0.08866666666666667
1,0,4.31,19,0.0,1,9.0,0.5,0,0,1,1,1.0
1,0,8.52,22,0.81,0,55.4,3.6,0,0,0,0,0.031190476190476192
1,1,7.93,10,1.09,0,84.2,22.9,0,0,0,0,0.035222222222222224
1,1,1.43,25,0.17,0,75.8,7.8,0,0,0,0,0.13129761904761902
1,0,5.99,20,1.3,0,72.4,2.9,0,0,0,0,0.09033333333333335
1,0,4.33,19,,4,54.4,5.9,0,1,1,1,0.8615238095238094
1,0,1.81,13,0.17,1,83.5,5.1,0,0,0,0,0.07883333333333332
0,0,1.81,0,,0,0.0,0.0,6,1,1,1,1.0
1,0,4.02,25,0.44,0,25.1,3.0,0,0,0,0,0.10131349206349205
0,0,0.65,25,0.33,0,145.9,9.5,0,0,0,0,0.032
1,0,0.06,2,0.0,0,0.0,0.0,0,0,1,1,1.0
1,1,6.95,16,1.62,0,60.4,4.3,0,0,0,0,0.03966666666666667
0,0,0.68,17,,0,27.4,4.1,0,1,1,1,0.91425
0,0,0.7,17,0.0,0,0.0,0.0,0,0,1,1,1.0
1,1,1.68,37,0.31,0,362.3,59.7,0,0,0,0,0.19551190476190475
1,0,1.92,14,0.0,0,133.2,15.6,0,0,1,1,0.8959642857142858
1,0,0.62,14,0.0,0,3.3,0.4,0,0,1,1,0.9985714285714287
1,1,1.09,10,0.0,0,35.2,4.6,0,0,1,1,1.0
0,0,0.17,15,0.01,0,0.0,0.0,0,0,1,1,1.0
1,1,2.27,22,0.0,0,33.8,5.0,0,0,1,1,0.9954999999999999
0,0,3.26,21,,0,0.0,0.0,0,1,1,1,1.0
1,1,5.33,12,0.32,0,226.7,13.8,0,0,0,0,0.026666666666666665
0,0,2.82,24,,0,4.7,0.3,0,1,1,1,0.9883333333333334
1,0,3.07,32,,0,123.6,7.8,0,1,1,1,0.7848333333333334
0,0,0.63,19,0.0,0,0.0,0.0,0,0,1,1,1.0
1,1,0.49,12,0.0,1,0.0,0.0,0,0,1,1,1.0
1,0,2.22,23,,0,7.3,0.7,0,1,1,1,1.0
0,0,1.44,19,0.0,0,0.0,0.0,0,0,1,1,1.0
1,0,3.16,26,1.48,0,16.9,2.6,0,0,0,0,0.2215238095238095
1,1,7.75,25,0.03,0,126.9,13.2,0,0,0,0,0.0305
1,0,3.93,24,,0,23.0,1.9,0,1,1,1,0.8671507936507936
0,0,0.79,22,0.0,0,9.9,0.3,0,0,1,1,1.0
1,0,1.61,10,0.32,1,38.8,1.3,0,0,0,0,0.37275937950937954
1,0,0.01,2,0.0,0,0.0,0.0,0,0,1,1,1.0
1,0,1.06,35,,0,55.5,7.5,0,1,1,1,0.8226190476190479
1,1,5.87,22,0.03,0,63.4,10.1,0,0,0,0,0.0
1,0,1.81,2,0.0,0,0.0,0.0,0,0,1,1,1.0
1,0,1.98,12,1.95,0,27.6,3.7,0,0,0,0,0.05014285714285714
1,1,0.82,19,0.0,3,0.0,0.0,0,0,1,1,1.0
1,0,2.76,15,,0,28.7,5.0,0,1,1,1,0.9730000000000001
0,0,2.59,13,,0,0.4,0.1,0,1,1,1,0.9544285714285714
1,0,1.12,14,0.85,0,0.9,0.1,0,0,0,0,0.08199999999999999
1,1,8.32,18,1.87,1,118.7,12.0,0,0,0,0,0.013333333333333332
0,0,0.86,57,0.0,0,137.3,102.0,0,0,1,1,0.9770833333333333
1,0,1.01,14,0.96,0,18.6,0.8,0,0,0,0,0.013888888888888888
1,1,3.18,19,0.0,0,64.6,2.3,0,0,1,1,0.955
1,0,0.48,2,0.04,0,61.1,10.4,0,0,1,1,0.8412142857142858
1,0,2.18,52,,0,75.6,10.0,0,1,1,1,0.7913174603174603
1,1,0.08,15,0.94,0,48.5,2.0,0,0,0,0,0.2355714285714286
0,0,4.06,15,,0,6.2,0.3,0,1,1,1,0.9857777777777776
1,0,0.64,8,1.34,0,88.0,2.8,0,0,0,0,0.05583333333333334
1,0,8.55,26,,1,43.4,1.7,0,1,1,1,0.5908769841269841
1,1,4.04,19,1.85,0,24.2,2.4,0,0,0,0,0.002
1,0,2.71,20,1.21,0,35.1,1.9,0,0,0,0,0.10295238095238096
0,0,2.86,17,0.0,0,44.5,3.0,0,0,1,1,0.9942857142857143
1,0,1.14,22,0.83,0,74.1,7.2,0,0,0,0,0.0
1,1,2.28,22,1.7,2,82.6,4.2,2,0,0,0,0.06705952380952382
1,1,2.78,0,,0,3.1,0.2,6,1,1,1,1.0
0,0,2.01,23,,0,42.3,2.1,0,1,1,1,0.9926666666666665
1,0,0.25,19,0.21,0,62.4,2.7,0,0,0,0,0.16071031746031747
1,1,1.97,37,0.0,0,162.5,7.6,0,0,1,1,0.98
0,0,4.02,24,,0,3.1,0.4,0,1,1,1,0.97725
0,0,0.32,29,1.65,0,24.2,0.9,0,0,0,0,0.05625
1,0,0.64,0,,0,0.0,0.0,0,1,1,1,1.0
1,0,6.32,0,,0,0.0,0.0,0,1,1,1,1.0
1,1,0.66,14,1.56,0,32.4,1.6,0,0,0,0,0.1654047619047619
1,1,1.92,14,0.62,0,57.7,7.0,0,0,0,0,0.2781547619047619
1,0,0.36,22,1.12,0,118.4,10.0,0,0,0,0,0.1452777777777778
1,1,4.7,10,1.4,0,19.7,0.7,0,0,0,0,0.06366666666666668
1,1,2.88,129,1.24,1,152.4,16.7,0,0,0,0,0.16279761904761905
1,1,1.49,21,0.49,0,2.9,0.2,0,0,0,0,0.07116666666666666
0,0,1.9,17,0.0,0,0.0,0.0,0,0,1,1,1.0
1,1,0.28,15,1.09,1,21.4,1.1,0,0,0,0,0.08354761904761904
1,0,1.94,14,0.04,0,154.9,10.7,0,0,0,0,0.020944444444444446
1,0,0.21,20,1.76,1,74.2,11.7,0,0,0,0,0.16742857142857143
1,1,3.76,12,0.0,0,37.2,5.1,0,0,1,1,0.9975
1,1,0.06,9,1.91,1,16.4,1.4,0,0,0,0,0.016666666666666666
1,1,10.3,10,1.17,0,12.6,3.0,0,0,0,0,0.04044444444444444
1,0,2.61,25,0.41,1,91.3,3.9,0,0,0,0,0.047
1,1,0.68,15,1.3,0,0.8,0.1,0,0,0,0,0.10342857142857144
1,0,2.75,21,,0,59.3,6.5,0,1,1,1,0.6575952380952382
0,0,5.6,0,,0,0.0,0.0,0,1,1,1,1.0
1,1,3.15,16,1.9,0,201.8,12.4,0,0,0,0,0.06942857142857144
1,1,1.97,0,0.0,0,0.0,0.0,0,0,1,1,1.0
1,1,0.89,24,0.0,0,87.1,13.2,0,0,1,1,1.0
0,0,0.85,23,,3,19.4,1.4,0,1,1,1,0.995
1,0,3.48,21,0.42,3,30.4,3.9,0,0,0,0,0.04707142857142856
1,0,0.82,22,0.0,0,27.3,4.3,0,0,1,1,0.995
1,0,0.07,13,0.0,0,3.6,0.1,0,0,1,1,1.0
1,0,7.62,26,0.0,1,11.3,0.4,0,0,1,1,0.9869047619047617
1,1,1.75,25,0.0,1,18.7,3.9,0,0,1,1,0.9716666666666667
1,0,0.82,13,1.13,0,3.1,0.2,0,0,1,0,0.022666666666666665
1,0,1.0,20,0.97,0,99.1,4.7,0,0,0,0,0.019999999999999997
1,0,0.16,50,1.81,1,49.9,11.4,0,0,0,0,0.017833333333333333
1,1,0.7,15,1.27,0,51.8,2.1,0,0,0,0,0.061000000000000006
1,0,2.97,0,,0,1.3,0.2,4,1,1,1,1.0
1,0,0.23,33,1.74,0,106.1,11.8,0,0,0,0,0.022333333333333334
1,1,2.74,0,,0,0.0,0.0,7,1,1,1,1.0
1,1,2.56,19,1.91,0,127.3,5.9,0,0,0,0,0.0655
1,0,0.22,12,0.0,0,32.3,5.2,0,0,1,1,0.9914285714285714
0,0,1.27,33,,0,13.6,1.6,0,1,1,1,0.8637619047619047
1,1,3.06,12,0.76,0,96.8,6.9,0,0,0,0,0.0585
0,0,1.13,62,,0,146.9,26.3,0,1,1,1,0.8164722222222223
0,0,1.97,24,,2,0.0,0.0,0,1,1,1,1.0
0,0,2.72,0,,0,0.0,0.0,0,1,1,1,1.0
1,1,0.66,11,0.0,0,12.6,0.6,0,0,1,1,0.9966666666666667
1,0,1.98,30,,0,0.0,0.0,0,1,1,1,1.0
1,1,0.81,16,1.78,0,147.5,18.3,0,0,0,0,0.1360595238095238
1,0,1.5,10,0.0,1,0.0,0.0,0,0,1,1,1.0
1,0,0.8,32,,0,22.5,5.6,0,1,1,1,0.9689999999999999
0,0,0.61,9,0.0,0,4.1,0.5,0,0,1,1,1.0
1,0,0.13,15,0.0,0,9.2,0.5,0,0,1,1,0.99
1,0,1.51,17,0.0,0,7.0,0.4,0,0,1,1,1.0
1,1,0.3,13,0.0,0,4.5,0.2,0,0,1,1,0.99
1,1,3.94,16,1.59,0,33.0,3.0,0,0,0,0,0.054500000000000014
0,0,0.39,13,,0,9.3,0.5,0,1,1,1,0.98
0,0,3.03,0,0.0,0,0.0,0.0,0,0,1,1,1.0
1,1,4.2,16,1.69,0,20.1,1.2,0,0,0,0,0.0535
1,0,3.19,16,,0,11.1,1.0,0,1,1,1,0.9667380952380953
1,1,2.41,21,0.23,1,35.3,2.5,0,0,0,0,0.05664285714285715
1,0,0.79,8,0.25,0,1.4,0.1,0,0,1,0,0.37240476190476196
0,0,1.46,0,,0,9.7,0.4,0,1,1,1,0.9878333333333335
1,0,0.86,14,1.11,0,23.9,3.8,0,0,0,0,0.034166666666666665
1,1,0.64,20,,0,24.0,1.5,0,1,1,1,0.9762142857142857
1,0,1.37,13,,0,33.4,1.5,0,1,1,1,0.8517857142857143
1,1,0.68,15,1.54,0,64.8,5.2,0,0,0,0,0.023333333333333334
1,1,5.4,21,0.13,0,24.6,1.9,0,0,0,0,0.01
1,1,1.32,25,0.53,1,117.2,5.4,0,0,0,0,0.12866666666666668
1,1,0.73,16,1.24,0,49.7,2.3,0,0,1,0,0.44252380952380954
1,0,0.87,20,0.0,0,84.8,4.6,0,0,1,1,1.0
1,1,5.11,21,0.64,0,8.9,0.3,0,0,1,0,0.030333333333333334
1,0,5.08,25,,0,64.4,8.2,0,1,1,1,0.7848888888888887
1,1,2.17,24,,0,55.2,1.9,0,1,1,1,0.7495833333333333
1,1,1.54,14,,0,0.0,0.0,0,1,1,1,1.0
1,1,4.05,18,1.84,0,100.5,9.1,0,0,0,0,0.015436507936507936
1,0,4.85,13,0.0,0,33.9,1.9,0,0,1,1,1.0
1,1,0.67,16,1.3,1,44.8,1.8,0,0,0,0,0.31397619047619046
0,0,0.81,24,,0,26.3,5.1,0,1,1,1,0.9528333333333333
1,0,3.97,24,,0,7.3,0.4,0,1,1,1,0.9988888888888888
1,1,3.04,10,1.29,2,93.0,8.5,0,0,0,0,0.020761904761904763
1,1,6.21,22,,0,100.3,5.8,0,1,0,1,0.6981666666666669
1,1,4.78,20,1.3,0,135.7,11.7,0,0,0,0,0.11358333333333333
1,0,0.89,19,0.0,0,26.6,4.7,0,0,1,1,1.0
1,1,0.67,15,1.3,0,96.3,4.7,0,0,0,0,0.0
1,0,1.96,19,,0,138.4,10.5,0,1,1,1,0.8069642857142858
1,1,2.06,13,1.88,0,81.9,5.1,0,0,0,0,0.027416666666666666
1,0,2.52,24,,0,41.4,2.8,0,1,1,1,0.8257261904761906
0,0,1.32,0,,0,0.0,0.0,0,1,1,1,1.0
1,1,1.09,23,1.38,0,109.3,5.3,0,0,1,0,0.09249999999999999
1,1,0.25,15,1.72,0,5.1,0.3,0,0,0,0,0.042666666666666665
1,0,2.41,18,0.0,0,31.2,6.1,0,0,1,1,0.9925
0,0,2.44,23,1.5,0,37.5,7.0,0,0,0,0,0.11311904761904763
1,1,6.87,33,,1,3.9,0.7,0,1,0,1,0.5593571428571429
1,1,1.38,19,0.0,0,0.0,0.0,0,0,1,1,1.0
0,0,5.71,17,,2,3.9,0.5,0,1,1,1,0.9168571428571428
1,0,0.88,22,1.09,0,5.6,0.4,0,0,0,0,0.11888888888888888
0,0,1.18,24,0.0,0,13.5,1.4,0,0,1,1,1.0
0,0,2.12,22,,0,0.0,0.0,0,1,1,1,1.0
1,0,2.93,30,0.99,0,41.4,6.2,0,0,0,0,0.11095238095238096
1,0,0.16,8,0.7,0,6.7,0.2,0,0,1,0,0.19439285714285717
1,1,5.93,28,0.49,0,43.3,2.2,0,0,0,0,0.05720238095238095
1,0,0.15,42,,0,70.4,4.9,0,1,0,0,0.4496428571428572
0,0,0.61,22,1.72,0,0.0,0.0,0,0,1,1,1.0
1,0,1.82,20,,0,34.2,5.5,0,1,1,1,0.8891666666666667
1,0,2.99,20,1.76,0,11.3,0.5,0,0,0,0,0.07983333333333334
0,0,0.56,22,0.0,0,3.2,0.3,0,0,1,1,1.0
0,0,1.92,0,1.47,0,0.0,0.0,3,0,1,1,1.0
1,0,0.08,14,1.89,0,14.3,0.6,0,0,0,0,0.0016666666666666666
1,1,6.37,18,,0,117.7,6.3,0,1,1,0,0.4176349206349206
1,0,0.93,8,1.04,0,25.2,1.5,0,0,0,0,0.022916666666666665
1,1,2.19,13,1.74,0,17.4,3.3,0,0,0,0,0.08920238095238096
1,0,0.62,14,1.36,1,47.4,4.5,0,0,0,0,0.014166666666666666
1,0,1.97,23,0.0,0,0.0,0.0,0,0,1,1,1.0
0,0,3.3,12,,0,14.1,0.4,4,1,1,1,0.9166666666666667
1,1,4.79,15,1.13,0,5.8,0.5,0,0,0,0,0.05845238095238095
1,1,2.46,19,1.87,0,30.6,5.0,0,0,0,0,0.08091666666666666
1,1,5.19,16,1.4,1,30.5,1.3,0,0,0,0,0.2789642857142857
1,0,7.39,25,0.35,0,118.0,9.6,0,0,0,0,0.015666666666666666
0,0,2.28,24,,0,0.0,0.0,0,1,1,1,1.0
0,0,0.44,13,,0,14.9,0.5,0,1,1,1,0.9596666666666667
1,0,2.24,33,,0,138.7,26.2,0,1,1,1,0.792813492063492
1,0,0.55,30,1.42,2,24.7,1.5,0,0,0,0,0.15024999999999997
1,0,4.75,17,1.49,0,136.7,7.4,1,0,0,0,0.1810952380952381
1,0,2.98,25,,0,62.6,11.3,0,1,1,1,0.8413293650793652
1,0,3.14,21,0.53,0,152.7,12.3,0,0,0,0,0.01
1,0,3.01,22,0.0,0,75.1,6.3,0,0,1,1,0.996
0,0,1.4,16,0.58,0,0.0,0.0,0,0,1,1,1.0
0,0,1.98,36,,0,28.2,0.9,0,1,1,1,0.9760714285714286
1,0,0.7,23,0.0,0,0.0,0.0,0,0,1,1,1.0
0,0,1.82,0,,0,3.3,0.1,2,1,1,1,0.9975
1,0,6.51,22,1.22,0,24.5,2.6,0,0,0,0,0.04303571428571429
1,0,1.19,20,0.57,1,42.3,1.9,0,0,0,0,0.12564285714285714
1,0,0.22,13,0.0,1,19.6,1.2,0,0,1,1,1.0
1,0,1.0,14,0.97,0,187.6,12.5,0,0,0,0,0.011666666666666665
1,1,0.74,32,0.8,1,116.7,195.9,0,0,0,0,0.22940476190476194
1,0,2.59,0,,0,0.0,0.0,7,1,1,1,1.0
1,1,7.78,17,0.91,0,39.3,18.9,0,0,1,0,0.4274285714285715
1,0,0.1,6,,0,8.5,0.4,0,1,1,1,0.933515873015873
1,0,1.37,11,0.0,2,78.2,5.5,0,0,1,1,1.0
0,0,1.19,24,0.0,0,3.5,0.5,0,0,1,1,1.0
1,0,1.68,13,0.24,0,55.9,2.9,0,0,0,0,0.033888888888888885
0,0,0.14,42,,0,24.1,0.8,0,1,1,1,0.8594642857142857
1,1,4.82,5,1.76,0,3.2,0.4,0,0,0,0,0.2287261904761905
1,1,5.15,15,1.13,0,112.4,32.5,0,0,0,0,0.03445238095238096
1,1,0.9,25,0.0,2,41.7,6.4,0,0,1,1,0.99
1,0,1.55,21,0.42,0,0.0,0.0,0,0,1,1,0.99
1,1,3.95,13,,0,1.6,0.1,0,1,1,1,0.9768095238095239
1,1,0.77,16,0.0,1,228.9,24.6,0,0,1,1,0.9808333333333334
1,1,1.05,22,0.93,0,38.5,2.8,0,0,0,0,0.028333333333333332
1,0,0.93,6,0.36,0,82.4,4.9,0,0,0,0,0.2641547619047619
1,1,0.58,15,1.4,0,36.4,5.1,0,0,0,0,0.021
1,1,0.45,22,1.53,0,52.1,4.8,0,0,0,0,0.13248809523809524
1,1,1.64,13,0.34,0,16.2,4.1,0,0,0,0,0.0319047619047619
1,1,0.69,24,1.28,0,83.5,8.9,0,0,0,0,0.05366666666666666
1,1,7.7,24,,0,63.8,3.7,0,1,0,0,0.40827380952380954
1,0,3.31,26,,0,13.5,1.0,0,1,1,1,0.932904761904762
1,0,3.49,0,,0,2.4,0.4,6,1,1,1,0.99
0,0,2.21,20,,0,3.7,0.3,0,1,1,1,0.9813333333333333
1,1,0.53,28,1.44,0,32.3,3.4,0,0,0,0,0.08167857142857145
1,1,0.32,17,1.75,0,17.6,2.2,0,0,0,0,0.02
0,0,4.24,0,,0,4.5,0.2,6,1,1,1,1.0
1,0,0.72,13,0.12,1,94.6,7.6,0,0,0,0,0.0851111111111111
1,1,3.09,12,1.55,0,25.7,6.0,0,0,0,0,0.13348412698412696
1,1,1.97,32,0.0,0,95.1,6.3,0,0,1,1,1.0
0,0,1.91,13,,3,0.0,0.0,0,1,1,1,1.0
1,1,1.9,20,0.04,0,60.7,4.7,0,0,0,0,0.014666666666666668
1,0,10.3,20,1.12,0,24.1,3.0,0,0,0,0,0.15760714285714283
1,1,2.28,39,1.86,0,53.2,6.3,0,0,0,0,0.07380952380952381
1,1,2.41,38,1.66,0,186.6,92.7,1,0,0,0,0.0335
1,0,1.98,13,,0,18.2,1.4,0,1,1,1,0.9954761904761905
1,0,1.98,21,,0,22.9,0.9,0,1,1,1,1.0
1,0,2.03,21,,0,0.0,0.0,0,1,1,1,1.0
1,0,6.28,10,,0,0.1,0.0,0,1,1,1,0.9388333333333333
1,0,0.61,14,0.0,0,55.6,5.2,0,0,1,1,1.0
1,0,6.82,34,,0,25.6,1.9,0,1,1,1,0.6333358585858586
1,0,0.5,10,0.0,1,32.4,2.1,0,0,1,1,1.0
1,1,4.68,15,1.33,0,90.4,4.4,0,0,0,0,0.029500000000000002
1,1,2.0,24,,1,6.6,1.4,0,1,1,1,0.9729047619047619
1,1,3.04,18,0.89,2,181.9,8.3,0,0,1,0,0.3642619047619048
1,0,0.22,0,2.0,0,46.0,2.5,0,0,0,0,0.04357142857142857
1,1,4.38,19,,0,0.4,0.0,0,1,1,1,0.9713095238095238
1,0,3.78,21,,0,18.2,0.9,0,1,1,1,0.9365000000000001
1,0,1.6,22,0.0,0,17.6,2.5,0,0,1,1,1.0
0,0,2.45,14,,0,0.0,0.0,0,1,1,1,1.0
1,1,6.7,19,1.88,0,17.4,1.0,0,0,0,0,0.016
1,1,0.64,15,1.33,0,38.1,4.1,0,0,0,0,0.030999999999999996
1,0,1.98,13,,0,24.8,3.0,0,1,1,1,0.9775595238095238
0,0,3.13,0,,1,3.5,0.7,6,1,1,1,0.9940000000000001
1,1,4.76,14,1.22,0,27.8,1.3,0,0,0,0,0.16883333333333334
1,1,5.53,10,,0,0.4,0.1,0,1,1,1,0.9512976190476191
0,0,0.79,30,,0,0.0,0.0,0,1,1,1,1.0
1,0,3.22,20,0.0,0,4.2,0.3,0,0,1,1,0.99
1,0,1.98,22,,0,68.9,5.0,0,1,1,1,0.9813888888888889
1,1,7.14,20,0.04,0,155.0,10.8,0,0,0,0,0.0
1,0,2.73,20,,0,15.7,2.3,0,1,1,1,0.904468253968254
1,0,8.67,22,0.0,0,78.3,6.2,0,0,1,1,0.9885714285714287
1,0,6.4,20,1.02,0,34.3,8.2,0,0,1,0,0.05699206349206348
1,0,1.42,0,,0,14.1,0.4,3,1,1,1,0.965
0,0,4.29,22,,0,13.5,0.7,0,1,1,1,0.9916666666666666
1,1,5.46,25,0.42,0,40.8,4.0,0,0,0,0,0.025
1,1,8.16,23,0.54,0,158.9,8.8,0,0,0,0,0.11166666666666666
1,1,0.84,15,1.13,2,55.5,3.0,0,0,0,0,0.0125
1,0,0.25,20,0.08,1,31.6,1.3,0,0,0,0,0.26975
0,0,4.85,10,,0,2.1,0.1,6,1,1,1,0.9833333333333334
1,0,1.61,21,0.0,0,0.0,0.0,0,0,1,1,0.9890000000000001
0,0,3.78,22,,0,0.0,0.0,0,1,1,1,1.0
1,1,1.9,42,0.29,0,62.2,6.5,0,0,0,0,0.08947619047619047
0,0,0.61,0,0.0,0,0.0,0.0,4,0,1,1,1.0
0,0,1.06,23,,3,3.9,0.6,0,1,1,1,1.0
1,1,2.07,27,0.0,0,57.7,10.2,0,0,1,1,1.0
1,0,0.79,19,0.0,0,38.5,4.3,0,0,1,1,1.0
1,1,2.49,0,,0,0.0,0.0,0,1,1,1,1.0
1,0,1.9,22,0.04,0,69.1,4.1,0,0,0,0,0.013333333333333332
1,1,7.81,22,1.29,0,74.9,9.2,0,0,0,0,0.05694444444444444
1,0,1.32,30,,0,39.4,1.8,0,1,0,1,0.9765714285714284
1,0,2.02,20,,0,163.2,12.0,0,1,1,1,0.9382619047619047
1,0,6.38,25,0.0,0,79.2,3.9,0,0,1,1,0.9766666666666667
1,0,4.44,23,,1,40.2,2.9,0,1,1,1,0.9407619047619046
1,1,3.35,22,0.82,0,86.9,123.3,0,0,0,0,0.04678571428571429
1,0,0.44,12,0.58,0,50.4,4.3,0,0,0,0,0.17663492063492062
1,1,0.27,23,1.3,0,78.7,5.4,0,0,0,0,0.02416666666666667
0,0,0.99,21,0.0,0,0.0,0.0,0,0,1,1,1.0
1,0,0.87,14,1.1,0,77.6,5.2,0,0,0,0,0.0
1,0,2.08,9,,0,3.7,0.2,0,1,1,1,0.8879603174603173
1,1,0.18,10,0.0,0,34.2,2.1,0,0,1,1,0.99
1,0,1.82,16,0.0,0,19.9,1.0,0,0,1,1,1.0
1,0,3.3,22,0.07,0,135.9,9.9,0,0,0,0,0.020499999999999997
1,0,0.01,0,1.97,0,,,0,0,0,0,0.0
1,1,2.47,18,1.83,0,6.8,0.8,0,0,0,0,0.07838095238095238
0,0,4.07,0,,0,0.0,0.0,6,1,1,1,1.0
1,0,0.1,13,1.87,0,87.7,10.2,0,0,0,0,0.002
1,1,0.32,19,1.65,0,123.2,9.5,0,0,0,0,0.063
1,1,5.7,13,1.55,2,16.0,0.5,0,0,1,0,0.1390833333333333
1,1,2.1,24,0.0,0,46.4,4.1,0,0,1,1,0.9791666666666665
1,0,3.06,26,0.0,0,13.4,0.4,0,0,1,1,1.0
1,0,1.03,13,0.0,0,7.4,0.5,0,0,1,1,1.0
1,0,4.04,19,,1,18.8,0.8,0,1,1,1,0.9841666666666667
0,0,2.4,20,1.55,1,11.4,0.7,0,0,0,0,0.3999047619047619
1,1,0.53,19,1.44,0,148.4,11.3,0,0,0,0,0.24005952380952386
1,0,0.96,22,1.01,0,166.6,12.8,0,0,0,0,0.03066666666666667
0,0,2.41,14,,1,0.0,0.0,0,1,1,1,1.0
1,0,3.11,0,,0,1.6,0.2,6,1,1,1,1.0
1,0,3.62,25,0.0,0,54.7,2.8,0,0,1,1,1.0
1,0,3.48,33,,0,25.7,1.7,0,1,0,1,0.7401984126984128
1,1,0.61,15,1.36,0,149.0,8.2,0,0,0,0,0.006785714285714286
1,1,1.57,12,0.36,0,15.5,3.0,0,0,0,0,0.081
0,0,1.38,21,,0,0.0,0.0,0,1,1,1,1.0
0,0,2.34,22,,0,3.8,0.5,0,1,1,1,1.0
1,1,0.81,21,1.17,3,0.0,0.0,0,0,1,1,1.0
1,0,1.09,19,0.0,0,137.0,10.8,0,0,1,1,1.0
0,0,0.34,19,0.01,0,0.0,0.0,0,0,1,1,1.0
1,0,0.39,10,0.0,0,32.0,2.0,0,0,1,1,0.99875
0,0,0.67,20,,0,9.8,0.4,0,1,1,1,0.9922222222222223
0,0,2.23,14,,0,0.0,0.0,0,1,1,1,1.0
1,0,5.78,21,0.14,0,166.3,10.3,0,0,0,0,0.011666666666666665
1,0,1.56,21,0.37,0,87.8,6.9,0,0,0,0,0.015
1,1,0.57,15,0.0,0,29.0,2.1,0,0,1,1,0.9704999999999999
1,0,1.73,14,,0,0.0,0.0,0,1,1,1,1.0
1,0,3.49,35,,0,20.5,2.0,0,1,1,1,0.890595238095238
1,0,2.4,41,,0,111.4,10.6,0,1,0,1,0.61125
1,0,0.75,22,,0,1.3,0.2,0,1,1,1,1.0
1,0,0.47,22,,3,8.9,1.9,0,1,0,1,0.9545238095238094
1,0,0.02,3,0.0,0,0.0,0.0,0,0,1,1,1.0
1,0,2.18,23,,0,8.4,0.6,0,1,1,1,1.0
1,0,1.47,13,0.44,0,102.7,7.6,0,0,0,0,0.020238095238095236
1,0,3.13,20,0.82,2,61.5,7.0,0,0,0,0,0.015
1,1,3.23,21,0.94,0,116.3,10.0,0,0,0,0,0.08316666666666667
1,1,3.19,17,1.74,0,68.7,6.2,0,0,0,0,0.033095238095238094
1,1,2.94,22,0.99,1,99.2,5.9,0,0,0,0,0.06583333333333333
1,0,1.21,22,0.76,0,29.8,1.0,0,0,0,0,0.0765
1,0,1.28,21,0.0,0,0.0,0.0,0,0,1,1,1.0
1,0,1.79,9,0.14,0,134.2,6.5,0,0,0,0,0.3387341269841269
1,1,1.6,11,1.57,0,23.0,0.8,0,0,0,0,0.15295238095238098
1,1,0.57,21,1.4,1,73.0,5.1,0,0,0,0,0.3425952380952382
1,1,2.27,21,,0,0.0,0.0,0,1,1,1,1.0
1,1,3.3,24,0.96,0,96.4,3.5,0,0,0,0,0.10866666666666668
1,1,3.3,12,0.64,0,119.3,5.1,0,0,0,0,0.14302777777777778
1,0,2.13,24,,0,4.0,0.3,0,1,1,1,0.9975
1,1,0.18,0,0.0,0,76.9,24.9,0,0,1,1,0.9660000000000001
1,0,1.19,12,0.78,0,39.5,1.5,0,0,0,0,0.24272619047619048
1,0,0.65,13,0.17,0,79.8,4.6,0,0,0,0,0.04466666666666667
1,1,3.7,24,0.68,0,40.5,1.3,0,0,0,0,0.1196626984126984
0,0,2.11,20,,0,18.9,2.0,0,1,0,1,0.9941666666666665
1,1,0.02,0,1.95,0,,,0,0,0,0,0.0
1,1,2.1,17,0.91,0,14.2,2.5,0,0,1,0,0.4046464646464647
1,0,1.83,13,0.1,0,84.2,12.4,0,0,0,0,0.016428571428571428
1,0,3.29,24,,0,11.9,0.9,0,1,1,1,0.9455
1,1,0.7,17,0.0,0,57.8,5.1,0,0,1,1,1.0
1,0,0.77,7,0.8,1,65.4,2.2,0,0,0,0,0.22903571428571426
1,0,1.98,33,,0,9.1,1.1,0,1,1,1,0.9259166666666667
1,0,4.15,30,0.0,0,78.8,20.3,0,0,1,1,0.9425
1,1,4.51,40,1.16,0,186.6,11.9,0,0,0,0,0.05439285714285714
1,1,1.48,12,0.12,0,51.2,2.8,0,0,0,0,0.0
1,0,0.64,10,0.0,0,53.0,5.4,0,0,1,1,1.0
1,1,6.36,16,1.76,0,141.1,6.9,0,0,0,0,0.020833333333333336
1,1,3.71,24,1.12,0,15.7,1.8,0,0,1,0,0.1188095238095238
1,0,0.67,21,0.0,0,0.0,0.0,0,0,1,1,1.0
0,0,4.15,48,0.0,0,29.2,4.0,0,0,1,1,0.9842857142857143
1,0,0.09,15,1.88,0,36.5,1.4,0,0,0,0,0.01
1,1,5.07,12,0.82,4,0.0,0.0,0,0,1,1,0.9538095238095238
1,0,9.92,25,0.25,0,4.3,0.2,0,0,0,0,0.057833333333333334
1,0,0.99,26,0.0,1,16.6,0.7,0,0,1,1,1.0
1,1,3.67,12,0.28,0,45.5,4.4,0,0,0,0,0.012
1,1,0.67,15,1.55,0,32.5,7.4,0,0,0,0,0.032928571428571425
1,1,1.54,27,,0,67.9,7.7,0,1,0,1,0.7800714285714286
0,0,3.5,26,0.0,0,46.6,3.3,0,0,1,1,0.99
1,1,2.83,15,1.1,0,23.9,4.3,0,0,0,0,0.034
1,0,1.32,56,0.0,0,178.4,9.7,0,0,1,1,0.948
1,0,1.1,21,0.88,1,64.7,5.3,0,0,0,0,0.03938311688311688
1,1,2.15,12,0.23,2,80.4,6.7,0,0,0,0,0.10823015873015875
1,0,1.69,12,0.0,0,11.5,0.5,0,0,1,1,1.0
1,0,1.42,13,,0,0.0,0.0,0,1,1,1,1.0
1,0,0.29,19,,0,31.9,5.8,0,1,0,1,0.9067380952380951
1,0,3.35,22,,0,18.4,1.0,0,1,1,1,0.9553809523809522
1,0,1.23,22,0.06,0,87.6,14.3,0,0,0,0,0.08142857142857142
1,1,0.22,20,1.75,0,70.7,0.9,0,0,0,0,0.0941904761904762
1,0,1.66,14,0.0,0,24.3,0.8,0,0,1,1,1.0
1,0,0.29,14,0.0,0,17.4,1.1,0,0,1,1,1.0
1,0,7.99,12,1.01,0,13.9,1.7,0,0,0,0,0.06033333333333333
1,0,1.92,18,,0,0.0,0.0,0,1,1,1,1.0
1,1,3.19,14,,0,12.4,1.2,0,1,1,1,0.9941666666666668
1,1,3.65,12,0.29,1,89.6,2.9,0,0,0,0,0.036166666666666666
1,0,3.81,22,1.04,0,71.1,2.8,0,0,0,0,0.06866666666666667
0,0,0.38,31,1.59,1,54.4,2.9,0,0,0,0,0.34577380952380954
1,0,5.86,21,0.58,0,20.1,1.0,0,0,0,0,0.022333333333333334
1,0,0.77,23,,0,25.9,1.2,0,1,1,1,0.9753333333333333
1,0,0.94,0,0.0,0,0.0,0.0,5,0,1,1,1.0
1,0,1.98,25,,0,30.0,4.0,0,1,1,1,0.9234761904761905
1,1,1.67,13,0.55,0,41.2,2.5,0,0,0,0,0.1350238095238095
0,0,0.69,14,,0,0.0,0.0,0,1,1,1,1.0
1,0,3.18,20,0.75,3,194.8,15.5,0,0,0,0,0.06343650793650794
1,0,3.84,36,,0,0.0,0.0,1,1,1,1,0.9833333333333334
1,1,2.01,20,0.47,1,103.4,14.6,0,0,0,0,0.0645
1,0,0.58,25,0.38,0,63.7,9.1,0,0,0,0,0.0653452380952381
1,0,0.68,10,0.0,0,9.8,2.9,0,0,1,1,1.0
0,0,0.78,26,0.0,1,19.7,0.9,0,0,1,1,1.0
1,1,7.75,26,0.46,0,10.1,0.8,0,0,0,0,0.04083333333333334
0,0,3.12,21,,0,12.0,0.5,0,1,1,1,0.9941666666666668
1,1,1.07,11,0.9,0,79.3,3.9,0,0,1,0,0.2893333333333334
0,0,1.25,19,0.03,0,0.0,0.0,0,0,1,1,0.99
1,0,5.22,10,,0,5.5,0.3,7,1,1,1,0.9849285714285714
1,0,0.35,0,1.62,0,0.0,0.0,1,0,1,1,0.9960714285714286
1,0,6.67,12,0.83,0,20.7,0.8,0,0,0,0,0.020499999999999997
1,1,0.6,15,1.37,0,31.6,5.0,0,0,0,0,0.0425
1,1,1.91,4,0.06,0,57.9,4.4,0,0,1,1,0.9606666666666668
1,0,1.32,20,0.0,0,0.0,0.0,0,0,1,1,1.0
1,1,6.87,10,1.41,0,26.1,1.8,0,0,0,0,0.0
1,0,0.65,8,1.32,0,31.1,0.9,0,0,0,0,0.075
1,0,2.95,12,0.98,0,160.1,8.3,0,0,0,0,0.0
1,1,2.64,10,1.3,0,20.4,2.0,0,0,0,0,0.0
1,1,0.12,9,1.85,1,65.7,2.4,0,0,0,0,0.018333333333333333
1,0,2.04,13,,0,10.6,1.5,0,1,1,1,0.931142857142857
1,1,2.87,22,,0,16.1,1.7,0,1,1,1,0.9423333333333335
1,1,4.67,22,1.23,0,72.9,2.9,0,0,1,0,0.126
1,0,1.19,22,0.78,0,100.3,8.0,0,0,0,0,0.004916666666666666
1,1,1.01,24,0.96,0,86.2,5.0,0,0,0,0,0.007833333333333333
1,0,2.84,20,1.09,1,108.7,9.1,0,0,0,0,0.02283333333333333
1,0,1.97,23,,0,7.7,0.9,0,1,1,1,1.0
1,0,1.57,26,0.37,0,0.5,0.0,0,0,0,0,0.14699999999999996
1,0,1.9,20,0.0,0,4.3,0.4,0,0,1,1,1.0
1,0,3.41,22,0.0,3,18.7,2.1,0,0,1,1,1.0
1,1,0.74,14,1.24,0,23.5,1.0,0,0,0,0,0.0623452380952381
1,0,1.88,22,0.09,0,103.5,35.4,0,0,0,0,0.0771904761904762
1,0,2.7,22,0.0,0,73.5,22.1,0,0,1,1,1.0
1,1,6.58,10,1.36,0,73.8,4.0,0,0,0,0,0.0025
1,0,1.97,22,0.0,0,43.8,3.9,0,0,1,1,0.9846666666666667
1,1,0.17,15,1.8,0,33.3,6.6,0,0,0,0,0.0
1,0,0.75,29,,0,17.8,2.8,0,1,1,1,0.9216666666666665
1,1,1.08,22,0.89,2,44.5,2.1,0,0,0,0,0.07297619047619047
1,0,1.75,13,0.18,0,48.3,10.4,0,0,0,0,0.075
1,0,2.05,0,,0,0.0,0.0,0,1,1,1,1.0
1,1,1.59,21,1.56,0,42.8,1.5,0,0,1,0,0.281436507936508
1,0,1.22,13,0.0,0,13.6,0.9,0,0,1,1,1.0
1,1,3.96,19,,0,4.9,0.2,0,1,1,1,0.9772936507936507
0,0,1.78,22,0.0,1,0.0,0.0,0,0,1,1,1.0
0,0,2.58,23,,1,24.3,4.0,0,1,1,1,0.966
0,0,0.1,24,,0,55.3,6.5,0,1,0,1,0.77743253968254
0,0,0.31,16,0.0,0,0.0,0.0,0,0,1,1,1.0
1,1,0.79,15,1.18,0,74.0,4.5,0,0,0,0,0.01583333333333333
0,0,0.91,25,0.0,0,32.4,1.9,0,0,1,1,1.0
1,0,1.31,22,,0,27.5,2.6,0,1,1,1,0.9625
1,0,3.63,21,0.27,0,40.5,2.6,0,0,0,0,0.0575
1,1,2.68,15,1.24,0,110.3,9.7,0,0,0,0,0.012666666666666666
0,0,5.45,24,,0,7.9,0.6,0,1,0,1,0.7006666666666668
1,0,0.87,15,1.11,0,4.0,0.2,0,0,1,0,0.11477380952380953
1,1,3.86,23,0.06,0,49.5,1.8,0,0,0,0,0.1723095238095238
1,1,1.71,26,0.26,0,45.5,2.4,0,0,1,0,0.3377579365079365
1,0,2.97,12,0.97,1,47.0,5.7,0,0,0,0,0.005
1,0,6.88,22,0.83,0,7.2,0.6,0,0,0,0,0.0
1,1,2.9,10,1.4,0,47.1,3.2,0,0,0,0,0.023000000000000003
0,0,3.48,24,,0,11.3,1.2,0,1,1,1,0.998
1,1,0.54,10,0.0,0,4.9,0.4,0,0,1,1,0.98
1,1,2.87,23,,0,0.8,0.1,0,1,1,1,0.998
0,0,0.97,25,0.02,0,29.0,4.9,0,0,0,0,0.18357142857142855
1,0,2.62,26,0.0,0,47.9,2.2,0,0,1,1,0.99
0,0,0.75,63,0.0,0,78.4,5.7,0,0,1,1,1.0
1,0,5.62,25,0.22,1,49.7,3.4,0,0,0,0,0.020357142857142855
0,0,0.38,19,1.6,0,0.0,0.0,0,0,1,1,1.0
1,0,3.09,12,1.0,4,106.9,8.0,0,0,0,0,0.07
0,0,2.51,20,,2,12.7,0.8,0,1,1,1,1.0
1,1,0.43,20,0.22,1,32.4,5.8,0,0,0,0,0.10509523809523807
1,0,0.02,3,0.0,0,0.0,0.0,0,0,1,1,1.0
1,1,3.94,20,1.96,0,49.1,3.2,0,0,0,0,0.008444444444444444
1,0,1.48,30,0.0,0,87.4,10.2,0,0,1,1,1.0
0,0,5.02,32,,1,10.0,0.5,0,1,1,1,0.7341388888888889
1,0,1.84,14,0.0,0,22.4,1.7,0,0,1,1,1.0
1,0,6.94,22,2.2,0,9.2,1.2,0,0,0,0,0.09884920634920634
1,0,3.13,12,0.82,0,16.7,0.9,0,0,0,0,0.02892857142857143
1,1,1.97,6,0.0,0,113.8,7.3,0,0,1,1,0.9833333333333333
1,1,0.73,19,1.49,1,85.6,16.3,0,0,0,0,0.14566666666666667
1,0,4.93,21,0.24,0,0.0,0.0,0,0,1,1,0.9806666666666666
1,1,1.9,22,1.96,0,70.9,5.1,0,0,0,0,0.020833333333333336
1,0,0.87,38,,0,73.5,6.9,0,1,1,1,0.7430396825396827
1,1,4.87,44,0.03,0,424.2,15.0,0,0,0,0,0.022857142857142857
1,0,0.36,17,,0,1.9,0.5,0,1,1,1,0.9818333333333332
1,0,5.38,24,,0,93.8,5.4,0,1,0,1,0.656154761904762
1,1,2.0,17,1.92,0,110.5,8.3,0,0,0,0,0.07738095238095237
0,0,1.22,0,,2,4.8,0.3,0,1,1,1,0.9741428571428571
1,1,2.83,24,0.08,0,38.9,6.4,0,0,0,0,0.1108690476190476
1,0,1.35,22,0.0,2,0.0,0.0,0,0,1,1,1.0
1,0,1.41,18,0.57,0,24.5,3.0,0,0,1,0,0.3560634920634921
1,1,2.19,17,1.75,0,5.7,0.6,0,0,0,0,0.09523809523809523
1,1,2.12,12,1.8,0,37.8,2.0,0,0,0,0,0.09607142857142857
1,0,4.0,14,,0,0.0,0.0,0,1,1,1,0.99
1,1,2.76,0,,0,0.0,0.0,6,1,1,1,1.0
1,1,0.9,22,1.59,0,62.0,24.8,0,0,0,0,0.09552380952380952
1,1,0.41,9,0.0,1,71.4,1.7,0,0,1,1,0.9733333333333334
1,1,1.4,10,,0,3.0,0.3,5,1,1,1,0.985
1,1,1.12,19,1.02,0,68.5,2.6,0,0,0,0,0.26534523809523813
1,1,1.59,31,0.55,0,143.1,8.8,0,0,0,0,0.3695238095238096
1,1,5.73,21,0.3,0,20.8,1.1,0,0,0,0,0.01
1,0,2.34,12,0.0,0,2.5,0.2,0,0,1,1,0.9925
1,1,6.0,21,1.85,0,15.9,1.1,0,0,0,0,0.019761904761904762
1,1,1.65,0,0.0,0,0.0,0.0,0,0,1,1,1.0
1,0,1.87,12,0.0,0,41.0,1.8,0,0,1,1,0.9975
1,0,2.0,22,,0,0.0,0.0,0,1,1,1,1.0
1,0,1.22,28,1.0,0,40.8,4.6,0,0,0,0,0.06088888888888889
1,1,0.22,19,1.97,0,27.6,2.3,0,0,0,0,0.07116666666666666
0,0,3.76,0,,0,0.0,0.0,0,1,1,1,1.0
1,1,0.6,15,1.37,0,47.0,1.6,0,0,0,0,0.031142857142857142
1,1,2.79,12,0.0,0,94.5,2.9,0,0,1,1,0.99
1,0,0.87,14,1.1,0,41.0,3.6,0,0,0,0,0.016523809523809524
1,0,4.69,33,,1,158.6,21.5,0,1,1,1,0.6620119047619046
1,0,4.14,14,0.0,1,19.1,4.4,0,0,1,1,0.9833333333333334
1,0,4.62,19,0.0,0,44.2,8.5,0,0,1,1,0.99
1,0,2.16,20,,0,6.8,1.1,0,1,0,1,0.9963333333333333
1,1,4.98,21,0.49,0,52.6,7.4,0,0,0,0,0.012
1,0,0.36,19,1.61,0,58.6,5.2,0,0,0,0,0.024166666666666666
0,0,2.04,13,,0,0.0,0.0,0,1,1,1,1.0
1,1,0.54,21,,2,0.0,0.0,0,1,1,1,1.0
1,0,0.62,14,0.0,2,59.3,3.7,0,0,1,1,1.0
1,0,2.05,22,,1,15.0,1.6,0,1,1,1,0.9875
1,0,1.76,13,0.14,0,45.8,2.6,0,0,0,0,0.0
1,0,6.66,20,,0,80.4,8.7,0,1,1,1,0.5494801587301589
1,0,3.13,12,0.82,0,29.2,2.5,0,0,0,0,0.0075
1,0,2.95,12,0.98,1,75.0,3.4,0,0,0,0,0.0
1,1,2.17,26,,0,11.1,1.4,0,1,1,1,0.9166666666666665
1,0,0.71,24,0.0,0,19.5,1.5,0,0,1,1,0.9975
1,0,1.14,22,0.84,0,16.1,1.6,0,0,0,0,0.03
0,0,2.24,16,,0,0.0,0.0,0,1,1,1,1.0
1,0,1.1,15,0.0,0,50.0,2.9,0,0,1,1,1.0
1,0,0.92,26,0.0,0,41.7,1.4,0,0,1,1,1.0
0,0,3.58,19,,0,3.2,0.2,0,1,1,1,0.9462380952380951
1,0,1.12,21,0.85,0,143.1,8.7,0,0,0,0,0.04628787878787879
1,0,0.68,19,0.0,0,0.0,0.0,0,0,1,1,1.0
1,0,1.23,22,0.74,0,86.2,4.5,0,0,0,0,0.021261904761904763
1,1,5.83,17,1.38,0,29.9,1.3,0,0,1,0,0.44541269841269837
1,0,1.14,20,0.84,0,67.5,4.5,0,0,0,0,0.06333333333333332
1,0,2.29,22,0.63,1,17.8,3.1,0,0,0,0,0.10971428571428571
1,0,0.42,14,0.0,0,0.0,0.0,0,0,1,1,1.0
1,0,1.09,14,0.88,4,48.1,5.7,0,0,0,0,0.06604761904761905
0,0,1.02,25,,0,19.0,4.2,0,1,1,1,0.9693928571428571
1,1,1.37,25,0.0,0,5.3,2.5,0,0,1,1,0.9955555555555555
0,0,0.09,13,,0,0.0,0.0,0,1,1,1,1.0
1,0,2.14,22,,1,12.2,1.1,0,1,1,1,0.9940000000000001
1,0,1.31,13,,0,17.7,0.9,0,1,1,1,0.8730476190476191
1,0,0.02,0,0.34,0,,,0,0,0,0,0.07376190476190476
1,1,4.85,17,0.0,0,31.5,1.8,0,0,1,1,1.0
0,0,0.86,76,0.0,4,129.7,19.0,0,0,1,1,0.9468333333333334
1,0,1.3,38,1.04,0,55.5,2.0,0,0,0,0,0.12533333333333332
1,1,2.07,24,0.9,0,59.9,5.1,0,0,0,0,0.14792857142857144
1,0,3.01,12,0.93,0,44.0,2.1,0,0,0,0,0.008
1,0,3.07,0,,0,0.0,0.0,0,1,1,1,1.0
1,1,3.59,21,0.31,0,54.2,4.4,0,0,0,0,0.005
1,1,4.04,18,1.86,0,156.0,15.2,0,0,0,0,0.004285714285714285
1,1,6.97,22,1.09,1,73.7,3.7,0,0,0,0,0.042249999999999996
1,0,1.01,22,0.97,1,0.6,8.1,0,0,0,0,0.09983333333333334
1,0,2.75,22,0.94,0,18.3,2.7,0,0,0,0,0.02916666666666667
1,1,2.25,20,1.67,0,97.6,6.9,0,0,0,0,0.04647619047619047
1,1,1.71,12,0.21,0,25.7,2.2,0,0,0,0,0.06727380952380951
1,1,0.18,15,0.0,0,0.0,0.0,0,0,1,1,1.0
1,0,4.2,14,,0,5.2,0.8,0,1,1,1,0.9745555555555556
1,1,0.0,0,0.0,0,0.5,0.1,0,0,1,1,0.9845
1,0,0.9,11,0.0,0,9.1,1.1,0,0,1,1,0.99
1,1,1.77,15,1.5,0,10.6,0.8,0,0,0,0,0.1693095238095238
1,0,1.33,13,0.64,0,50.2,1.8,0,0,0,0,0.11016666666666666
1,1,6.93,25,0.07,2,21.6,1.2,0,0,0,0,0.055166666666666676
1,1,1.4,12,0.57,1,28.4,1.4,0,0,0,0,0.06500793650793651
0,0,0.96,0,0.0,0,0.0,0.0,0,0,1,1,1.0
1,0,1.28,24,0.0,1,155.9,9.7,0,0,1,1,0.98
1,0,2.4,35,,0,25.0,1.7,0,1,1,1,0.8870833333333333
1,1,1.53,20,0.44,2,132.4,9.1,0,0,0,0,0.07326190476190476
0,0,3.22,18,0.0,0,138.3,8.3,0,0,1,1,0.9966666666666667
1,0,1.94,0,,3,0.4,0.0,4,1,1,1,1.0
1,1,6.82,0,,0,10.5,3.6,0,1,0,1,0.568325396825397
0,0,1.99,0,,0,0.0,0.0,0,1,1,1,1.0
1,0,3.73,25,0.02,1,14.5,1.7,0,0,0,0,0.02720238095238095
1,0,0.67,22,0.01,0,0.0,0.0,0,0,1,1,1.0
0,0,1.25,22,,0,20.1,2.2,0,1,1,1,0.9833333333333333
0,0,1.5,27,0.0,0,29.9,1.3,0,0,1,1,1.0
1,0,0.0,0,0.0,0,0.0,0.0,0,0,1,1,1.0
1,0,5.39,21,0.18,0,59.9,1.8,0,0,0,0,0.018333333333333333
1,0,0.07,9,1.9,0,243.8,11.1,0,0,0,0,0.038000000000000006
0,0,1.05,14,,0,0.0,0.0,0,1,1,1,1.0
1,0,0.54,17,0.0,0,45.9,4.0,0,0,1,1,1.0
0,0,0.82,20,,0,0.0,0.0,0,1,1,1,1.0
1,1,3.48,37,0.41,1,79.6,5.0,0,0,0,0,0.03530952380952381
1,0,1.1,23,,2,11.2,6.6,0,1,1,1,0.9245
1,0,1.74,12,0.23,0,82.2,2.7,0,0,0,0,0.31555880230880234
1,1,4.83,20,0.08,0,20.0,11.2,0,0,0,0,0.044972222222222226
1,0,1.21,0,0.0,0,7.2,0.6,0,0,1,1,1.0
1,1,0.84,24,1.13,0,51.4,6.0,0,0,0,0,0.08059523809523811
1,1,8.65,21,1.87,1,77.0,3.8,0,0,0,0,0.06508333333333333
1,0,2.15,18,,0,19.6,3.1,0,1,1,1,0.8755
1,1,4.99,10,1.27,0,0.5,0.1,0,0,0,0,0.03908333333333333
1,1,2.07,0,,0,0.0,0.0,0,1,1,1,1.0
1,1,2.1,18,1.82,0,263.0,17.5,0,0,0,0,0.02595238095238095
1,1,3.41,15,1.32,0,53.0,5.7,0,0,0,0,0.025166666666666667
1,0,4.27,17,0.0,1,51.2,44.1,0,0,1,1,0.9880000000000001
1,0,4.77,23,0.0,2,40.1,2.1,0,0,1,1,0.9925
0,0,3.01,21,,0,8.1,0.8,0,1,1,1,1.0
0,0,1.42,23,,0,80.0,3.7,0,1,1,1,0.812154761904762
1,0,0.63,26,0.0,0,11.0,1.2,0,0,1,1,1.0
1,1,2.42,18,1.92,0,59.7,2.7,0,0,0,0,0.04727777777777778
1,0,3.22,22,0.72,0,42.5,2.9,0,0,0,0,0.01625
1,0,1.67,19,0.3,0,17.3,2.1,0,0,1,1,0.5072777777777778
1,0,0.92,14,1.05,0,79.2,4.0,0,0,0,0,0.0
1,0,0.21,14,1.76,4,41.7,3.4,0,0,0,0,0.09211904761904761
1,1,0.7,0,,0,0.0,0.0,7,1,1,1,1.0
1,0,7.72,21,0.28,0,82.0,7.2,0,0,0,0,0.0
1,0,1.83,13,0.0,0,8.3,0.5,0,0,1,1,1.0
1,1,3.7,12,0.22,1,61.7,8.2,0,0,0,0,0.04333333333333334
1,1,4.73,12,0.0,4,35.9,1.8,0,0,1,1,0.998
1,1,2.01,36,0.13,0,46.1,3.0,0,0,0,0,0.05366666666666666
1,1,0.96,22,1.01,6,185.7,8.0,0,0,0,0,0.12375000000000001
1,1,1.71,18,,1,63.6,4.5,0,1,0,1,0.7999444444444443
1,1,2.5,10,1.42,1,33.6,4.6,0,0,0,0,0.019333333333333334
1,1,0.12,6,1.85,0,92.0,13.1,0,0,0,0,0.06700396825396826
1,0,3.85,23,,0,17.4,1.1,0,1,1,1,0.9397619047619048
1,1,3.02,12,0.92,0,69.4,7.5,0,0,0,0,0.13033333333333336
0,0,0.87,64,,0,48.6,3.5,0,1,1,1,0.9322619047619048
1,1,0.65,15,1.32,0,111.5,5.2,0,0,0,0,0.01711904761904762
1,1,1.64,23,,0,5.9,0.7,0,1,1,1,1.0
1,1,2.27,15,1.62,0,93.7,3.2,0,0,1,0,0.07592857142857143
1,0,1.56,18,,1,4.9,0.4,0,1,1,1,1.0
1,1,1.27,15,1.64,0,39.5,4.3,0,0,0,0,0.09715079365079365
0,0,1.08,21,0.0,0,1.4,0.2,0,0,1,1,1.0
1,1,0.15,17,1.82,0,83.2,15.0,0,0,0,0,0.014666666666666668
1,0,3.9,19,,0,1.4,0.1,0,1,1,1,0.9834999999999999
1,1,1.69,12,0.28,0,57.7,4.8,0,0,0,0,0.012
1,0,5.43,22,0.0,2,37.4,1.8,0,0,1,1,0.99625
1,1,3.22,24,0.71,0,32.4,4.2,0,0,0,0,0.03666666666666667
1,0,0.43,19,0.0,1,32.3,2.5,0,0,1,1,1.0
1,1,5.18,15,1.41,3,32.0,2.0,0,0,0,0,0.05826190476190476
0,0,0.47,19,0.01,0,0.0,0.0,0,0,1,1,1.0
1,1,0.31,20,0.01,0,0.0,0.0,0,0,1,1,1.0
1,1,1.94,15,1.15,0,12.8,1.0,0,0,1,0,0.1328333333333333
1,0,2.01,22,,0,10.4,0.6,0,1,1,1,1.0
1,0,0.04,5,0.0,0,0.0,0.0,0,0,1,1,1.0
1,0,1.08,8,0.47,0,51.4,5.2,0,0,1,0,0.24485714285714283
1,0,1.33,19,0.0,0,71.0,2.9,0,0,1,1,1.0
0,0,3.24,24,,0,27.3,1.8,0,1,1,1,0.9658333333333334
1,0,1.06,13,,0,0.0,0.0,0,1,1,1,1.0
0,0,0.15,14,0.0,1,0.0,0.0,0,0,1,1,1.0
1,0,2.21,24,,0,23.8,4.7,0,1,1,1,0.8798333333333334
1,0,1.05,22,0.0,0,57.0,2.8,0,0,1,1,1.0
1,0,1.77,21,0.45,0,16.4,2.4,0,0,0,0,0.11258333333333334
1,1,7.01,25,0.06,0,56.2,3.2,0,0,0,0,0.0
1,1,2.45,15,1.64,0,5.5,0.4,0,0,0,0,0.0915
1,0,1.1,22,0.87,0,0.4,0.0,0,0,0,0,0.065
1,0,2.03,23,,1,22.3,1.6,0,1,1,1,0.9890000000000001
1,0,0.98,14,0.99,0,16.4,2.0,0,0,0,0,0.01
1,0,1.05,9,0.0,0,40.1,2.0,0,0,1,1,0.9966666666666667
0,0,3.53,21,,0,9.6,0.8,0,1,1,1,1.0
1,1,0.41,15,1.57,0,16.0,2.1,0,0,0,0,0.21613095238095237
0,0,3.98,0,0.41,0,0.0,0.0,0,0,1,1,1.0
1,0,3.27,22,0.0,0,16.4,0.7,0,0,1,1,1.0
0,0,1.66,21,0.66,0,0.0,0.0,0,0,1,1,1.0
0,0,0.75,66,,0,57.4,2.5,0,1,1,1,0.8922770562770563
1,0,0.9,22,0.0,0,63.1,2.9,0,0,1,1,1.0
1,1,1.0,21,0.39,0,50.3,4.1,0,0,0,0,0.13160930735930737
1,0,3.9,13,0.0,0,42.1,1.9,0,0,1,1,0.9825
1,1,2.22,12,1.7,0,15.7,2.1,0,0,0,0,0.06492857142857143
1,0,2.89,25,0.01,0,17.2,1.5,0,0,0,0,0.15433333333333332
1,0,0.76,22,0.23,0,66.6,4.5,0,0,1,0,0.12594047619047619
0,0,2.23,3,0.95,0,0.0,0.0,7,0,1,1,0.9933333333333334
1,0,0.65,16,0.0,0,0.0,0.0,0,0,1,1,1.0
1,0,1.64,38,,1,35.1,2.0,0,1,1,1,0.9248333333333334
0,0,1.56,24,0.0,0,8.4,1.1,0,0,1,1,1.0
1,0,1.4,24,,1,15.3,1.5,0,1,1,1,0.938154761904762
1,1,1.9,3,0.0,0,0.0,0.0,0,0,1,1,1.0
1,0,0.97,18,1.25,0,9.6,0.7,0,0,0,0,0.4039924242424243
1,0,0.12,11,1.85,0,32.5,2.7,0,0,0,0,0.0
1,0,0.1,18,1.88,0,58.7,2.7,0,0,0,0,0.0011111111111111111
1,1,1.93,28,0.02,0,39.0,1.7,0,0,0,0,0.32484523809523813
1,0,5.21,19,,0,6.2,0.9,0,1,1,1,0.986515873015873
1,0,1.88,22,0.0,0,0.0,0.0,0,0,1,1,1.0
1,1,1.93,13,0.0,0,35.3,1.2,0,0,1,1,0.9175
1,0,1.6,0,0.0,0,9.6,0.8,0,0,1,1,1.0
1,1,0.9,36,1.32,0,114.4,7.9,0,0,0,0,0.04250000000000001
1,1,0.41,14,1.73,0,38.2,2.9,0,0,0,0,0.1132857142857143
1,0,1.13,22,0.84,0,20.5,5.7,0,0,0,0,0.0045000000000000005
0,0,0.45,30,1.53,0,6.9,0.7,0,0,0,0,0.2782380952380952
0,0,5.46,32,,0,47.7,5.8,0,1,1,1,0.7727380952380953
1,1,1.02,24,0.96,0,66.7,4.9,0,0,0,0,0.0025
1,0,0.29,10,,0,38.7,5.1,0,1,1,1,0.6794350649350649
0,0,0.89,36,1.08,1,61.3,10.6,0,0,1,1,0.7939999999999999
1,0,0.0,0,0.0,0,0.0,0.0,0,0,1,1,1.0
0,0,6.12,40,,0,40.2,2.2,0,1,0,1,0.7441984126984128
1,1,0.77,15,1.21,0,160.1,12.3,0,0,0,0,0.008857142857142857
0,0,0.15,14,1.82,0,0.0,0.0,0,0,1,1,1.0
1,1,0.16,14,1.81,2,125.7,5.9,0,0,0,0,0.06301190476190476
0,0,0.87,18,0.0,0,6.8,0.5,0,0,1,1,1.0
1,0,0.44,19,1.53,0,22.8,2.7,0,0,0,0,0.3020714285714286
1,0,1.99,25,,0,39.3,3.7,0,1,1,1,0.9313333333333332
0,0,6.63,22,0.0,0,19.8,1.5,0,0,1,1,0.9866666666666667
0,0,0.98,21,0.0,0,0.8,0.1,0,0,1,1,1.0
0,0,0.46,21,0.02,0,0.0,0.0,0,0,1,1,1.0
1,0,2.0,25,,0,48.7,5.3,0,1,1,1,0.9088333333333334
1,1,3.23,12,0.76,3,89.5,2.5,0,0,0,0,0.07878571428571428
1,0,5.35,20,1.58,1,115.2,10.0,0,0,0,0,0.018166666666666664
1,1,4.23,21,0.48,0,34.3,1.7,0,0,0,0,0.035
1,0,2.62,24,0.0,0,25.8,2.4,0,0,1,1,0.98
1,1,0.1,12,1.87,0,88.9,16.4,0,0,0,0,0.0
1,0,1.19,19,0.0,0,39.2,5.8,0,0,1,1,1.0
0,0,3.25,0,,0,0.5,0.0,0,1,1,1,0.9657142857142857
1,0,0.66,21,0.14,2,45.6,4.5,0,0,0,0,0.1329880952380952
0,0,0.4,23,1.57,0,0.0,0.0,0,0,1,1,0.99
0,0,2.89,0,,0,0.7,0.0,1,1,1,1,1.0
1,0,4.16,12,,1,126.9,22.7,0,1,1,1,0.8756666666666665
1,1,10.3,12,0.24,1,69.4,4.0,0,0,0,0,0.09578571428571428
1,1,4.92,20,0.0,0,48.4,8.3,0,0,1,1,0.9141309523809524
1,0,3.97,22,,0,123.2,4.8,0,1,0,1,0.5938015873015874
0,0,5.38,10,,0,0.4,0.0,0,1,1,1,0.995
1,1,7.13,20,1.02,0,31.1,1.5,0,0,0,0,0.13938095238095236
1,0,2.05,23,,0,0.9,0.0,0,1,1,1,1.0
1,0,1.05,22,0.92,0,112.7,5.2,0,0,0,0,0.02
1,1,2.77,15,0.0,0,11.6,1.2,0,0,1,1,0.99
1,1,4.49,17,1.64,0,76.1,8.7,0,0,0,0,0.05333333333333334
1,1,2.15,23,,0,0.0,0.0,0,1,1,1,1.0
0,0,2.11,24,,0,7.4,1.0,0,1,1,1,1.0
1,0,6.4,22,1.58,1,28.8,3.0,0,0,0,0,0.04316666666666667
0,0,1.86,15,0.0,0,45.5,3.9,0,0,1,1,1.0
1,1,5.78,21,0.36,1,106.7,8.6,0,0,0,0,0.028333333333333335
1,1,3.64,20,,0,0.2,0.2,2,1,1,1,0.9833333333333334
1,0,4.2,23,0.0,0,25.8,2.6,0,0,1,1,0.9854999999999999
0,0,2.04,15,,0,10.6,1.1,0,1,1,1,0.9983333333333333
1,0,4.05,11,,0,33.6,3.1,0,1,1,1,0.7264761904761905
1,0,2.32,16,,0,6.3,1.4,0,1,1,1,0.9682380952380951
0,0,5.56,163,,0,0.0,0.0,0,1,0,1,0.9466666666666668
1,1,0.61,24,1.36,0,32.4,17.2,0,0,0,0,0.15304761904761902
1,0,1.8,0,,0,0.0,0.0,1,1,1,1,1.0
0,0,1.75,24,0.0,0,30.2,1.7,0,0,1,1,1.0
1,1,6.58,17,1.82,0,35.8,1.4,0,0,0,0,0.007333333333333334
1,0,0.95,19,0.18,0,23.1,1.9,0,0,1,1,0.5580714285714287
1,0,0.08,7,0.21,1,3.9,0.1,0,0,0,0,0.3754761904761906
1,0,0.48,10,0.0,1,45.9,5.4,0,0,1,1,1.0
1,1,2.51,14,0.0,0,145.5,6.3,0,0,1,1,0.9940000000000001
1,1,0.02,0,,0,13.7,0.3,0,1,1,1,0.8510476190476188
1,0,3.56,21,0.37,0,36.2,3.8,0,0,0,0,0.004285714285714285
1,1,2.81,10,1.11,0,66.4,6.1,0,0,0,0,0.0075
1,1,5.23,17,1.91,0,111.1,8.3,0,0,0,0,0.10214285714285715
1,1,0.92,15,1.32,0,54.1,3.6,0,0,0,0,0.09232142857142855
1,0,0.45,29,2.51,0,91.3,4.3,0,0,0,0,0.023
0,0,0.99,54,,0,0.0,0.0,0,1,1,1,1.0
1,0,2.04,21,0.0,2,27.9,3.2,0,0,1,1,0.99
1,0,4.67,31,,0,35.4,2.8,0,1,1,1,0.8255555555555557
1,1,5.87,22,0.09,0,9.4,0.8,0,0,0,0,0.0
0,0,0.39,39,1.58,0,188.2,23.3,0,0,0,0,0.13335714285714284
1,0,7.13,22,0.98,1,28.1,4.8,0,0,0,0,0.0275
1,1,6.08,15,1.28,1,27.3,2.0,0,0,0,0,0.0
1,0,1.09,20,0.0,0,91.8,8.3,0,0,1,1,1.0
1,0,1.55,22,0.0,0,76.7,4.5,0,0,1,1,0.9966666666666666
1,1,6.38,18,1.66,0,155.2,15.1,0,0,0,0,0.007222222222222222
0,0,1.19,80,,0,227.7,8.2,0,1,1,1,0.6522182539682541
1,1,0.12,12,1.86,0,38.6,5.5,0,0,0,0,0.011111111111111112
1,0,1.97,22,0.0,0,83.1,3.6,0,0,1,1,0.975
0,0,7.71,0,,0,0.0,0.0,0,1,1,1,1.0
1,1,0.74,15,1.48,0,29.4,7.0,0,0,0,0,0.03583333333333333
0,0,3.07,20,,1,1.4,0.1,0,1,1,1,0.99
1,1,0.73,71,0.0,0,12.0,1.3,0,0,1,1,0.9966666666666667
1,1,2.16,14,1.06,0,145.2,7.0,0,0,1,0,0.24350000000000002
1,1,7.08,21,0.81,0,584.0,30.9,0,0,0,0,0.2891190476190476
1,1,2.24,0,,0,0.0,0.0,0,1,1,1,1.0
0,0,2.13,14,,0,76.2,4.4,0,1,1,1,0.681504329004329
1,1,6.75,21,,0,56.5,5.3,0,1,1,0,0.4247619047619047
1,1,7.18,15,1.32,1,174.7,94.2,0,0,0,0,0.06533333333333334
0,0,2.53,24,,0,0.0,0.0,0,1,1,1,0.9916666666666666
1,0,1.86,28,0.0,0,2.3,0.1,0,0,1,1,1.0
1,0,7.98,22,1.64,0,12.9,3.5,0,0,0,0,0.10630952380952381
1,1,1.98,10,,0,7.0,1.1,0,1,1,1,0.9473333333333334
1,1,2.12,23,1.21,0,118.8,7.3,0,0,0,0,0.09316666666666668
1,1,2.21,15,,0,0.0,0.0,0,1,1,1,1.0
1,0,0.94,21,0.0,0,4.3,0.2,0,0,1,1,1.0
1,0,1.22,28,1.0,0,23.1,1.3,0,0,0,0,0.08408333333333333
1,1,0.81,0,0.0,0,0.0,0.0,3,0,1,1,1.0
1,0,1.84,17,0.0,0,20.2,1.4,0,0,1,1,1.0
0,0,3.08,13,,0,0.0,0.0,0,1,1,1,1.0
1,0,1.98,33,,0,31.1,1.7,0,1,1,1,0.936
1,1,0.31,14,1.66,0,21.3,4.8,0,0,0,0,0.018500000000000003
0,0,0.02,0,1.95,0,,,0,0,0,0,0.0
1,0,1.04,14,0.93,0,26.9,1.7,0,0,0,0,0.0175
0,0,3.19,24,,0,17.3,3.6,0,1,1,1,0.9433333333333332
1,1,3.36,20,0.53,0,43.1,3.9,0,0,0,0,0.08733333333333335
1,0,2.08,13,,0,81.5,4.7,0,1,0,0,0.3382301587301587
0,0,0.21,53,,0,0.0,0.0,0,1,1,1,0.99
1,0,2.59,21,0.31,0,59.1,3.9,0,0,0,0,0.0635
1,0,3.16,23,,0,21.2,0.7,0,1,1,1,0.99
1,0,1.53,30,,0,36.7,1.1,0,1,1,1,0.9693333333333334
0,0,2.75,20,,0,21.9,2.7,0,1,1,1,0.9508333333333333
1,1,3.58,22,,1,12.5,1.5,0,1,1,1,0.9729285714285715
1,0,3.13,12,0.82,0,165.8,5.2,0,0,0,0,0.04333333333333333
0,0,0.67,23,0.0,3,0.0,0.0,0,0,1,1,1.0
1,1,1.96,20,1.95,0,51.8,8.7,0,0,0,0,0.047182539682539694
1,1,0.05,3,1.26,0,28.3,1.9,0,0,0,0,0.08702380952380953
1,1,4.14,15,1.76,0,65.6,5.7,0,0,0,0,0.01583333333333333
1,0,3.31,40,,0,51.2,2.4,0,1,1,1,0.6501349206349206
1,0,3.23,22,0.0,0,61.3,5.4,0,0,1,1,1.0
0,0,0.96,0,0.0,0,0.0,0.0,0,0,1,1,1.0
1,0,1.66,13,0.27,0,41.4,2.6,0,0,0,0,0.07666666666666666
1,1,2.3,13,1.67,0,15.6,2.2,0,0,1,0,0.12877777777777777
1,1,3.61,8,,0,6.8,2.4,6,1,1,1,0.8733650793650792
0,0,4.14,13,,0,0.0,0.0,0,1,1,1,0.99
1,0,2.66,22,1.28,0,42.8,4.9,0,0,0,0,0.08769841269841269
1,1,3.6,12,0.3,0,73.0,4.8,0,0,0,0,0.021166666666666667
1,1,2.85,0,,0,0.0,0.0,7,1,1,1,1.0
1,0,1.44,6,0.49,0,10.3,0.2,0,0,0,0,0.188
1,1,1.24,13,0.0,0,71.3,6.9,0,0,1,1,1.0
1,1,3.65,24,1.93,0,71.9,2.2,0,0,0,0,0.02671428571428571
1,0,0.22,0,2.08,0,51.7,6.7,0,0,0,0,0.018476190476190476
0,0,1.78,13,,0,0.0,0.0,0,1,1,1,1.0
1,0,1.18,22,0.8,0,77.6,7.1,0,0,0,0,0.011428571428571429
1,0,0.5,14,0.0,0,13.8,0.6,0,0,1,1,1.0
1,1,2.49,35,1.59,2,114.4,6.1,0,0,0,0,0.14483333333333334
1,1,0.7,17,,0,0.0,0.0,0,1,1,1,1.0
1,0,3.09,12,0.85,0,30.4,2.2,0,0,0,0,0.0
1,0,0.45,20,0.0,0,0.0,0.0,0,0,1,1,1.0
1,1,0.96,16,1.02,0,11.4,1.0,0,0,1,0,0.36230952380952386
1,1,0.73,15,1.49,1,82.8,7.4,0,0,0,0,0.018833333333333334
0,0,0.0,1,,0,0.0,0.0,0,1,1,1,1.0
1,0,2.16,31,,1,101.4,34.1,0,1,1,1,0.9613095238095238
1,0,0.82,28,0.0,0,58.3,5.6,0,0,1,1,0.995
1,0,0.69,14,1.28,0,20.4,1.3,0,0,0,0,0.02
1,0,0.75,16,0.0,0,0.0,0.0,0,0,1,1,1.0
1,0,2.21,39,,0,215.8,9.8,0,1,1,0,0.4052023809523809
1,0,0.64,18,0.0,0,0.0,0.0,0,0,1,1,1.0
1,1,0.22,13,1.76,0,15.0,1.3,0,0,0,0,0.020380952380952378
1,1,1.73,22,0.0,0,45.9,5.7,0,0,1,1,1.0
1,1,1.15,23,0.0,1,0.0,0.0,0,0,1,1,1.0
0,0,4.52,0,,0,1.6,0.1,7,1,1,1,1.0
1,0,0.61,26,,0,34.6,1.6,0,1,1,1,0.9297500000000001
1,1,3.82,30,,0,23.1,0.9,0,1,1,1,0.9142142857142858
1,0,2.1,14,1.82,0,11.9,0.5,0,0,0,0,0.056107142857142855
1,0,1.47,13,0.45,0,13.0,1.3,0,0,0,0,0.0744047619047619
1,1,0.81,16,1.17,3,96.4,6.9,0,0,0,0,0.35555952380952377
1,0,4.45,26,0.55,0,43.2,2.5,0,0,0,0,0.05933333333333334
1,0,4.44,30,0.0,0,13.7,0.8,0,0,1,1,1.0
1,0,5.87,22,0.03,0,20.4,3.5,0,0,0,0,0.015
1,0,1.82,35,0.0,0,8.2,1.2,0,0,1,1,0.9883333333333334
1,1,1.05,24,0.92,0,25.2,4.3,0,0,0,0,0.026888888888888893
1,0,0.08,24,2.87,0,29.6,9.6,0,0,0,0,0.05683333333333333
1,0,4.18,26,,0,19.9,2.6,0,1,1,1,0.8810952380952379
0,0,2.56,22,,0,20.3,0.9,0,1,1,1,0.9946666666666667
1,0,3.15,12,0.82,0,22.4,1.7,0,0,0,0,0.01676190476190476
0,0,3.28,40,,0,18.0,2.0,0,1,1,1,0.7731825396825397
1,1,1.96,12,0.88,0,36.5,0.6,0,0,0,0,0.18044841269841266
1,1,1.5,12,0.43,1,92.1,6.9,0,0,0,0,0.036166666666666666
1,1,2.97,14,1.35,0,43.2,6.8,0,0,0,0,0.21203174603174602
1,1,0.62,30,1.35,3,82.0,11.9,0,0,0,0,0.027714285714285712
1,0,1.9,14,0.04,0,0.4,2.3,0,0,0,0,0.2937579365079365
1,0,0.57,47,,0,0.0,0.0,0,1,1,1,1.0
0,0,1.69,24,,0,22.8,3.2,0,1,0,1,0.9223333333333333
1,0,2.04,12,,0,10.0,0.9,0,1,1,1,0.9116666666666666
1,0,7.57,21,0.13,0,144.9,5.7,0,0,0,0,0.024023809523809524
1,1,0.06,7,1.92,0,13.1,3.0,0,0,0,0,0.03702380952380952
1,1,2.09,15,,0,38.9,6.5,0,1,0,1,0.8596666666666666
0,0,0.59,406,,3,996.8,62.8,0,1,0,0,0.18260714285714286
0,0,0.53,21,0.0,0,0.0,0.0,0,0,1,1,1.0
1,1,5.88,15,1.17,0,70.7,4.5,0,0,0,0,0.005
1,0,1.36,12,0.0,0,0.0,0.0,0,0,1,1,0.99
1,0,2.52,13,0.0,1,20.3,1.3,0,0,1,1,1.0
1,1,3.12,21,1.82,0,135.0,13.7,0,0,0,0,0.05600000000000001
1,0,1.19,14,1.51,0,23.6,1.2,0,0,1,0,0.38614285714285723
1,0,1.75,21,0.23,0,191.4,16.3,0,0,0,0,0.1297261904761905
1,0,1.24,25,0.0,0,18.3,1.0,0,0,1,1,1.0
1,1,5.24,24,0.96,0,19.6,2.1,0,0,0,0,0.1219642857142857
1,1,3.87,20,0.04,0,54.7,2.4,0,0,0,0,0.002
1,0,0.3,10,0.0,0,3.6,0.3,0,0,1,1,1.0
1,0,0.77,30,0.0,0,100.6,9.1,0,0,1,1,0.9966666666666667
1,1,0.99,12,0.44,0,15.5,0.7,0,0,0,0,0.0695
1,0,0.99,17,0.0,0,32.8,1.5,0,0,1,1,1.0
0,0,0.67,33,,0,5.1,0.4,0,1,1,1,1.0
1,0,3.63,24,,0,16.2,0.9,0,1,1,1,0.5815119047619048
1,0,0.63,21,0.0,1,0.0,0.0,0,0,1,1,1.0
1,0,0.69,15,0.0,0,58.7,4.2,0,0,1,1,1.0
1,0,1.21,14,0.77,0,69.5,3.0,0,0,0,0,0.0
1,0,2.06,26,0.0,0,44.4,1.8,0,0,1,1,0.9549166666666667
1,0,1.12,16,0.86,0,46.1,15.2,0,0,0,0,0.09679761904761908
1,0,2.65,23,,0,5.0,0.7,0,1,1,1,1.0
0,0,3.73,26,0.23,0,82.7,6.0,0,0,0,0,0.02383333333333333
0,0,0.05,11,1.93,0,22.7,1.6,0,0,0,0,0.029166666666666664
1,0,3.19,22,0.76,0,81.7,5.3,0,0,0,0,0.023571428571428566
1,0,1.83,11,0.0,0,65.0,2.1,0,0,1,1,0.99
1,1,2.22,16,,0,13.8,0.4,3,1,1,1,0.9153333333333333
0,0,1.99,13,,0,0.0,0.0,0,1,1,1,1.0
1,1,6.77,20,0.0,0,73.9,11.0,0,0,1,1,0.8977976190476191
0,0,8.53,0,,0,0.0,0.0,0,1,1,1,1.0
1,0,1.53,11,0.44,0,32.7,1.5,0,0,0,0,0.3728333333333333
1,1,2.85,15,1.07,0,109.3,10.3,0,0,0,0,0.06117857142857142
1,1,6.94,12,0.77,1,15.8,2.9,0,0,0,0,0.10333333333333333
0,0,0.13,24,1.84,0,71.5,3.5,0,0,0,0,0.0
1,1,1.03,24,0.94,0,195.5,19.7,0,0,0,0,0.0345
1,0,6.08,12,0.89,1,26.0,1.9,0,0,0,0,0.015
1,0,2.28,23,,0,0.0,0.0,0,1,1,1,1.0
1,0,4.34,13,,0,0.0,0.0,0,1,1,1,1.0
0,0,3.99,16,,0,5.8,0.5,0,1,1,1,0.9933333333333333
1,0,2.04,23,,0,17.7,3.7,0,1,1,1,0.9607857142857144
1,0,1.85,30,0.01,0,83.6,3.5,0,0,1,0,0.3205833333333333
1,1,0.14,16,0.28,0,29.2,0.3,0,0,0,0,0.40040476190476193
1,0,3.78,24,0.0,0,4.4,0.4,0,0,1,1,1.0
1,1,1.11,12,0.0,1,26.9,1.2,0,0,1,1,0.9942857142857143
1,0,0.66,14,1.31,0,103.4,6.1,0,0,0,0,0.03785714285714285
1,1,0.27,17,1.7,0,55.5,8.1,0,0,0,0,0.09083333333333334
1,1,0.75,15,1.22,0,51.8,2.6,0,0,0,0,0.051833333333333335
1,1,4.14,17,1.75,0,43.8,2.5,0,0,0,0,0.009523809523809523
1,0,2.77,21,0.0,0,7.8,0.7,0,0,1,1,1.0
0,0,0.66,23,0.0,1,42.0,2.1,0,0,1,1,1.0
1,0,6.91,31,,0,16.8,1.3,0,1,0,1,0.6576587301587302
1,1,3.94,15,1.35,0,81.7,5.7,0,0,0,0,0.048
1,0,1.98,13,,0,27.3,1.5,0,1,1,1,0.7830317460317461
1,0,0.96,20,1.01,0,207.5,9.6,0,0,0,0,0.003333333333333333
1,0,2.61,12,0.0,0,70.5,4.6,0,0,1,1,0.995
1,1,2.61,24,,0,6.4,0.5,0,1,1,1,1.0
1,0,0.99,21,0.55,0,60.7,6.5,0,0,0,0,0.03297619047619047
1,0,1.15,12,0.0,0,78.9,7.1,0,0,1,1,1.0
1,1,4.89,15,1.16,0,41.2,1.8,0,0,0,0,0.08828571428571429
1,0,1.66,14,0.0,0,7.6,1.4,0,0,1,1,1.0
0,0,3.97,14,,0,0.0,0.0,0,1,1,1,1.0
1,0,0.91,14,1.07,0,15.4,0.6,0,0,0,0,0.016666666666666666
1,0,2.86,17,,0,0.0,0.0,0,1,1,1,1.0
1,0,2.08,23,,0,30.8,3.7,0,1,1,1,0.9801190476190476
1,1,1.04,22,0.93,0,29.3,3.4,0,0,0,0,0.0026666666666666666
1,0,4.14,0,,0,2.9,0.3,6,1,1,1,1.0
1,0,0.0,1,0.0,0,0.0,0.0,0,0,1,1,1.0
1,1,0.5,63,1.48,0,917.7,95.0,0,0,0,0,0.2011388888888889
1,0,0.07,12,1.9,0,55.7,5.8,0,0,0,0,0.025
0,0,4.35,20,,0,5.7,0.5,0,1,1,1,1.0
1,0,2.49,22,,0,18.8,1.4,0,1,1,1,0.9026190476190475
1,1,0.73,15,1.24,1,96.1,4.5,0,0,0,0,0.010833333333333332
0,0,2.14,55,,0,118.1,6.2,0,1,1,1,0.8415277777777779
1,0,1.56,39,0.0,0,59.6,13.8,0,0,1,1,1.0
1,1,7.24,10,1.36,0,18.5,1.3,0,0,0,0,0.007272727272727273
0,0,1.39,0,0.0,0,0.0,0.0,0,0,1,1,1.0
1,0,1.41,14,0.11,0,121.3,5.5,0,0,0,0,0.1566111111111111
1,0,1.18,22,1.18,0,41.2,5.9,0,0,0,0,0.1370952380952381
0,0,3.58,121,,3,129.9,17.7,0,1,1,1,0.6487261904761904
1,0,0.28,16,0.0,0,43.2,4.2,0,0,1,1,1.0
1,1,0.11,22,1.87,0,42.9,1.3,0,0,0,0,0.01
1,0,0.66,11,0.0,0,9.5,1.3,0,0,1,1,1.0
1,0,2.29,19,,0,32.8,2.6,2,1,1,1,0.9755000000000001
1,0,2.8,20,1.12,0,5.8,0.9,0,0,0,0,0.07509523809523809
1,0,1.72,0,,0,0.0,0.0,0,1,1,1,1.0
1,0,0.45,22,0.0,0,16.1,0.7,0,0,1,1,0.9942857142857143
1,0,3.11,12,0.86,0,108.3,6.8,0,0,0,0,0.03
1,0,1.02,13,0.0,0,42.0,2.2,0,0,1,1,0.99
0,0,0.01,0,1.96,0,,,0,0,0,0,0.0
1,1,0.6,22,1.37,0,35.0,2.5,0,0,0,0,0.024714285714285716
0,0,1.32,18,0.0,0,13.3,0.7,0,0,1,1,1.0
1,1,4.42,16,1.56,0,18.5,2.7,0,0,0,0,0.2136111111111111
1,1,2.45,39,,0,0.0,0.0,0,1,1,1,1.0
1,0,3.15,12,0.8,0,68.7,2.9,0,0,0,0,0.0
0,0,2.21,21,,0,22.3,1.3,0,1,1,1,0.99
0,0,0.55,0,,1,0.0,0.0,1,1,1,1,1.0
1,0,4.25,19,,0,0.0,0.0,0,1,1,1,1.0
1,0,1.28,17,0.69,0,100.5,6.1,0,0,0,0,0.44148809523809524
1,0,1.02,50,,1,393.9,40.1,0,1,1,1,0.5084484126984128
1,1,6.19,12,0.23,0,35.5,4.9,0,0,0,0,0.05104761904761905
1,0,1.04,12,0.62,0,40.6,1.4,0,0,0,0,0.2580119047619047
1,1,4.78,17,1.72,0,42.1,1.3,0,0,0,0,0.044444444444444446
1,1,7.04,20,0.04,0,156.4,5.9,0,0,0,0,0.03833333333333334
1,0,6.89,29,0.19,0,65.0,2.8,0,0,0,0,0.06366666666666668
1,1,4.41,21,1.45,0,82.5,4.4,0,0,1,0,0.38926190476190475
1,1,1.86,18,1.62,0,63.4,4.3,0,0,1,0,0.10777777777777776
1,0,2.21,111,,0,509.9,43.3,0,1,0,0,0.44465476190476183
1,1,0.83,22,1.14,0,45.6,8.5,0,0,0,0,0.07800793650793653
1,0,7.93,21,0.44,0,32.3,2.5,0,0,0,0,0.03857142857142857
0,0,0.01,3,0.0,0,0.0,0.0,0,0,1,1,1.0
1,1,0.0,0,1.97,0,,,0,0,0,0,0.0
1,0,2.48,24,,0,24.5,1.2,0,1,1,1,0.8936547619047619
0,0,1.28,22,,0,2.6,0.2,0,1,1,1,1.0
1,1,0.69,32,1.28,6,241.7,23.6,0,0,0,0,0.08404761904761905
1,0,0.32,47,0.26,0,113.5,10.1,0,0,0,0,0.027000000000000003
1,1,1.9,28,0.04,0,125.2,9.4,0,0,0,0,0.09916666666666667
1,0,2.1,12,1.85,0,20.8,2.5,0,0,0,0,0.04964285714285714
1,0,1.39,24,0.0,0,5.8,0.5,0,0,1,1,1.0
1,1,1.92,22,0.04,0,34.2,2.9,0,0,0,0,0.04195238095238094
1,1,3.04,24,1.88,0,50.3,89.7,0,0,0,0,0.1269404761904762
1,1,4.97,21,0.46,0,15.5,3.6,0,0,0,0,0.0
1,0,1.04,14,0.93,0,34.3,1.7,0,0,0,0,0.026000000000000002
1,0,0.06,8,1.91,0,15.0,2.9,0,0,0,0,0.01
1,0,2.01,22,,0,8.2,1.4,0,1,1,1,0.9842857142857143
1,0,0.45,18,0.0,0,73.1,14.1,0,0,1,1,1.0
1,0,1.33,14,0.59,0,69.7,7.9,0,0,0,0,0.05916666666666666
1,0,1.59,0,,0,0.0,0.0,1,1,1,1,1.0
1,1,1.84,15,0.14,0,30.8,1.4,0,0,0,0,0.12257142857142858
0,0,5.33,12,0.0,0,9.8,0.6,1,0,1,1,0.943611111111111
1,0,1.79,13,0.0,0,35.7,2.9,0,0,1,1,1.0
1,1,0.54,15,1.43,0,159.3,7.0,0,0,0,0,0.01
1,0,4.35,30,,1,119.6,7.1,0,1,0,1,0.9170238095238095
1,1,5.32,20,1.97,2,12.7,0.8,0,0,0,0,0.0535
1,0,5.07,17,0.0,0,31.7,0.8,0,0,1,1,0.9983333333333334
1,0,4.12,0,,1,0.0,0.0,3,1,1,1,0.99
0,0,5.28,56,,0,16.4,0.9,0,1,1,1,0.6313452380952379
1,0,5.7,13,0.72,0,123.8,10.9,0,0,1,0,0.3078333333333333
1,1,0.88,15,1.1,0,42.4,2.6,0,0,0,0,0.043
1,1,6.94,28,0.9,3,54.3,4.3,0,0,0,0,0.16096428571428573
1,1,6.19,24,,0,11.1,1.7,0,1,1,1,0.5815357142857143
0,0,1.67,0,,0,0.0,0.0,0,1,1,1,1.0
1,0,1.9,14,0.04,0,97.7,7.0,0,0,0,0,0.025214285714285713
1,0,0.46,10,0.0,0,56.4,3.8,0,0,1,1,1.0
1,0,1.97,24,0.0,0,6.8,0.6,0,0,1,1,1.0
0,0,1.57,26,0.0,0,24.4,3.9,0,0,1,1,1.0
1,1,0.57,24,0.0,0,23.3,1.9,0,0,1,1,1.0
1,1,2.5,10,1.43,0,60.3,4.0,0,0,0,0,0.013916666666666666
0,0,0.78,38,,0,61.0,3.3,0,1,1,1,0.8524285714285714
1,0,1.92,14,0.02,0,35.5,3.1,0,0,0,0,0.005416666666666666
1,0,0.64,14,1.34,0,11.2,5.9,0,0,0,0,0.133718253968254
1,1,0.13,10,1.85,0,56.4,5.7,0,0,0,0,0.009861111111111112
1,1,2.01,17,1.77,1,91.7,5.6,0,0,0,0,0.027333333333333334
0,0,0.25,6,1.73,1,0.0,0.0,0,0,1,1,1.0
1,1,2.07,20,1.86,0,72.9,3.8,0,0,0,0,0.06591666666666667
1,1,1.36,12,0.61,0,65.5,3.9,0,0,0,0,0.05216666666666667
1,0,0.94,28,1.03,0,118.5,4.0,0,0,0,0,0.09036904761904763
1,0,0.89,10,0.0,0,10.4,1.6,0,0,1,1,0.9875
1,0,0.1,18,1.87,0,45.0,2.8,0,0,0,0,0.0011111111111111111
1,1,2.67,10,0.52,1,86.8,5.8,0,0,0,0,0.14248809523809525
1,1,2.9,25,0.01,0,57.7,7.4,0,0,0,0,0.05333333333333333
1,1,1.98,0,,0,7.4,1.7,6,1,1,1,0.995
1,0,8.13,21,0.43,0,51.4,4.0,0,0,0,0,0.0
0,0,1.0,28,,0,78.5,7.6,0,1,1,1,0.8369087301587302
1,1,0.56,22,0.0,0,0.0,0.0,0,0,1,1,1.0
1,1,2.47,10,1.44,0,174.3,12.7,0,0,0,0,0.04642857142857142
1,1,4.36,20,1.97,0,7.1,1.0,0,0,0,0,0.04083333333333333
1,1,5.26,19,0.0,0,96.0,7.4,0,0,1,1,1.0
1,0,0.03,1,1.94,0,,,0,0,0,0,0.0
1,0,3.48,33,,0,3.5,0.4,0,1,0,1,0.8929166666666668
1,1,1.98,20,,0,61.4,4.3,0,1,1,1,0.7801666666666666
1,1,1.14,22,0.84,1,91.0,8.2,0,0,0,0,0.019999999999999997
0,0,2.2,21,,0,4.7,0.6,0,1,1,1,1.0
0,0,0.04,7,1.93,0,26.2,1.4,0,0,0,0,0.05083333333333334
1,0,1.76,18,0.0,0,0.0,0.0,0,0,1,1,1.0
1,0,0.64,9,0.0,1,107.9,6.2,0,0,1,1,1.0
0,0,0.89,18,0.0,0,0.0,0.0,0,0,1,1,1.0
1,0,4.15,15,,0,6.6,0.3,5,1,1,1,0.9718571428571426
0,0,2.61,20,,0,0.0,0.0,0,1,1,1,1.0
1,0,0.99,22,0.98,0,105.4,3.8,0,0,0,0,0.0375
1,0,2.45,22,,0,48.0,4.9,0,1,1,1,0.7552380952380952
1,0,2.07,21,0.0,2,20.0,1.4,0,0,1,1,1.0
1,1,1.53,19,0.0,1,0.0,0.0,0,0,1,1,1.0
0,0,5.37,15,1.86,0,0.0,0.0,0,0,1,1,0.95
1,0,0.98,11,0.0,0,10.1,0.6,0,0,1,1,0.99
1,0,3.15,20,,0,7.4,0.8,0,1,1,1,1.0
1,1,0.09,18,1.88,0,37.1,2.0,0,0,0,0,0.0165
1,1,3.36,12,0.48,0,23.7,1.2,0,0,0,0,0.07466666666666667
1,0,4.45,33,,0,44.8,2.2,0,1,0,1,0.5550277777777778
1,1,4.0,26,,0,27.5,2.1,0,1,1,1,0.9322619047619048
1,1,0.99,24,0.57,0,167.0,25.9,0,0,0,0,0.05471428571428571
1,0,4.29,25,0.0,0,46.3,2.6,0,0,1,1,1.0
1,0,1.13,20,0.85,0,179.3,7.5,0,0,0,0,0.0
1,0,0.39,18,0.01,0,0.0,0.0,0,0,1,1,1.0
0,0,7.45,24,,0,6.6,0.8,0,1,0,0,0.4098492063492063
1,0,1.63,14,0.0,0,20.9,2.1,0,0,1,1,1.0
0,0,0.34,14,1.64,0,22.7,4.7,0,0,1,1,0.6006785714285714
1,0,1.61,20,0.0,0,0.0,0.0,0,0,1,1,0.9890000000000001
0,0,4.16,30,,0,31.1,2.0,0,1,1,1,0.9428333333333333
1,0,1.07,62,0.0,0,180.5,13.3,0,0,1,1,0.975
1,1,0.54,19,0.0,1,90.3,9.2,0,0,1,1,1.0
0,0,0.34,20,,0,17.2,1.5,0,1,1,1,0.9866666666666666
1,0,1.98,22,,0,2.4,0.3,0,1,1,1,1.0
1,0,2.85,30,0.0,0,66.5,2.2,0,0,1,1,0.9925
1,0,1.36,12,1.09,0,19.9,1.6,0,0,0,0,0.09885714285714284
0,0,1.22,55,,0,105.3,15.3,0,1,0,1,0.9527619047619048
0,0,0.71,16,0.0,0,13.5,2.9,0,0,1,1,1.0
1,0,4.75,14,,0,7.1,0.4,0,1,1,1,0.9713333333333334
0,0,0.01,0,0.48,0,0.0,0.0,0,0,1,1,0.9975
0,0,4.49,13,,0,9.9,0.6,0,1,1,1,0.992
1,0,3.19,22,,0,21.4,4.0,0,1,1,1,0.9123333333333332
1,0,1.64,0,,0,0.0,0.0,0,1,1,1,1.0
0,0,2.52,28,,0,35.4,4.8,0,1,1,1,0.9716666666666667
1,1,6.96,21,0.41,0,169.9,10.4,0,0,0,0,0.005
0,0,2.65,13,,0,0.0,0.0,0,1,1,1,1.0
1,0,3.14,22,0.79,0,16.8,1.1,0,0,0,0,0.0495
1,0,2.57,23,,0,0.0,0.0,0,1,1,1,1.0
0,0,2.33,20,,0,0.0,0.0,0,1,1,1,1.0
1,1,5.28,17,0.43,0,150.0,8.0,0,0,0,0,0.10247619047619047
1,0,1.19,22,0.79,0,30.5,2.1,0,0,0,0,0.007857142857142858
1,0,1.03,21,0.0,1,0.5,0.0,0,0,1,1,1.0
0,0,1.67,73,,0,109.8,6.2,0,1,1,1,0.6135595238095237
1,1,2.73,36,1.44,0,215.9,20.8,0,0,0,0,0.03426190476190476
1,0,1.43,21,0.0,0,4.9,0.4,0,0,1,1,1.0
1,0,5.39,30,0.0,0,44.6,15.0,0,0,1,1,0.9223809523809524
1,1,2.15,16,1.77,0,60.6,6.5,0,0,0,0,0.0685
1,0,7.13,27,1.88,0,57.2,3.1,0,0,0,0,0.12732142857142856
1,0,1.37,13,0.54,1,227.1,18.5,0,0,0,0,0.021
1,1,1.33,0,0.67,0,0.0,0.0,7,0,1,1,1.0
1,0,2.66,20,1.26,0,122.9,7.5,0,0,0,0,0.15933333333333333
0,0,0.44,20,0.0,0,0.0,0.0,0,0,1,1,1.0
0,0,0.94,15,0.0,0,0.0,0.0,0,0,1,1,1.0
1,0,0.58,4,1.39,0,0.0,0.0,0,0,1,1,0.945297619047619
1,1,1.01,28,,2,63.8,1.8,0,1,1,1,0.7788253968253969
1,1,0.25,15,1.72,0,17.8,1.7,0,0,0,0,0.0
0,0,0.69,24,0.0,0,11.2,0.9,0,0,1,1,1.0
1,1,0.9,40,1.08,3,111.8,12.2,0,0,0,0,0.03916666666666666
1,0,0.58,21,0.15,0,69.3,4.9,0,0,0,0,0.06966666666666668
1,0,5.95,21,1.68,1,74.6,2.3,0,0,0,0,0.08027777777777778
0,0,1.02,0,,0,0.0,0.0,0,1,1,1,1.0
1,0,1.97,23,0.0,0,5.1,0.3,0,0,1,1,1.0
1,0,3.16,12,0.77,0,60.8,4.7,0,0,0,0,0.0
1,0,2.0,10,,0,62.2,3.2,0,1,0,1,0.7867698412698413
1,0,0.29,27,0.62,0,26.4,4.1,0,0,0,0,0.08154761904761904
0,0,0.15,27,1.82,0,77.8,2.6,0,0,0,0,0.04833333333333333
1,0,4.9,23,0.0,0,34.1,1.1,0,0,1,1,1.0
0,0,2.18,24,,0,0.0,0.0,0,1,1,1,1.0
1,0,1.17,9,0.0,0,0.0,0.0,0,0,1,1,1.0
1,1,3.15,12,0.79,0,22.4,3.6,0,0,0,0,0.019761904761904762
1,0,0.48,12,1.74,1,44.2,2.7,0,0,0,0,0.07964285714285714
1,0,1.11,23,,0,0.0,0.0,0,1,1,1,1.0
1,0,0.99,14,0.99,0,139.9,10.6,0,0,0,0,0.017
1,0,0.67,0,1.3,0,0.0,0.0,2,0,1,1,0.9760714285714286
1,1,3.35,17,0.54,0,144.2,40.3,0,0,0,0,0.07564285714285716
1,0,0.18,18,1.79,1,5.0,0.3,0,0,0,0,0.06602741702741703
0,0,2.61,18,,0,15.2,1.0,0,1,1,1,0.9933333333333333
1,1,4.22,40,,1,52.3,2.8,0,1,1,1,0.8155952380952383
0,0,0.42,0,,0,0.0,0.0,0,1,1,1,1.0
1,0,1.97,23,0.0,2,12.3,0.8,0,0,1,1,0.99
0,0,3.06,21,0.0,0,71.8,4.2,0,0,1,1,0.9875
1,1,7.03,0,,0,0.0,0.0,0,1,1,1,1.0
1,0,1.54,19,0.0,0,34.5,2.7,0,0,1,1,1.0
1,0,3.49,11,,0,4.6,0.6,0,1,1,1,0.9835
1,0,7.68,22,1.05,0,63.2,3.9,0,0,0,0,0.006
0,0,0.74,13,,0,0.0,0.0,0,1,1,1,1.0
1,0,6.7,21,0.42,1,73.4,10.1,0,0,0,0,0.0325
1,0,0.7,23,0.0,0,0.0,0.0,0,0,1,1,1.0
1,1,0.61,15,1.36,0,24.9,3.5,0,0,0,0,0.05083333333333333
1,0,2.51,15,0.0,3,0.0,0.0,0,0,1,1,1.0
1,0,1.97,29,0.0,0,23.1,0.8,0,0,1,1,1.0
1,0,1.08,22,0.89,0,41.5,3.2,0,0,0,0,0.017333333333333333
1,1,0.3,10,1.73,0,63.1,17.7,0,0,0,0,0.2176309523809524
1,0,4.36,0,,0,0.0,0.0,0,1,1,1,1.0
0,0,1.29,0,,0,0.0,0.0,3,1,1,1,1.0
1,0,3.45,21,0.43,0,100.2,5.3,0,0,0,0,0.006666666666666666
1,0,2.86,12,1.05,0,169.1,11.0,0,0,0,0,0.003333333333333333
1,0,1.95,0,0.0,0,0.0,0.0,0,0,1,1,1.0
1,1,6.54,0,,0,0.0,0.0,0,1,1,1,1.0
1,1,0.71,30,1.26,0,98.5,8.5,0,0,0,0,0.025833333333333333
1,1,3.45,12,0.45,0,11.4,2.6,0,0,0,0,0.11833333333333335
1,1,1.63,16,0.0,0,28.0,1.7,0,0,1,1,0.9333333333333332
1,0,0.93,11,,0,37.5,2.7,0,1,1,1,0.9071984126984128
0,0,5.25,13,,0,0.0,0.0,0,1,1,1,1.0
1,0,11.74,3,,0,4.3,0.3,1,1,0,0,0.3419047619047619
1,1,4.27,16,1.62,0,84.3,7.1,0,0,0,0,0.0075
1,0,1.31,17,0.66,1,48.7,3.6,0,0,0,0,0.29209523809523813
0,0,0.41,19,0.0,1,27.6,2.3,0,0,1,1,1.0
1,0,0.89,24,0.0,0,0.0,0.0,0,0,1,1,1.0
1,0,1.2,14,0.78,0,56.6,5.5,0,0,0,0,0.014642857142857141
1,1,1.48,20,,0,0.0,0.0,0,1,1,1,1.0
1,0,1.32,0,0.0,0,2.6,0.1,0,0,1,1,1.0
1,0,0.03,10,0.0,0,0.6,0.1,0,0,1,1,0.9840000000000001
0,0,2.13,24,,1,2.9,0.4,0,1,1,1,0.9101666666666667
1,1,0.76,18,1.21,0,75.7,8.1,0,0,0,0,0.18538095238095237
1,0,0.14,13,1.84,0,43.4,5.7,0,0,0,0,0.020357142857142855
1,0,7.91,20,0.22,0,19.5,1.0,0,0,0,0,0.21442857142857147
1,1,8.5,22,1.05,0,39.2,2.3,0,0,0,0,0.011666666666666667
1,0,3.02,22,0.93,0,152.4,17.6,0,0,0,0,0.006285714285714286
1,1,1.93,11,,0,4.6,0.3,0,1,1,1,0.9765714285714285
1,1,6.32,33,,0,9.7,1.7,0,1,1,1,0.5198373015873015
1,1,3.05,24,0.87,0,94.8,11.5,0,0,0,0,0.015333333333333332
1,0,0.31,43,0.0,1,102.9,5.8,0,0,1,1,0.9933333333333334
0,0,2.02,22,,2,5.3,0.9,0,1,1,1,1.0
1,0,3.04,0,,0,0.0,0.0,5,1,1,1,1.0
1,0,5.23,5,0.0,0,71.0,5.6,0,0,1,1,0.9828571428571429
1,1,6.39,73,,2,87.0,12.9,0,1,0,0,0.40921861471861476
1,1,3.01,24,1.19,0,116.0,15.1,0,0,0,0,0.07037301587301587
1,1,0.25,21,1.72,3,46.7,3.5,0,0,0,0,0.08176190476190476
1,0,2.21,14,1.7,0,27.1,1.2,0,0,1,0,0.3293333333333333
1,0,1.44,21,0.48,0,128.5,15.1,0,0,0,0,0.03926190476190476
0,0,1.88,29,,0,26.8,3.9,0,1,1,1,0.888452380952381
1,0,10.61,10,1.89,0,202.0,16.8,0,0,0,0,0.0883888888888889
1,1,1.75,12,0.17,0,94.8,5.7,0,0,0,0,0.009166666666666665
0,0,3.06,22,,0,12.3,1.0,0,1,1,1,1.0
1,0,2.12,7,,2,141.0,9.1,0,1,0,1,0.7045277777777779
1,0,1.08,20,0.89,0,31.0,2.3,0,0,0,0,0.03783333333333333
1,1,2.62,15,1.26,1,78.4,18.3,0,0,0,0,0.0
1,0,2.23,21,0.0,0,53.0,21.2,0,0,1,1,0.9926666666666667
0,0,3.39,18,,0,2.5,0.2,0,1,1,1,1.0
1,1,2.79,15,0.0,0,8.7,1.0,0,0,1,1,0.9875
1,1,0.8,22,1.17,0,101.0,7.4,0,0,0,0,0.08100000000000002
1,1,0.67,15,1.3,1,119.7,7.8,0,0,0,0,0.00625
1,0,4.4,8,1.43,0,63.4,4.0,0,0,0,0,0.15108333333333332
1,1,3.38,19,1.96,0,54.5,2.6,0,0,0,0,0.050928571428571434
1,1,0.7,15,1.27,0,53.8,2.9,0,0,0,0,0.003333333333333333
0,0,0.41,23,1.56,0,0.0,0.0,0,0,1,1,0.965
1,0,1.18,9,0.61,0,25.5,4.3,0,0,1,0,0.2856190476190476
1,1,1.38,37,0.35,0,196.7,21.8,0,0,0,0,0.020357142857142855
0,0,0.88,23,0.0,0,0.0,0.0,0,0,1,1,1.0
0,0,4.02,19,0.0,1,17.4,1.9,3,0,1,1,1.0
0,0,0.8,23,0.0,0,0.0,0.0,0,0,1,1,1.0
1,0,1.01,20,0.97,0,29.4,5.4,0,0,0,0,0.007666666666666666
1,0,2.89,21,,0,37.2,2.9,0,1,1,1,0.8715952380952382
0,0,0.96,21,,0,19.2,2.0,0,1,1,1,0.9416666666666665
1,0,1.57,19,0.0,0,40.9,2.3,0,0,1,1,1.0
1,1,2.01,12,0.34,3,13.8,0.9,0,0,0,0,0.179968253968254
0,0,4.45,24,,0,18.3,2.0,0,1,1,1,0.811515873015873
1,1,0.3,17,0.0,0,91.8,3.9,0,0,1,1,1.0
0,0,3.45,24,,0,17.4,2.3,0,1,1,1,0.9408333333333333
1,0,0.39,5,1.83,0,22.0,7.2,0,0,1,0,0.22382539682539682
1,0,1.18,14,0.8,0,16.6,0.8,0,0,0,0,0.013333333333333332
1,0,6.21,20,0.9,0,93.2,5.9,0,0,0,0,0.018333333333333333
1,1,2.41,17,1.62,0,182.1,12.8,0,0,0,0,0.02471428571428571
1,0,0.31,3,1.91,0,15.0,3.2,0,0,0,0,0.04583333333333334
1,1,0.51,15,1.18,1,67.7,6.4,0,0,0,0,0.04333333333333333
1,1,4.78,37,,0,39.5,10.2,1,1,1,1,0.8914761904761904
1,0,5.76,25,0.13,0,53.4,5.3,0,0,0,0,0.002
1,0,4.59,19,0.0,0,8.8,1.1,0,0,1,1,1.0
1,1,5.94,12,0.38,0,99.8,7.2,0,0,0,0,0.0025
1,0,0.79,20,1.18,0,24.0,0.9,0,0,0,0,0.08943650793650793
1,0,0.03,0,0.88,0,,,0,0,0,0,0.003333333333333333
1,0,4.65,21,0.35,0,33.8,1.9,0,0,0,0,0.03
1,1,2.28,25,0.96,0,112.0,6.4,0,0,0,0,0.09333333333333334
1,1,1.04,18,0.0,0,154.7,5.8,0,0,1,1,0.9916666666666667
0,0,2.68,26,0.0,0,47.5,6.0,0,0,1,1,0.99
1,1,0.24,14,1.74,0,47.7,7.2,0,0,0,0,0.07233333333333333
0,0,3.5,31,,0,42.7,1.8,0,1,1,1,0.8180714285714284
0,0,1.98,16,,1,1.0,0.0,0,1,1,1,1.0
1,1,0.67,24,1.3,0,250.4,16.3,0,0,0,0,0.024722222222222222
1,0,1.08,20,0.89,0,8.7,0.8,0,0,0,0,0.12403174603174603
1,0,5.98,22,1.95,0,105.4,13.8,0,0,0,0,0.005333333333333333
1,0,0.65,10,0.0,1,72.7,6.7,0,0,1,1,1.0
1,1,0.79,15,1.18,0,124.6,8.0,0,0,0,0,0.006666666666666666
1,1,3.76,23,1.5,0,30.6,2.2,0,0,1,0,0.21433333333333335
1,1,0.75,15,1.22,0,75.2,6.8,0,0,0,0,0.005
1,1,4.11,18,1.78,0,16.9,1.5,0,0,0,0,0.007023809523809523
0,0,0.0,0,0.0,0,0.0,0.0,0,0,1,1,1.0
1,0,0.9,20,1.07,0,42.0,2.6,0,0,0,0,0.015416666666666665
1,0,5.37,22,0.78,0,120.7,9.9,0,0,0,0,0.021619047619047618
1,0,1.1,14,0.87,0,88.8,6.1,0,0,0,0,0.007857142857142858
1,1,2.02,0,,0,0.0,0.0,5,1,1,1,1.0
1,0,0.38,6,0.0,0,34.8,1.9,0,0,1,1,1.0
1,1,3.73,17,0.62,0,15.8,1.3,0,0,0,0,0.2999404761904762
1,0,0.02,7,0.0,0,0.8,0.1,0,0,1,1,1.0
1,0,4.43,18,,0,36.6,4.4,0,1,1,1,0.6719761904761906
1,0,2.85,22,0.0,0,26.1,8.9,0,0,1,1,0.9666666666666667
1,0,2.11,14,,0,48.1,6.0,0,1,1,0,0.3611507936507936
0,0,1.07,13,,0,11.4,1.7,0,1,1,1,1.0
1,0,2.13,18,,0,21.1,1.4,0,1,1,1,0.975
1,1,4.43,14,1.49,0,20.6,1.5,0,0,1,0,0.1585
1,1,0.12,10,1.85,0,29.3,2.6,0,0,0,0,0.005
1,0,0.64,18,,0,0.0,0.0,0,1,1,1,1.0
1,0,1.63,20,0.0,0,3.3,0.2,0,0,1,1,1.0
1,1,6.09,20,0.92,1,29.7,1.6,0,0,0,0,0.095
1,0,1.88,7,0.09,0,5.0,0.5,0,0,1,1,0.5061071428571429
1,0,2.95,13,0.0,2,22.4,1.0,0,0,1,1,0.995
0,0,6.92,32,,0,6.1,0.5,0,1,1,1,0.840404761904762
1,0,0.88,14,1.09,0,18.4,1.4,0,0,0,0,0.0
1,1,0.16,14,1.82,0,70.4,3.2,0,0,0,0,0.006666666666666666
0,0,1.95,17,0.0,0,6.3,0.5,0,0,1,1,1.0
1,1,1.6,0,,0,0.0,0.0,1,1,1,1,1.0
1,0,5.04,24,,0,6.6,1.1,0,1,1,1,0.9364999999999999
1,1,0.74,14,0.0,0,130.8,12.0,0,0,1,1,1.0
1,1,0.23,17,0.02,0,7.6,0.7,0,0,0,0,0.32422222222222224
1,1,5.09,24,0.99,0,141.3,9.8,0,0,0,0,0.08350000000000002
1,0,0.14,10,1.34,0,34.3,1.5,0,0,1,0,0.12164285714285715
1,0,6.25,22,0.0,0,4.8,0.2,0,0,1,1,0.9599999999999999
1,0,8.54,12,0.86,0,27.2,2.1,0,0,0,0,0.025833333333333333
1,1,4.65,18,1.74,0,4.9,0.2,0,0,0,0,0.11569047619047618
1,0,2.93,32,0.99,0,115.4,8.8,0,0,0,0,0.16080952380952382
1,0,0.31,11,1.03,0,48.6,3.8,0,0,0,0,0.05366666666666667
1,0,2.2,16,1.81,0,101.3,6.6,0,0,1,0,0.0775595238095238
1,1,5.52,12,0.13,0,126.2,9.9,0,0,0,0,0.013166666666666667
0,0,0.69,61,0.0,0,0.0,0.0,0,0,1,1,1.0
1,1,4.18,23,1.95,0,184.9,15.2,0,0,0,0,0.005650793650793651
1,0,0.98,11,0.99,0,51.5,4.6,0,0,0,0,0.122
1,0,1.4,13,0.57,0,64.6,4.6,0,0,1,0,0.03220238095238095
1,1,1.72,23,0.0,1,58.5,11.7,0,0,1,1,1.0
1,1,3.99,17,1.92,0,33.7,2.0,0,0,0,0,0.0
1,0,3.05,29,1.52,0,187.6,21.1,0,0,0,0,0.08295238095238096
1,1,0.31,14,1.66,1,32.6,4.1,0,0,0,0,0.1015
1,1,3.05,10,1.19,0,0.2,0.0,0,0,0,0,0.18614285714285714
1,1,2.3,19,,0,19.1,1.0,0,1,1,1,0.9683333333333333
1,0,0.8,14,1.17,0,44.3,3.5,0,0,0,0,0.024333333333333332
1,0,0.49,22,0.0,6,39.0,2.0,0,0,1,1,0.985
1,0,1.79,13,0.13,0,97.8,7.1,0,0,0,0,0.008666666666666666
1,1,0.64,14,1.58,0,84.1,10.5,0,0,0,0,0.021083333333333332
1,1,1.8,22,,0,0.0,0.0,0,1,1,1,1.0
1,0,1.98,47,,0,152.9,12.9,0,1,1,1,0.8981666666666668
1,0,1.92,14,0.05,0,35.3,2.2,0,0,0,0,0.0
1,1,0.48,16,1.49,0,58.5,2.4,2,0,0,0,0.10180952380952378
1,0,2.01,18,,0,77.4,3.2,0,1,1,1,0.8615396825396826
1,1,2.76,12,0.15,0,91.7,2.8,0,0,0,0,0.10450000000000001
0,0,0.93,20,0.0,0,11.0,0.6,0,0,1,1,1.0
1,1,2.12,20,1.8,0,101.9,3.6,0,0,0,0,0.07883333333333334
1,0,0.03,0,1.95,0,,,0,0,0,0,0.0
0,0,0.84,48,0.0,1,26.8,21.1,0,0,1,1,0.9942857142857143
0,0,3.92,32,,1,18.7,2.6,0,1,1,1,0.9127619047619047
1,0,0.19,13,,0,2.6,0.1,0,1,1,1,0.9441666666666666
1,0,2.86,12,1.04,0,29.2,1.3,0,0,0,0,0.0
0,0,2.56,11,,1,0.0,0.0,0,1,1,1,1.0
1,0,1.0,10,0.0,0,72.7,10.5,0,0,1,1,1.0
1,1,1.9,23,,0,7.6,4.8,0,1,1,1,0.9411666666666667
1,0,0.08,11,,0,4.0,0.4,0,1,1,1,0.9730000000000001
1,1,0.14,12,1.84,0,26.2,5.1,0,0,0,0,0.008333333333333333
1,0,2.18,21,,0,18.9,0.9,0,1,1,1,0.985
1,0,2.93,12,0.99,0,76.1,4.7,0,0,0,0,0.0
0,0,5.47,69,,1,105.9,4.7,0,1,1,1,0.5084047619047619
1,1,6.18,21,0.42,1,86.5,10.4,0,0,0,0,0.02083333333333333
1,0,2.56,22,,0,0.9,0.1,0,1,1,1,1.0
1,0,2.12,8,,0,45.9,2.3,0,1,0,1,0.6226309523809522
1,0,1.11,14,0.0,0,33.6,1.3,0,0,1,1,1.0
1,0,1.48,18,0.0,0,13.3,1.0,0,0,1,1,1.0
0,0,11.92,66,0.01,0,370.4,14.8,0,0,0,0,0.2799047619047619
1,0,2.9,22,0.68,0,108.8,6.4,0,0,0,0,0.05583333333333334
1,0,2.53,23,,0,3.4,0.2,0,1,1,1,1.0
1,1,0.69,15,1.53,0,184.7,15.6,0,0,0,0,0.03025
1,0,1.0,22,,0,19.5,3.4,0,1,1,1,0.975
0,0,0.9,17,,0,0.0,0.0,0,1,1,1,1.0
1,1,1.05,20,0.92,0,101.3,11.7,0,0,0,0,0.09744444444444442
1,0,4.04,11,0.88,0,36.2,3.3,0,0,1,0,0.2508398268398268
1,0,3.06,12,0.88,0,14.2,1.3,0,0,0,0,0.0
1,0,0.72,14,1.26,0,59.7,3.6,0,0,0,0,0.0
1,0,4.63,16,0.0,0,19.6,0.6,0,0,1,1,1.0
0,0,0.69,24,,0,23.4,1.8,0,1,1,1,0.9841666666666667
1,0,1.66,11,0.0,3,6.6,0.3,0,0,1,1,0.9866666666666667
1,1,1.83,9,0.0,0,49.1,1.9,0,0,1,1,0.99
1,0,2.15,11,1.77,0,3.4,0.5,0,0,1,0,0.25885281385281383
1,0,1.58,13,0.39,1,58.4,4.9,0,0,0,0,0.008666666666666666
1,0,0.32,17,1.65,0,13.5,0.6,0,0,0,0,0.04552380952380952
1,1,0.26,14,0.0,0,61.8,7.5,0,0,1,1,1.0
1,0,3.24,0,1.57,0,0.0,0.0,1,0,1,1,0.9802380952380951
1,0,2.01,26,0.41,0,60.3,3.6,0,0,0,0,0.2600476190476191
1,0,0.32,17,1.65,0,75.9,5.1,0,0,0,0,0.026333333333333334
0,0,2.22,27,,0,21.7,2.9,0,1,1,1,0.9695238095238097
1,1,6.14,22,1.94,0,30.1,2.1,0,0,0,0,0.0
1,1,7.58,0,1.28,0,80.6,7.3,3,0,1,1,0.8239404761904763
1,1,0.29,20,0.06,0,40.9,1.6,0,0,0,0,0.11371428571428571
1,0,0.05,4,1.93,0,10.1,2.4,0,0,0,0,0.03716666666666666
1,0,0.28,19,1.73,0,64.0,5.8,0,0,1,0,0.03183333333333333
1,1,4.43,24,0.71,0,96.6,8.2,0,0,0,0,0.02069047619047619
1,0,0.97,20,1.01,0,39.3,2.2,0,0,0,0,0.0075
1,0,0.05,0,2.17,0,47.5,1.9,0,0,0,0,0.18473809523809526
1,1,4.27,17,1.74,0,59.3,10.2,0,0,0,0,0.025
1,0,2.25,18,,0,0.0,0.0,0,1,1,1,1.0
1,0,6.91,33,,0,140.7,8.4,0,1,0,1,0.5441785714285714
1,0,2.88,12,1.04,0,20.2,2.7,0,0,0,0,0.0
1,0,1.44,6,0.52,0,8.5,0.9,0,0,0,0,0.12042857142857141
0,0,1.33,45,,0,439.6,58.1,0,1,0,1,0.5398095238095239
1,0,1.13,14,0.84,0,5.3,0.5,0,0,0,0,0.020952380952380955
1,0,4.7,12,,0,7.3,1.1,0,1,1,1,0.9215555555555557
1,0,4.76,21,0.13,0,45.1,2.7,0,0,0,0,0.0
1,1,0.73,25,0.26,0,23.5,1.4,0,0,0,0,0.13397619047619047
1,0,2.81,32,,1,16.6,2.8,0,1,1,1,0.9555476190476191
1,0,10.38,24,,0,143.6,10.5,0,1,0,0,0.4418174603174602
0,0,0.33,0,0.0,0,0.0,0.0,2,0,1,1,1.0
1,0,0.42,22,1.55,0,16.3,0.7,0,0,0,0,0.06739285714285714
1,1,1.18,0,,0,0.0,0.0,2,1,1,1,1.0
1,0,0.63,14,0.0,3,17.7,0.7,0,0,1,1,1.0
1,0,1.94,26,0.0,0,22.9,2.1,0,0,1,1,0.9873333333333334
1,0,1.7,13,0.22,0,56.1,4.9,0,0,0,0,0.006428571428571428
1,1,6.53,28,,0,80.7,13.3,0,1,1,1,0.5223095238095238
1,0,1.96,14,0.01,0,73.7,4.5,0,0,0,0,0.0235
1,0,5.04,22,0.0,2,57.2,3.5,0,0,1,1,1.0
1,0,4.32,18,1.62,0,24.3,2.4,0,0,0,0,0.1359047619047619
0,0,2.06,21,,0,0.0,0.0,0,1,1,1,1.0
1,1,0.54,30,1.43,0,18.0,1.6,0,0,1,0,0.13157539682539682
1,0,1.83,13,0.11,0,58.3,3.0,0,0,0,0,0.02288888888888889
1,0,0.94,21,0.0,0,27.2,1.8,0,0,1,1,1.0
1,0,0.2,13,0.0,0,16.4,1.8,0,0,1,1,1.0
1,1,5.54,25,0.36,0,68.9,3.8,0,0,0,0,0.009166666666666667
1,1,0.9,30,0.0,0,11.4,3.8,0,0,1,1,0.99
1,0,1.75,22,0.0,0,11.2,1.2,0,0,1,1,0.99875
1,0,1.34,18,0.0,0,13.7,0.5,0,0,1,1,1.0
1,0,1.53,21,0.44,0,39.2,2.4,0,0,0,0,0.08449999999999999
1,0,3.23,23,,0,8.9,1.1,0,1,1,1,0.9941666666666668
1,0,1.02,20,1.07,1,44.5,3.7,0,0,0,0,0.01
1,1,1.01,14,0.0,0,111.6,4.3,0,0,1,1,0.998
1,0,1.64,21,,0,20.5,0.7,0,1,1,1,0.9975
0,0,2.18,21,,0,25.6,6.1,0,1,1,1,0.9741666666666667
1,0,0.68,9,0.0,0,11.2,0.8,0,0,1,1,1.0
1,0,0.66,8,1.32,0,50.1,2.9,0,0,0,0,0.016166666666666666
1,0,1.09,12,0.87,0,70.6,5.0,0,0,0,0,0.14076190476190478
1,0,3.97,25,0.0,0,111.5,6.9,0,0,1,1,0.99
1,1,3.24,25,0.32,0,119.4,8.5,0,0,0,0,0.035277777777777776
1,1,1.93,40,1.31,0,106.2,8.1,0,0,0,0,0.10558333333333333
1,1,0.69,10,1.28,0,35.2,1.8,0,0,0,0,0.09083333333333332
1,1,0.96,13,1.44,0,2.2,0.3,0,0,0,0,0.1682142857142857
1,1,2.15,11,1.81,0,141.6,18.7,0,0,0,0,0.07109523809523809
1,1,5.87,20,0.08,0,72.5,12.2,0,0,0,0,0.002
1,1,0.11,23,1.86,0,31.4,5.7,0,0,0,0,0.011611111111111112
0,0,0.77,39,,0,29.0,1.7,0,1,1,1,0.9311111111111111
1,0,2.38,10,,0,6.6,1.2,0,1,1,1,0.9204166666666667
1,1,5.87,14,0.89,0,54.4,7.2,0,0,1,1,0.5605
1,0,1.16,21,0.0,0,29.1,1.4,0,0,1,1,1.0
1,0,2.88,12,1.07,1,19.1,1.5,0,0,0,0,0.0
0,0,3.85,0,,0,0.0,0.0,7,1,1,1,1.0
0,0,1.81,34,1.76,0,202.5,14.3,0,0,0,0,0.16917857142857146
1,1,1.63,9,,0,19.8,5.2,0,1,0,1,0.6862305194805195
1,1,0.32,16,0.0,0,0.7,0.1,0,0,1,1,0.9940000000000001
1,0,5.28,33,0.0,0,7.2,1.2,0,0,1,1,0.9841666666666667
1,0,4.9,25,,0,0.0,0.0,0,1,1,1,0.9875
1,1,2.64,16,1.85,2,146.0,15.6,0,0,1,0,0.03833333333333334
1,0,3.03,12,0.92,0,130.2,7.2,0,0,0,0,0.0
1,1,1.08,28,1.14,0,58.9,9.4,0,0,0,0,0.04616666666666666
1,0,2.35,17,,0,23.7,2.1,0,1,1,1,0.9231666666666666
1,0,0.99,20,,0,43.2,2.3,0,1,1,1,0.9558333333333334
0,0,1.03,26,,0,25.0,0.8,0,1,1,1,0.9873809523809524
1,1,0.64,24,1.33,0,91.3,3.7,0,0,0,0,0.06466666666666666
1,1,0.2,12,1.77,0,5.2,0.3,0,0,0,0,0.20465476190476192
1,0,0.93,14,1.05,0,128.3,17.5,0,0,0,0,0.0075
0,0,0.28,0,1.7,0,0.0,0.0,3,0,1,1,0.99
0,0,0.46,0,0.01,0,0.0,0.0,1,0,1,1,1.0
1,1,2.73,24,1.19,0,34.5,7.8,0,0,0,0,0.054547619047619046
1,0,1.98,23,,0,0.0,0.0,0,1,1,1,1.0
1,1,4.72,46,0.92,1,179.0,14.5,0,0,0,0,0.1025873015873016
0,0,0.7,18,0.0,1,0.0,0.0,0,0,1,1,1.0
1,1,2.98,12,0.96,0,44.0,3.1,0,0,0,0,0.06455194805194804
1,1,0.59,24,0.87,0,95.4,4.5,0,0,0,0,0.2213333333333334
1,0,1.67,24,0.0,2,34.8,2.9,0,0,1,1,1.0
1,1,0.45,18,0.0,5,13.9,0.3,0,0,1,1,0.9966666666666667
1,0,1.17,14,0.8,0,42.8,8.9,0,0,0,0,0.06694444444444443
0,0,1.27,0,,1,0.0,0.0,4,1,1,1,1.0
1,0,0.99,21,0.0,0,0.0,0.0,0,0,1,1,1.0
1,0,1.99,24,,0,1.5,0.2,0,1,1,1,1.0
1,0,2.93,12,0.99,0,52.5,2.7,0,0,0,0,0.0
1,0,1.95,17,0.0,0,33.7,3.8,0,0,1,1,0.9895
1,1,5.03,21,0.28,0,86.1,4.4,0,0,0,0,0.002
1,0,1.82,21,0.16,1,54.6,2.9,0,0,0,0,0.0
1,0,3.24,0,,2,0.0,0.0,6,1,1,1,1.0
1,1,0.38,15,1.59,0,42.2,16.3,0,0,0,0,0.10833333333333332
1,1,0.14,16,1.83,0,32.6,6.4,0,0,0,0,0.006
1,0,0.1,18,1.87,0,98.3,5.4,0,0,0,0,0.002857142857142857
1,0,2.08,0,,0,20.7,0.9,3,1,1,1,0.90375
0,0,0.5,0,0.0,0,12.9,0.8,0,0,1,1,1.0
1,1,2.16,27,,0,37.0,3.7,0,1,1,1,0.8106904761904764
0,0,3.61,21,,0,3.3,0.1,0,1,1,1,0.995
1,0,3.55,21,,0,6.0,0.3,0,1,1,1,0.9556666666666668
1,1,2.0,24,0.0,0,0.0,0.0,0,0,1,1,1.0
1,1,3.82,29,,0,45.6,1.9,0,1,1,1,0.7149404761904762
1,1,1.09,20,1.86,0,28.4,1.4,0,0,0,0,0.058690476190476196
1,0,1.97,22,0.0,1,29.3,1.7,0,0,1,1,1.0
1,0,2.27,31,,0,19.4,1.6,0,1,1,1,0.9329999999999999
1,0,6.46,12,0.77,0,62.6,4.1,0,0,0,0,0.03190476190476191
0,0,2.79,22,,2,42.2,3.3,0,1,1,1,0.8472380952380952
1,0,1.87,14,0.07,0,92.4,6.0,0,0,0,0,0.021666666666666664
1,0,6.78,33,,5,60.5,5.8,0,1,0,1,0.6988571428571428
1,0,3.29,26,0.0,0,17.6,0.7,0,0,1,1,1.0
1,1,1.12,21,0.0,0,0.0,0.0,0,0,1,1,1.0
1,0,1.04,20,0.93,0,53.0,4.9,0,0,0,0,0.06897619047619047
1,0,0.65,13,0.0,0,25.0,2.7,0,0,1,1,1.0
1,0,4.51,26,0.0,0,7.0,1.2,0,0,1,1,1.0
1,1,3.61,15,1.28,0,83.2,9.7,0,0,0,0,0.0175
0,0,2.07,0,,0,0.0,0.0,0,1,1,1,1.0
1,0,1.19,8,0.0,3,0.0,0.0,0,0,1,1,1.0
0,0,2.51,0,,0,0.0,0.0,4,1,1,1,1.0
0,0,0.08,24,1.9,0,81.6,4.8,0,0,0,0,0.0075
1,1,1.07,18,1.22,5,221.7,17.4,0,0,0,0,0.20160714285714285
0,0,2.58,40,,0,64.8,4.7,0,1,1,1,0.92
1,0,5.15,22,0.87,0,102.9,5.2,0,0,0,0,0.0
1,0,1.4,11,,0,0.0,0.0,0,1,1,1,1.0
1,0,6.81,21,0.3,0,76.3,4.6,0,0,0,0,0.002
1,0,2.99,12,0.95,0,103.4,7.3,0,0,0,0,0.0
1,0,3.29,22,,0,10.1,0.4,0,1,1,1,0.9926666666666667
1,1,6.18,15,1.28,1,20.3,1.9,0,0,0,0,0.005
1,0,1.41,19,0.0,0,0.0,0.0,0,0,1,1,1.0
1,0,4.74,22,0.7,0,90.2,7.0,0,0,0,0,0.018000000000000002
1,1,0.65,0,,0,3.2,0.4,7,1,1,1,1.0
1,0,6.91,21,0.21,0,81.1,4.3,0,0,0,0,0.0
1,0,3.15,12,0.8,1,13.2,0.8,0,0,0,0,0.007333333333333334
1,0,2.17,18,,0,0.8,0.1,0,1,1,1,1.0
1,0,8.02,21,0.1,0,63.4,4.0,0,0,0,0,0.0
1,0,2.08,18,,0,1.9,0.1,0,1,1,1,0.995
1,1,0.78,15,1.2,1,71.6,11.6,0,0,0,0,0.01125
1,1,2.6,28,1.33,0,44.3,3.7,0,0,0,0,0.015714285714285715
1,1,6.77,24,1.0,1,30.1,5.1,0,0,0,0,0.037000000000000005
1,1,0.4,47,0.0,0,353.0,14.0,0,0,1,1,0.9819999999999999
1,0,5.87,24,,0,55.6,2.6,0,1,0,0,0.4045119047619047
0,0,0.3,18,1.89,1,0.0,0.0,0,0,1,1,1.0
1,0,5.44,18,,2,14.5,1.3,0,1,1,1,0.8767269119769119
1,0,0.78,11,0.0,0,56.0,5.5,0,0,1,1,1.0
0,0,0.16,71,,0,302.3,37.7,0,1,1,1,0.5974365079365079
0,0,1.98,21,,0,1.4,0.1,0,1,1,1,1.0
1,0,0.52,12,0.92,0,41.4,4.3,0,0,1,0,0.13997619047619048
1,1,2.0,20,,0,0.0,0.0,0,1,1,1,1.0
1,1,4.14,23,,0,36.4,5.7,0,1,1,1,0.83375
1,0,1.25,19,0.0,0,34.6,4.5,0,0,1,1,1.0
0,0,3.15,32,,0,16.0,1.4,0,1,1,1,0.9005952380952381
0,0,0.85,29,0.0,0,76.7,3.3,0,0,1,1,1.0
1,1,2.02,15,0.16,0,21.0,5.0,0,0,0,0,0.10178571428571428
1,0,1.57,19,0.0,0,0.0,0.0,0,0,1,1,1.0
1,0,0.39,17,,1,45.1,4.8,0,1,1,1,0.7470357142857142
1,0,2.63,20,1.5,0,2.3,0.1,0,0,0,0,0.06104761904761905
1,0,3.22,26,,0,45.5,2.5,0,1,1,1,0.9106349206349208
1,0,3.15,12,0.79,0,62.6,2.9,0,0,0,0,0.0
1,1,2.08,0,,0,0.0,0.0,1,1,1,1,1.0
0,0,1.32,23,,0,0.0,0.0,0,1,1,1,1.0
1,0,1.98,23,,0,7.1,0.2,0,1,1,1,0.988
1,0,2.18,21,,0,0.5,0.0,0,1,1,1,0.9716666666666666
1,0,1.21,13,0.36,0,20.5,0.8,0,0,0,0,0.10985714285714286
1,0,3.72,16,0.19,0,132.1,5.3,0,0,1,0,0.3360238095238095
0,0,1.16,11,,0,68.1,4.3,0,1,1,1,0.8403452380952381
1,0,2.96,18,,1,19.2,3.7,0,1,1,1,0.8938333333333333
1,0,0.24,10,0.0,0,5.6,0.8,0,0,1,1,0.98
1,0,2.48,24,,0,60.0,6.0,0,1,1,0,0.29724999999999996
1,0,3.28,13,,0,1.9,0.1,3,1,1,1,0.9690714285714285
1,0,7.96,22,,0,57.3,4.8,0,1,1,1,0.6988690476190478
1,0,0.09,19,1.88,0,21.7,1.2,0,0,0,0,0.008095238095238095
0,0,5.34,24,,0,55.3,7.4,0,1,0,1,0.5399761904761905
1,0,1.24,16,,0,14.7,4.0,0,1,1,1,0.9056190476190477
0,0,0.75,3,0.0,0,17.2,0.8,4,0,1,1,0.9975
1,1,4.92,15,1.28,0,26.2,1.3,0,0,0,0,0.03866666666666666
1,1,1.39,23,0.82,0,137.1,9.0,0,0,0,0,0.17541666666666664
1,1,5.38,15,1.44,1,55.2,4.2,0,0,0,0,0.022666666666666665
1,1,0.08,10,1.9,0,38.0,3.8,0,0,0,0,0.017166666666666667
1,1,0.13,12,0.0,2,12.2,0.7,0,0,1,1,1.0
1,1,0.59,37,0.4,0,124.4,5.8,0,0,0,0,0.1683571428571429
0,0,3.23,20,,0,4.5,0.9,0,1,1,1,1.0
1,1,5.02,22,1.04,0,5.9,1.8,0,0,0,0,0.14061111111111113
1,1,0.53,22,0.02,0,0.0,0.0,0,0,1,1,1.0
0,0,1.42,43,0.52,2,42.0,21.1,0,0,0,0,0.20808333333333334
1,1,6.03,21,0.22,0,74.0,3.2,0,0,0,0,0.005
1,0,5.84,24,,0,78.9,5.9,0,1,1,0,0.1624285714285714
1,1,1.32,21,,0,0.0,0.0,0,1,1,1,1.0
1,1,0.73,15,1.24,0,42.1,17.9,0,0,0,0,0.03314285714285715
1,1,1.21,22,0.76,3,76.6,4.3,0,0,0,0,0.0618095238095238
1,0,2.03,13,,0,35.1,1.6,0,1,0,1,0.8420079365079364
1,1,5.14,15,1.63,0,79.4,10.9,0,0,0,0,0.002
1,0,0.01,0,1.96,0,,,0,0,0,0,0.0
1,1,1.05,21,0.0,0,88.1,33.4,0,0,1,1,0.9975
1,1,5.16,15,0.58,0,36.0,3.0,0,0,0,0,0.21500793650793645
1,0,0.3,16,1.68,0,47.8,24.3,0,0,0,0,0.04442857142857143
0,0,2.07,39,,1,17.6,0.7,0,1,1,1,0.9919047619047618
1,1,2.01,22,,0,15.7,1.4,0,1,1,1,0.8181190476190477
1,1,2.9,17,1.02,0,0.0,0.0,0,0,1,1,0.9616666666666666
0,0,1.32,25,0.0,0,5.3,1.5,0,0,1,1,0.9816666666666667
0,0,2.2,0,,0,0.0,0.0,0,1,1,1,1.0
1,0,1.73,0,,1,3.6,0.2,7,1,1,1,1.0
1,0,1.98,21,,0,18.5,8.6,0,1,1,1,0.9769444444444444
1,1,6.23,16,1.67,0,21.9,4.5,0,0,0,0,0.020666666666666663
1,0,0.65,14,1.32,2,24.9,1.2,0,0,0,0,0.130952380952381
0,0,0.01,3,0.0,0,3.8,0.1,0,0,1,1,1.0
1,1,0.62,55,1.35,0,240.3,92.5,0,0,0,0,0.1822103174603175
1,0,0.61,14,1.36,1,29.8,3.0,0,0,0,0,0.024166666666666666
1,0,2.07,14,1.85,0,39.6,2.1,0,0,0,0,0.06015079365079365
1,0,2.16,40,,1,2.3,0.6,0,1,1,1,0.9322499999999999
1,0,0.78,19,0.0,0,0.0,0.0,0,0,1,1,1.0
1,0,1.84,13,0.13,0,173.3,57.1,0,0,0,0,0.05966666666666666
0,0,2.78,0,,0,0.3,0.0,6,1,1,1,1.0
1,0,3.7,22,,0,0.0,0.0,0,1,1,1,1.0
1,0,0.73,14,0.0,1,23.3,2.9,0,0,1,1,0.9985714285714287
0,0,0.21,52,0.0,1,174.8,14.5,0,0,1,1,0.9533333333333333
1,0,0.27,5,0.01,1,0.0,0.0,0,0,1,1,1.0
1,1,0.98,21,0.33,0,81.8,9.6,0,0,0,0,0.08383333333333333
0,0,3.67,25,0.09,0,61.4,37.2,0,0,0,0,0.12186904761904761
1,0,0.93,14,1.04,0,15.2,2.2,0,0,0,0,0.008333333333333333
1,0,0.12,11,1.01,0,58.3,6.7,0,0,0,0,0.014499999999999999
1,0,1.73,22,,0,88.9,7.1,0,1,1,1,0.8901666666666667
1,0,0.72,21,0.46,1,19.5,4.3,0,0,0,0,0.18103174603174604
0,0,0.94,19,,0,0.0,0.0,0,1,1,1,1.0
1,0,5.72,22,1.07,0,2.2,0.2,0,0,0,0,0.005
1,0,1.3,18,0.0,0,0.0,0.0,0,0,1,1,1.0
0,0,2.15,13,,0,1.1,0.1,4,1,1,1,0.9975
0,0,4.49,18,,0,22.6,2.3,0,1,1,1,0.9858333333333335
0,0,0.9,21,0.0,0,0.0,0.0,0,0,1,1,1.0
1,0,1.1,22,0.88,0,205.3,17.8,0,0,0,0,0.043095238095238096
1,0,3.34,0,,0,6.9,0.5,6,1,1,1,0.99
0,0,2.09,22,,0,0.0,0.0,0,1,1,1,1.0
1,0,4.52,26,,0,70.5,5.0,0,1,1,1,0.8561785714285715
1,0,1.97,20,0.0,0,6.1,0.5,0,0,1,1,1.0
1,0,1.65,13,0.27,0,25.9,1.1,0,0,0,0,0.020642857142857143
1,0,5.83,22,0.0,0,33.1,3.8,0,0,1,1,0.9608095238095237
1,1,2.78,15,1.13,0,130.7,6.6,0,0,0,0,0.06125
1,0,3.95,28,0.0,0,70.3,8.4,0,0,1,1,0.98
1,0,3.93,19,,0,4.0,0.4,0,1,1,1,0.9925
1,1,6.3,22,1.87,2,47.1,4.6,0,0,0,0,0.02816666666666667
1,0,2.45,12,0.88,0,9.9,1.4,0,0,0,0,0.035
1,0,1.91,0,0.01,2,0.0,0.0,7,0,1,1,0.975
1,0,5.74,19,0.0,0,29.1,2.4,0,0,1,1,1.0
1,0,1.52,22,0.04,0,45.7,4.6,0,0,1,0,0.11603968253968257
1,0,5.01,25,0.43,0,65.3,4.0,0,0,0,0,0.03933333333333334
0,0,0.65,7,0.0,0,3.4,0.1,0,0,1,1,0.9985714285714287
0,0,2.54,18,,1,28.0,1.6,0,1,1,1,0.9798333333333333
1,1,1.91,12,1.91,0,209.5,14.3,0,0,0,0,0.13216666666666665
1,1,1.63,20,0.32,0,161.6,16.8,0,0,0,0,0.0744047619047619
1,1,1.37,12,0.55,1,84.9,12.7,0,0,0,0,0.0740952380952381
1,0,3.8,15,,0,1.1,0.1,3,1,1,1,0.9752380952380952
0,0,1.88,21,,0,20.1,1.5,0,1,1,1,0.99
0,0,2.01,0,,0,0.0,0.0,0,1,1,1,1.0
1,1,2.04,23,,1,0.0,0.0,0,1,1,1,1.0
1,1,2.24,18,0.0,0,39.2,3.0,0,0,1,1,0.9644999999999999
1,1,0.64,15,1.41,0,72.4,11.9,0,0,0,0,0.013333333333333332
1,1,6.37,17,1.72,0,10.6,0.8,0,0,0,0,0.055630952380952385
1,1,3.59,0,,2,0.0,0.0,2,1,1,1,1.0
0,0,0.48,23,,0,17.8,0.7,0,1,1,1,0.9966666666666667
1,1,1.67,20,0.23,0,59.2,2.7,0,0,0,0,0.14280555555555557
1,1,4.11,18,1.83,2,120.9,5.4,0,0,1,0,0.22461507936507935
0,0,0.22,0,,0,10.1,0.4,2,1,1,1,0.9675
1,0,1.88,22,0.0,0,127.5,12.1,0,0,1,1,0.995
1,0,0.01,5,0.0,0,0.9,0.0,0,0,1,1,1.0
1,1,5.33,19,1.91,0,91.8,5.1,0,0,0,0,0.11033333333333335
1,1,0.6,22,1.38,0,9.4,0.6,0,0,0,0,0.13842857142857143
1,0,0.52,42,1.7,0,157.7,8.5,0,0,0,0,0.0619047619047619
1,0,0.41,25,1.56,1,45.2,4.8,0,0,0,0,0.07942857142857142
1,1,5.33,14,1.59,0,42.7,1.8,0,0,0,0,0.07727380952380952
1,0,4.2,0,,0,0.0,0.0,0,1,1,1,1.0
1,0,1.69,13,0.27,0,46.2,3.5,0,0,0,0,0.04052380952380953
1,0,1.49,23,0.0,0,2.3,0.1,0,0,1,1,1.0
1,0,4.74,19,1.72,0,206.2,55.4,0,0,0,0,0.03573232323232323
1,1,5.26,18,1.35,1,36.9,3.0,0,0,1,0,0.43746428571428564
0,0,12.61,0,,0,0.0,0.0,0,1,1,1,0.9686904761904762
1,0,0.11,10,1.86,0,31.4,5.3,0,0,0,0,0.0
1,0,1.0,20,0.97,0,35.5,3.3,0,0,0,0,0.02883333333333333
1,1,5.58,41,,0,66.5,4.0,0,1,1,1,0.7557341269841271
1,1,1.29,22,0.99,1,262.8,16.1,0,0,0,0,0.11878571428571426
1,0,0.94,14,1.03,0,54.8,3.1,0,0,0,0,0.005
0,0,2.22,23,,1,2.5,0.4,0,1,1,1,0.99
1,1,3.95,20,,0,22.5,1.4,0,1,1,1,0.8498333333333333
1,0,1.16,36,0.0,2,0.0,0.0,0,0,1,1,1.0
1,0,0.76,19,0.05,0,62.2,3.7,0,0,1,0,0.39488888888888884
0,0,2.07,23,,0,0.0,0.0,0,1,1,1,1.0
0,0,7.99,60,,0,23.7,0.8,0,1,0,1,0.5508888888888888
0,0,0.92,58,0.06,12,89.9,12.2,0,0,0,0,0.2146309523809524
1,1,0.55,24,,1,26.3,2.3,0,1,1,1,0.6955476190476193
1,1,0.59,17,1.63,0,118.9,10.3,0,0,0,0,0.14644047619047618
1,0,2.42,0,,0,0.0,0.0,6,1,1,1,1.0
1,1,4.15,16,1.75,0,17.2,2.8,0,0,0,0,0.006666666666666666
1,1,1.24,12,0.16,0,46.5,7.4,0,0,0,0,0.07688095238095238
1,0,0.6,13,0.0,0,35.0,3.7,0,0,1,1,1.0
0,0,1.11,22,,0,0.0,0.0,0,1,1,1,1.0
0,0,1.87,0,,0,1.5,0.1,2,1,1,1,1.0
1,1,1.02,9,0.72,0,109.9,6.4,0,0,1,0,0.36761904761904757
1,0,0.34,15,1.55,0,14.0,2.3,0,0,1,0,0.3339444444444444
1,1,6.28,21,1.59,0,88.2,4.4,0,0,0,0,0.1281111111111111
1,1,0.56,15,1.41,0,13.2,1.6,0,0,0,0,0.016285714285714285
0,0,4.82,12,,0,1.4,0.1,0,1,1,1,0.912357142857143
1,1,3.52,21,0.38,0,145.3,17.5,0,0,0,0,0.045
0,0,2.12,23,,3,11.7,1.4,0,1,1,1,0.9743333333333334
1,0,1.74,13,0.17,0,34.5,2.0,0,0,0,0,0.01
1,0,1.33,13,0.56,0,19.4,1.9,0,0,0,0,0.0803888888888889
1,0,2.21,22,0.04,0,1.9,0.2,0,0,0,0,0.460404761904762
1,0,3.19,30,,0,171.0,18.0,0,1,1,1,0.6712142857142857
1,0,2.31,20,1.57,0,87.8,4.8,0,0,0,0,0.0837142857142857
1,1,6.78,24,1.04,0,95.7,3.7,0,0,0,0,0.05255952380952381
1,0,3.81,21,0.47,0,35.6,1.8,0,0,0,0,0.027000000000000003
0,0,2.45,13,0.0,0,14.4,0.7,0,0,1,1,1.0
0,0,1.48,0,0.0,0,0.0,0.0,0,0,1,1,1.0
0,0,0.49,20,0.0,2,12.7,0.6,0,0,1,1,1.0
1,1,0.76,15,1.21,0,159.2,11.5,0,0,0,0,0.005
0,0,0.19,0,0.0,0,0.0,0.0,3,0,1,1,1.0
1,0,1.7,16,1.69,0,28.3,4.0,0,0,0,0,0.11185317460317461
1,1,2.21,16,1.7,0,7.3,0.9,0,0,0,0,0.12649999999999997
1,0,1.91,23,0.0,5,0.0,0.0,0,0,1,1,1.0
1,0,1.9,14,0.0,0,38.8,3.6,0,0,1,1,1.0
1,0,4.5,18,0.0,0,27.1,14.8,0,0,1,1,0.9716666666666667
1,0,2.5,12,0.55,0,95.4,7.4,0,0,0,0,0.23746428571428574
1,0,2.9,20,1.04,0,22.0,2.5,0,0,0,0,0.013333333333333332
1,0,3.9,22,0.04,0,51.7,3.7,0,0,0,0,0.0
1,1,0.88,15,1.09,0,20.1,3.4,0,0,0,0,0.1801666666666667
1,0,1.48,25,1.97,1,73.1,5.1,0,0,0,0,0.07833333333333334
1,1,1.38,8,0.59,1,13.1,2.2,0,0,0,0,0.27148412698412705
0,0,0.93,22,0.02,0,0.0,0.0,0,0,1,1,1.0
1,0,0.6,19,0.0,0,0.0,0.0,0,0,1,1,1.0
1,0,1.12,20,0.85,0,27.5,1.6,0,0,0,0,0.0395
1,0,2.97,22,,0,42.6,2.2,0,1,1,1,0.9351666666666665
1,0,6.18,21,0.28,0,8.4,1.2,0,0,0,0,0.006666666666666666
1,0,0.79,22,0.0,0,0.0,0.0,0,0,1,1,1.0
1,0,0.68,22,0.0,0,8.4,0.2,0,0,1,1,1.0
1,0,0.96,25,0.0,0,55.4,2.9,0,0,1,1,1.0
1,0,0.12,19,1.86,0,22.0,3.0,0,0,0,0,0.0
1,0,0.09,19,1.88,0,46.3,2.3,0,0,0,0,0.005
1,0,0.44,17,1.53,0,54.1,8.4,0,0,1,0,0.30935714285714283
0,0,1.11,14,,1,0.0,0.0,0,1,1,1,1.0
0,0,4.36,22,,0,3.3,0.1,0,1,1,1,0.9916666666666667
1,1,1.76,15,1.31,0,18.9,1.8,0,0,0,0,0.061666666666666675
1,0,1.89,40,,1,47.4,5.3,0,1,1,1,0.8931190476190477
1,1,6.12,17,1.86,0,47.8,3.0,0,0,0,0,0.006428571428571428
1,1,1.87,20,0.1,0,71.4,7.4,0,0,0,0,0.013333333333333332
1,0,0.61,11,0.0,0,12.6,0.4,0,0,1,1,0.995
1,0,3.15,24,,0,10.5,0.9,0,1,0,1,0.9566666666666666
1,1,1.3,32,0.67,0,176.3,10.7,0,0,0,0,0.1728333333333333
1,0,0.99,19,0.98,0,53.3,2.4,0,0,1,0,0.31511904761904763
1,0,1.01,22,0.96,0,34.8,3.4,0,0,0,0,0.0125
1,1,0.66,12,1.69,0,40.5,3.3,0,0,0,0,0.036500000000000005
1,0,0.05,13,1.7,0,15.2,0.7,0,0,0,0,0.12533333333333332
1,1,5.92,21,0.1,0,32.1,2.3,0,0,0,0,0.002
1,1,0.15,18,1.82,0,119.9,8.1,0,0,0,0,0.0
1,1,2.26,0,,0,0.0,0.0,0,1,1,1,1.0
1,0,1.04,19,0.0,0,33.8,47.3,0,0,1,1,0.993
1,0,2.73,21,0.7,0,121.3,10.4,0,0,1,0,0.029750000000000002
1,0,2.93,12,0.99,0,27.8,1.5,0,0,0,0,0.012666666666666666
1,0,0.27,19,1.7,0,49.7,4.5,0,0,0,0,0.012
1,0,1.69,0,0.0,1,0.0,0.0,4,0,1,1,1.0
1,1,1.03,21,0.0,0,0.0,0.0,0,0,1,1,1.0
0,0,3.87,13,,0,1.5,0.3,0,1,1,1,0.9914285714285714
1,1,0.42,14,0.0,0,4.6,0.3,0,0,1,1,0.99
1,0,1.27,14,0.62,0,70.4,4.0,0,0,0,0,0.03592857142857143
1,1,1.6,20,1.41,0,103.0,6.3,0,0,1,0,0.270297619047619
1,1,0.6,10,1.37,0,11.0,1.3,0,0,0,0,0.04616666666666666
1,0,1.3,20,0.59,1,9.3,0.8,0,0,0,0,0.08557142857142858
0,0,0.05,0,,0,0.0,0.0,0,1,1,1,1.0
1,0,1.68,21,,0,24.4,2.3,0,1,1,1,0.9086428571428571
0,0,0.09,11,,0,0.0,0.0,0,1,1,1,1.0
1,1,2.19,0,,0,0.0,0.0,2,1,1,1,1.0
1,0,1.17,14,0.81,0,158.0,6.0,0,0,0,0,0.05968253968253968
1,0,0.73,22,1.24,0,90.9,4.4,0,0,0,0,0.04363492063492063
1,1,1.39,14,0.58,0,66.9,3.2,0,0,1,0,0.44398412698412704
0,0,0.01,2,0.0,0,0.0,0.0,0,0,1,1,1.0
1,1,6.24,16,1.62,0,50.0,18.3,0,0,0,0,0.01292857142857143
1,0,0.97,19,,0,48.7,3.1,0,1,1,1,0.9238333333333334
1,0,4.76,32,,0,15.2,19.3,0,1,0,1,0.8705714285714287
1,1,2.3,0,,0,0.0,0.0,6,1,1,1,1.0
1,1,6.33,15,1.27,0,37.7,5.0,0,0,0,0,0.0
1,1,2.48,0,,0,0.9,0.1,2,1,1,1,1.0
1,0,2.95,20,0.72,1,14.9,2.6,0,0,0,0,0.1364761904761905
1,1,1.71,13,0.24,0,30.6,1.8,0,0,0,0,0.026000000000000002
1,1,0.91,20,1.45,0,118.7,7.5,0,0,1,0,0.14641666666666664
0,0,1.19,0,0.0,0,4.8,0.7,0,0,1,1,1.0
1,1,6.95,21,1.89,0,43.9,4.7,0,0,0,0,0.035277777777777776
0,0,0.01,0,0.0,0,0.0,0.0,0,0,1,1,1.0
1,0,0.94,8,1.04,0,44.1,2.7,0,0,0,0,0.025333333333333336
1,1,1.31,23,0.67,0,0.0,0.0,0,0,1,1,1.0
1,0,0.26,18,0.0,0,156.8,20.2,0,0,1,1,0.9633333333333333
1,0,3.75,13,0.0,0,34.3,3.3,0,0,1,1,1.0
1,1,0.01,1,1.74,0,0.0,0.0,0,0,1,1,0.9445833333333334
1,1,1.09,22,0.88,0,185.6,11.5,0,0,0,0,0.04644444444444444
1,0,1.04,18,0.0,1,12.2,0.9,0,0,1,1,1.0
0,0,1.75,0,0.0,0,0.0,0.0,4,0,1,1,1.0
1,0,2.9,12,1.02,0,12.2,0.9,0,0,0,0,0.002857142857142857
1,1,10.27,18,1.63,0,18.9,1.4,0,0,0,0,0.14647619047619048
1,0,6.74,22,0.79,0,1.4,0.1,0,0,0,0,0.016
1,1,6.75,0,,0,0.0,0.0,0,1,1,1,1.0
1,1,1.95,134,0.02,0,241.0,65.4,0,0,0,0,0.06823809523809525
1,0,0.92,28,0.0,0,133.4,10.5,0,0,1,1,0.992
1,0,3.0,12,0.94,0,104.6,4.5,0,0,0,0,0.0
1,0,8.34,25,0.11,0,18.1,1.7,0,0,0,0,0.008333333333333333
1,1,0.66,13,1.56,0,83.2,8.0,0,0,0,0,0.031166666666666665
1,1,5.99,21,0.21,0,78.5,5.2,0,0,0,0,0.0
0,0,1.18,23,0.68,0,62.5,4.1,0,0,1,0,0.1852142857142857
1,0,0.65,10,0.0,0,13.2,0.9,0,0,1,1,1.0
1,0,3.19,32,,0,26.5,3.9,0,1,1,1,0.7591666666666668
1,0,0.53,6,0.0,0,35.8,1.9,0,0,1,1,0.9977777777777778
1,0,1.97,29,0.0,0,30.6,3.4,0,0,1,1,1.0
1,0,2.94,20,0.99,0,87.2,5.2,0,0,0,0,0.03683333333333333
1,1,0.23,19,1.75,0,41.5,3.3,0,0,0,0,0.0255
1,1,1.96,3,0.01,0,14.7,1.5,0,0,1,1,0.8029999999999999
1,1,2.68,22,,2,7.9,1.1,0,1,1,1,0.991
1,1,1.14,24,0.83,1,131.0,9.3,0,0,0,0,0.02
1,0,3.17,12,0.76,0,184.2,17.9,0,0,0,0,0.018928571428571427
1,0,3.56,13,0.0,0,34.7,2.7,0,0,1,1,1.0
0,0,0.61,0,0.0,0,0.3,0.0,2,0,1,1,1.0
1,1,6.59,15,1.65,0,37.9,3.3,0,0,0,0,0.030753968253968252
1,0,4.83,21,0.0,0,14.1,2.4,0,0,1,1,1.0
1,0,0.43,12,0.0,0,45.1,4.2,0,0,1,1,1.0
1,1,0.55,15,1.43,0,28.2,5.2,0,0,0,0,0.02583333333333333
1,1,2.15,16,1.77,0,9.6,3.0,0,0,0,0,0.1900357142857143
0,0,2.05,40,,0,5.9,0.6,0,1,1,1,1.0
1,1,2.18,22,0.0,0,12.6,0.7,0,0,1,1,1.0
1,0,2.63,12,0.76,0,28.3,6.8,0,0,0,0,0.07473809523809524
1,0,3.96,29,0.0,0,71.3,2.9,0,0,1,1,0.9771428571428571
1,0,3.57,0,,0,3.2,0.6,7,1,1,1,0.9975
1,0,4.14,22,0.0,2,56.0,4.6,0,0,1,1,0.9766666666666667
1,1,1.74,13,0.18,0,8.9,1.9,0,0,0,0,0.09619047619047619
1,0,2.98,18,0.0,0,23.1,0.8,0,0,1,1,0.98
1,1,5.95,21,0.25,0,11.8,0.9,0,0,0,0,0.003333333333333333
1,0,5.54,24,,0,17.4,3.6,0,1,1,1,0.7597261904761905
1,1,0.54,11,1.68,0,201.3,12.4,0,0,0,0,0.05083333333333334
1,1,3.74,22,0.0,0,44.6,3.1,0,0,1,1,0.9358333333333334
1,1,3.21,18,1.66,0,73.4,2.3,0,0,0,0,0.035666666666666666
1,1,4.9,22,1.03,0,41.7,5.2,0,0,0,0,0.03411111111111111
1,1,0.42,12,1.55,0,22.6,1.9,0,0,1,0,0.48305555555555574
0,0,0.36,20,,0,20.2,3.8,0,1,1,1,0.9693333333333333
1,1,0.89,22,1.08,0,51.4,39.8,0,0,0,0,0.08314285714285713
1,1,1.73,13,0.24,0,4.5,0.4,0,0,0,0,0.029833333333333333
1,1,1.19,25,0.0,0,39.6,2.2,0,0,1,1,0.9966666666666667
1,1,4.18,22,1.71,3,116.9,10.7,0,0,0,0,0.11790079365079366
0,0,0.44,21,1.53,0,0.0,0.0,0,0,1,1,1.0
1,1,0.61,15,1.36,3,80.2,4.6,0,0,0,0,0.053392857142857145
0,0,3.27,0,,0,0.0,0.0,7,1,1,1,1.0
0,0,0.01,0,1.96,0,,,0,0,0,0,0.0
1,0,6.89,22,0.07,0,12.0,0.7,0,0,0,0,0.028333333333333335
1,1,2.23,17,1.68,0,35.0,5.0,0,0,0,0,0.06383333333333333
0,0,2.0,22,,0,1.1,0.2,0,1,1,1,1.0
1,1,2.07,19,1.87,0,65.2,8.8,0,0,0,0,0.059333333333333335
0,0,3.23,0,,0,3.3,0.2,5,1,1,1,1.0
0,0,3.38,28,,0,69.5,6.5,0,1,1,1,0.7132936507936507
1,0,0.96,20,1.01,1,329.1,14.3,0,0,0,0,0.041916666666666665
1,1,0.58,30,1.39,0,18.5,0.9,0,0,0,0,0.1555
1,1,2.67,15,1.26,0,64.5,2.4,0,0,0,0,0.06485714285714286
1,1,2.32,20,0.96,0,19.8,1.6,0,0,1,0,0.14152380952380952
0,0,2.74,22,0.63,0,0.0,0.0,0,0,1,1,1.0
1,0,3.82,21,0.26,0,30.3,2.9,0,0,0,0,0.0025
1,1,7.12,22,1.13,0,5.1,0.4,0,0,0,0,0.085015873015873
1,0,2.04,13,,1,54.2,3.7,0,1,0,1,0.746047619047619
1,1,6.26,10,1.2,0,75.3,9.5,0,0,0,0,0.006999999999999999
1,1,0.75,22,1.23,0,109.7,5.8,0,0,0,0,0.04669047619047619
0,0,0.16,34,1.57,0,43.2,6.2,0,0,0,0,0.05325
1,1,6.83,26,,0,3.0,0.4,0,1,1,1,0.7422222222222223
0,0,1.01,0,,0,0.0,0.0,6,1,1,1,1.0
1,1,4.01,24,1.93,0,84.8,4.6,0,0,0,0,0.0175
1,0,0.69,0,1.28,1,63.5,3.3,7,0,1,1,0.8273888888888888
1,1,2.19,17,1.74,0,34.6,1.4,0,0,0,0,0.111468253968254
1,1,7.81,15,1.28,0,17.5,0.5,0,0,0,0,0.07416666666666667
1,0,3.12,12,0.83,0,61.0,2.8,0,0,0,0,0.0
0,0,4.84,12,,0,0.0,0.0,0,1,1,1,1.0
1,1,4.02,18,1.88,0,27.1,1.8,0,0,0,0,0.0
1,1,3.08,17,1.84,1,33.5,2.6,0,0,0,0,0.011666666666666667
0,0,1.99,39,,0,56.6,5.8,0,1,1,1,0.9044015151515151
1,0,2.35,21,0.0,1,74.0,3.8,0,0,1,1,0.9983333333333334
1,0,3.62,0,,1,0.9,0.1,3,1,1,1,0.998
1,1,2.56,15,1.35,0,98.3,11.8,0,0,0,0,0.01825
1,0,3.85,19,0.0,0,5.8,0.5,0,0,1,1,1.0
1,0,1.64,17,,0,14.2,1.2,0,1,1,1,0.9295
1,0,1.98,29,,0,5.7,1.1,0,1,1,1,0.9400714285714286
1,0,5.16,0,,0,0.0,0.0,1,1,1,1,1.0
1,0,1.52,19,0.0,0,0.0,0.0,0,0,1,1,1.0
0,0,1.12,22,0.86,0,0.0,0.0,0,0,1,1,1.0
1,0,1.98,24,,0,23.7,2.3,0,1,1,1,0.8423690476190476
1,0,1.11,22,0.87,0,53.9,2.4,0,0,0,0,0.004
0,0,0.68,20,,0,1.7,0.3,0,1,1,1,1.0
0,0,1.02,13,0.0,0,0.0,0.0,0,0,1,1,1.0
1,0,1.93,25,0.0,0,3.5,0.2,0,0,1,1,1.0
1,0,6.44,11,0.33,0,9.5,1.0,0,0,1,0,0.4324285714285715
1,1,4.09,17,1.81,0,94.1,3.6,0,0,0,0,0.03166666666666666
1,0,2.19,11,1.75,0,66.4,2.9,0,0,0,0,0.2341349206349207
1,1,4.1,40,1.22,0,155.0,5.0,0,0,0,0,0.10141666666666667
1,0,1.12,14,0.86,0,18.8,1.3,0,0,0,0,0.010833333333333332
1,1,0.3,10,0.44,0,134.3,10.6,0,0,0,0,0.17366666666666664
1,0,0.0,1,0.32,0,0.0,0.0,0,0,1,1,0.9890000000000001
1,0,1.33,17,0.0,0,0.0,0.0,0,0,1,1,1.0
1,0,0.48,11,0.31,1,77.4,2.7,0,0,1,0,0.2218015873015873
1,1,0.58,15,1.39,0,34.3,1.6,0,0,0,0,0.0
1,1,4.25,10,0.0,0,62.1,3.3,0,0,1,1,1.0
1,1,4.1,15,1.86,0,46.9,7.8,0,0,0,0,0.0675952380952381
1,0,3.79,0,,1,9.2,1.5,7,1,1,1,0.99
0,0,5.05,18,0.0,0,7.2,0.4,0,0,1,1,1.0
1,1,1.02,22,0.0,0,143.7,6.6,0,0,1,1,0.988
0,0,0.16,16,,0,23.8,1.9,0,1,1,1,0.975
0,0,0.35,27,,0,101.4,19.7,0,1,1,1,0.8949761904761904
1,0,0.06,1,2.16,0,2.6,0.1,0,0,1,0,0.4630833333333333
1,1,1.4,12,0.86,0,58.3,3.4,0,0,0,0,0.10845238095238095
1,1,6.62,21,1.86,1,28.0,3.4,0,0,0,0,0.006944444444444444
1,0,4.04,21,,0,73.2,3.6,0,1,0,1,0.8243095238095236
1,0,4.34,24,,0,25.3,1.5,0,1,1,1,0.8543333333333333
1,1,1.93,19,0.04,0,76.8,4.1,0,0,0,0,0.162
1,1,2.03,16,1.87,0,7.6,4.2,0,0,0,0,0.08616666666666667
1,0,0.9,16,0.0,0,44.5,3.4,0,0,1,1,0.9933333333333333
1,0,0.99,14,0.99,0,29.4,2.2,0,0,0,0,0.04177777777777778
0,0,2.74,23,,1,12.9,1.3,0,1,1,1,0.99
1,0,3.24,21,0.65,0,127.4,5.8,0,0,1,0,0.005833333333333333
1,1,0.03,1,1.95,0,0.3,0.0,0,0,0,0,0.1854285714285714
1,1,2.78,15,1.15,0,115.4,2.5,0,0,0,0,0.038476190476190476
1,0,1.75,17,0.0,0,0.0,0.0,0,0,1,1,1.0
0,0,2.7,24,,2,32.2,2.8,0,1,1,1,0.896047619047619
0,0,0.65,31,0.0,0,1.5,0.3,0,0,1,1,1.0
0,0,0.47,16,1.75,2,87.0,4.0,0,0,1,1,0.6020000000000001
1,1,0.56,15,1.42,14,55.8,3.8,0,0,0,0,0.18095238095238095
1,0,0.9,28,,0,30.1,0.8,0,1,1,1,0.9207878787878788
1,0,3.69,11,0.25,0,98.4,4.4,0,0,1,1,0.7153246753246754
1,1,1.97,0,0.04,0,0.0,0.0,5,0,1,1,1.0
1,0,2.34,31,,0,40.4,4.8,0,1,1,1,0.8207380952380953
1,0,0.32,34,1.66,0,51.8,4.9,0,0,0,0,0.008333333333333333
1,0,2.74,20,0.0,0,74.8,21.3,0,0,1,1,1.0
1,0,3.76,146,0.0,2,289.7,17.2,0,0,1,1,0.7916111111111112
1,0,1.57,13,0.36,0,213.7,7.0,0,0,0,0,0.026833333333333334
1,1,0.85,32,1.12,0,169.4,6.5,0,0,0,0,0.05128571428571429
1,1,3.84,16,,1,18.7,1.6,0,1,1,1,0.9431428571428572
1,1,4.53,15,1.21,0,39.0,21.1,0,0,0,0,0.08208333333333333
1,0,2.06,21,,1,62.1,4.6,0,1,1,1,0.7194166666666665
0,0,6.2,26,0.0,0,34.9,5.7,0,0,1,1,0.9422222222222222
0,0,0.52,19,,0,39.3,3.2,0,1,1,1,0.9671428571428571
1,1,1.71,12,0.21,0,42.8,3.0,0,0,0,0,0.02766666666666667
0,0,0.44,33,0.55,2,24.0,4.1,1,0,0,0,0.2166071428571429
1,1,0.56,15,1.42,0,41.6,2.0,0,0,0,0,0.009333333333333334
1,1,0.33,0,,1,0.0,0.0,0,1,0,1,1.0
1,0,2.89,17,0.0,0,96.9,10.9,0,0,1,1,1.0
1,0,0.14,20,0.0,0,5.5,0.3,0,0,1,1,0.9916666666666666
0,0,2.21,0,,0,0.0,0.0,0,1,1,1,1.0
1,1,4.18,22,1.72,0,37.5,3.1,0,0,0,0,0.07197619047619047
1,0,2.65,25,0.38,0,13.3,1.9,0,0,0,0,0.06266666666666666
1,0,1.07,22,0.0,0,0.0,0.0,0,0,1,1,1.0
1,1,7.72,25,0.13,0,23.1,3.8,0,0,0,0,0.01
0,0,0.9,58,0.0,0,50.3,3.0,0,0,1,1,1.0
1,1,5.16,10,1.25,1,12.5,0.7,0,0,0,0,0.00625
1,1,7.04,17,0.0,0,11.2,0.9,0,0,1,1,0.9803571428571428
1,0,1.98,14,,0,75.2,4.1,0,1,1,1,0.9570714285714286
1,1,5.96,12,0.21,0,33.8,4.8,0,0,0,0,0.017380952380952382
1,1,0.88,22,1.09,0,27.2,2.7,0,0,0,0,0.036750000000000005
0,0,1.97,22,0.06,1,7.7,4.2,0,0,1,1,0.6034642857142857
1,0,1.62,17,,0,4.4,0.2,0,1,1,1,0.99625
0,0,2.21,13,,0,0.0,0.0,0,1,1,1,1.0
1,0,1.44,13,0.48,0,36.8,1.8,0,0,0,0,0.023
1,0,2.19,0,,0,0.0,0.0,0,1,1,1,1.0
1,0,1.13,13,0.0,0,2.1,0.1,0,0,1,1,1.0
1,1,6.59,26,1.96,0,33.2,2.7,0,0,0,0,0.07141666666666667
1,0,2.17,0,0.7,0,0.0,0.0,0,0,1,1,0.9736666666666666
0,0,0.48,77,,0,59.0,24.5,0,1,1,1,0.8619960317460318
1,0,1.28,22,0.01,4,0.0,0.0,0,0,1,1,1.0
0,0,2.17,20,,0,22.5,1.9,0,1,0,1,0.9966666666666666
1,1,4.1,24,,0,15.4,2.5,0,1,1,1,0.9053333333333333
1,1,1.69,20,0.0,0,13.1,0.8,0,0,1,1,0.9876666666666667
0,0,1.43,0,,0,0.0,0.0,0,1,1,1,1.0
1,1,1.23,17,1.75,0,91.7,8.1,0,0,0,0,0.06594444444444444
1,1,4.23,23,1.65,0,128.4,5.8,0,0,0,0,0.11908333333333332
0,0,2.82,14,0.0,0,8.1,0.5,0,0,1,1,1.0
1,1,0.57,12,0.0,0,0.0,0.0,0,0,1,1,1.0
0,0,5.33,13,,0,0.0,0.0,0,1,1,1,1.0
0,0,3.43,10,,0,0.0,0.0,0,1,1,1,1.0
1,1,2.92,25,0.0,0,73.4,4.1,0,0,1,1,0.9966666666666666
1,0,1.17,20,0.8,0,55.0,4.0,0,0,0,0,0.0
1,0,0.78,21,0.0,0,0.0,0.0,0,0,1,1,1.0
1,1,0.15,13,1.82,0,29.5,2.9,0,0,0,0,0.025785714285714283
1,1,4.98,32,,0,26.1,1.5,0,1,1,1,0.9643333333333333
1,1,5.12,20,0.13,0,39.9,3.1,0,0,0,0,0.016666666666666666
1,1,4.45,24,,0,87.2,5.8,0,1,0,1,0.8118333333333334
1,0,1.08,20,0.89,0,47.7,2.7,0,0,0,0,0.06483333333333334
1,0,0.62,21,0.38,1,25.6,2.2,0,0,0,0,0.11916666666666668
1,1,3.82,28,0.11,3,173.1,5.0,0,0,0,0,0.10655952380952381
1,0,7.01,25,1.96,0,28.0,3.1,0,0,0,0,0.14480158730158726
0,0,0.82,12,,0,0.0,0.0,0,1,1,1,1.0
0,0,0.98,13,,0,0.0,0.0,0,1,1,1,1.0
1,0,4.13,25,0.0,0,20.4,1.7,0,0,1,1,1.0
1,1,2.56,24,,0,18.0,0.6,0,1,1,1,0.9405714285714286
1,1,1.15,19,1.78,0,155.0,9.1,0,0,0,0,0.10026190476190477
1,0,4.06,19,1.85,0,85.0,5.0,0,0,0,0,0.01
1,1,2.12,16,1.8,0,29.3,1.9,0,0,0,0,0.005416666666666666
1,0,0.24,28,,2,14.6,0.3,0,1,1,1,0.8608015873015874
1,0,2.7,22,,0,6.9,0.8,0,1,1,1,0.9875
1,0,2.89,6,0.32,0,37.4,2.8,0,0,1,1,0.6893809523809523
1,1,0.01,0,1.96,0,,,0,0,0,0,0.0
1,1,5.97,15,0.19,2,88.2,4.3,0,0,0,0,0.04208333333333334
1,1,0.87,22,1.1,0,91.8,4.6,0,0,0,0,0.0225
1,1,1.98,22,,0,0.0,0.0,0,1,1,1,1.0
1,0,1.64,13,0.0,0,30.8,3.3,0,0,1,1,1.0
0,0,2.71,25,0.05,1,52.7,3.9,0,0,0,0,0.024
1,0,0.91,14,1.07,0,18.9,1.5,0,0,0,0,0.016666666666666666
1,0,5.71,32,,0,34.9,3.8,0,1,0,1,0.7492023809523809
1,0,1.16,23,0.0,0,52.8,2.9,0,0,1,1,1.0
0,0,2.97,26,,0,60.2,2.7,0,1,1,1,0.9096428571428571
1,0,2.34,20,1.58,0,63.9,9.0,0,0,0,0,0.06983333333333333
1,1,5.3,22,1.6,1,89.3,7.3,0,0,1,0,0.03402777777777778
1,0,0.11,36,1.86,0,25.0,1.1,0,0,0,0,0.012
1,1,1.01,24,0.76,0,39.7,5.6,0,0,1,0,0.07916666666666666
1,0,1.78,30,0.0,0,38.2,1.6,0,0,1,1,0.9966666666666666
1,0,3.03,12,0.91,0,3.9,0.3,0,0,0,0,0.020476190476190478
1,0,0.82,21,0.0,0,0.0,0.0,0,0,1,1,1.0
1,0,6.09,22,0.1,1,8.1,1.1,0,0,0,0,0.007333333333333334
1,1,2.88,24,0.53,2,63.9,20.9,0,0,0,0,0.0625
1,1,5.22,0,,0,0.0,0.0,1,1,1,1,0.9966666666666666
1,1,2.62,16,1.87,0,16.8,3.2,0,0,0,0,0.04466666666666666
1,0,0.03,1,1.94,0,0.3,0.0,0,0,0,0,0.24701298701298696
1,0,2.18,23,,0,8.6,0.4,0,1,1,1,0.973142857142857
1,1,4.13,24,,0,13.9,0.8,0,1,1,1,0.9117222222222222
1,1,2.15,0,,0,0.0,0.0,0,1,1,1,1.0
0,0,2.65,24,,0,12.6,0.5,0,1,1,1,0.9322380952380953
0,0,0.91,21,0.0,0,3.3,0.5,0,0,1,1,0.9933333333333333
1,0,1.82,22,0.0,1,15.6,0.9,0,0,1,1,1.0
1,0,0.61,14,1.36,0,16.3,1.1,0,0,0,0,0.044500000000000005
1,0,1.57,13,0.4,0,16.6,1.0,0,0,0,0,0.0
1,1,2.41,13,1.65,0,26.7,1.5,0,0,0,0,0.18833730158730164
1,1,4.12,19,1.96,0,60.2,5.5,0,0,0,0,0.03492857142857143
1,0,0.48,13,0.02,1,92.9,8.2,0,0,0,0,0.15942063492063493
1,0,2.0,22,,0,9.8,0.6,0,1,1,1,0.9881666666666666
1,1,2.0,77,,0,0.0,0.0,5,1,1,1,1.0
1,1,0.6,15,1.37,0,28.6,2.2,0,0,0,0,0.0175
0,0,2.05,0,,0,0.0,0.0,4,1,1,1,1.0
1,0,3.26,12,,0,4.5,0.5,0,1,1,1,0.9726666666666667
1,0,0.72,17,0.0,0,26.6,1.6,0,0,1,1,1.0
1,0,0.62,10,0.0,0,72.4,3.0,0,0,1,1,1.0
1,1,10.65,10,1.15,0,56.8,7.4,0,0,0,0,0.04147619047619048
1,0,3.92,11,0.0,0,5.9,1.0,0,0,1,1,0.996
1,0,2.93,12,0.99,0,11.0,0.5,0,0,0,0,0.01
1,0,0.33,21,1.65,0,44.8,2.2,0,0,0,0,0.044833333333333336
1,1,2.36,10,1.67,0,50.1,7.1,0,0,0,0,0.3428809523809524
1,0,0.54,15,0.0,0,20.6,0.9,0,0,1,1,1.0
0,0,1.97,23,0.0,0,18.4,2.3,0,0,1,1,0.9933333333333333
0,0,3.42,13,,0,0.0,0.0,0,1,1,1,0.99
1,1,2.55,0,,0,0.0,0.0,7,1,1,1,1.0
1,1,1.04,24,0.94,0,75.5,5.6,0,0,0,0,0.030654761904761903
0,0,0.39,18,,0,0.0,0.0,0,1,1,1,1.0
1,0,1.32,8,0.65,0,309.0,16.4,0,0,0,0,0.1045952380952381
0,0,0.33,14,0.0,0,48.9,3.2,0,0,1,1,1.0
1,1,2.0,17,1.93,0,90.4,5.9,0,0,0,0,0.0325
1,0,2.0,22,,2,73.7,6.4,0,1,1,1,0.8901666666666667
0,0,0.6,11,,0,0.0,0.0,0,1,1,1,1.0
1,1,3.81,16,1.76,0,26.7,1.2,0,0,0,0,0.04476190476190475
0,0,4.17,24,,0,6.7,0.4,0,1,1,1,0.9140238095238093
1,0,1.11,22,0.86,1,51.6,5.5,0,0,0,0,0.008928571428571428
1,1,1.04,0,,0,0.0,0.0,0,1,1,1,1.0
1,1,0.27,16,1.71,0,14.4,0.7,0,0,0,0,0.0115
1,0,0.93,21,,0,9.7,1.3,0,1,1,1,0.958888888888889
1,0,0.52,14,1.18,0,34.7,3.8,0,0,0,0,0.13533333333333336
0,0,2.6,19,0.0,0,7.2,0.4,0,0,1,1,1.0
0,0,0.63,22,0.0,0,0.0,0.0,0,0,1,1,1.0
1,1,0.17,21,1.8,0,60.3,8.3,0,0,0,0,0.03
1,1,3.95,20,,0,102.2,6.6,0,1,1,1,0.5880036075036074
0,0,2.43,0,,0,1.1,0.3,6,1,1,1,1.0
1,1,3.73,22,0.0,0,25.5,3.0,0,0,1,1,0.9844761904761904
1,0,1.27,18,0.0,0,3.3,0.1,0,0,1,1,1.0
1,0,0.81,13,0.0,1,30.2,5.2,0,0,1,1,1.0
1,1,5.43,21,0.51,0,112.3,13.7,0,0,0,0,0.0415
1,0,5.33,12,0.0,1,48.8,1.5,0,0,1,1,0.9858333333333335
0,0,1.11,19,0.0,0,0.0,0.0,0,0,1,1,1.0
1,0,2.05,0,,0,0.0,0.0,0,1,1,1,1.0
1,1,5.37,22,0.0,3,23.6,1.0,0,0,1,1,0.9625
0,0,0.42,23,0.0,0,0.0,0.0,0,0,1,1,1.0
1,1,6.8,12,0.42,0,103.4,3.2,0,0,0,0,0.021166666666666667
1,0,5.85,12,0.8,0,31.0,3.1,0,0,0,0,0.01
1,0,4.73,20,1.19,0,63.2,3.8,0,0,0,0,0.05749999999999999
1,1,6.14,24,0.93,0,166.8,4.5,0,0,0,0,0.0413095238095238
1,0,2.83,17,,0,15.1,2.6,0,1,1,1,0.9143809523809526
0,0,0.7,18,,0,0.0,0.0,0,1,1,1,1.0
1,0,6.85,33,,0,19.2,2.8,0,1,0,1,0.517126984126984
1,0,0.21,15,,0,0.0,0.0,0,1,1,1,1.0
1,0,9.87,12,1.09,0,46.0,2.4,0,0,0,0,0.05416666666666666
0,0,3.38,24,,0,5.6,0.4,0,1,1,1,0.9945454545454545
1,0,4.35,20,1.57,0,70.6,4.3,0,0,0,0,0.040095238095238094
1,0,3.09,12,0.86,0,107.5,10.1,0,0,0,0,0.0
1,0,1.26,14,0.71,0,22.8,1.7,0,0,0,0,0.040984848484848485
1,1,0.14,11,1.83,0,34.7,3.3,0,0,0,0,0.048499999999999995
1,0,7.43,0,,0,0.0,0.0,0,1,1,1,1.0
1,0,2.9,19,,0,29.8,1.1,0,1,1,1,0.9626111111111111
1,1,8.52,17,0.27,0,69.2,4.1,0,0,0,0,0.07451190476190477
0,0,0.23,0,1.74,0,0.0,0.0,0,0,1,1,0.9690000000000001
1,1,1.77,0,0.0,0,0.0,0.0,2,0,1,1,1.0
1,1,4.93,25,1.34,1,72.1,3.1,0,0,1,0,0.15031349206349207
1,0,2.88,24,,1,2.8,0.4,0,1,1,1,0.9591666666666666
1,0,0.53,12,0.82,1,49.5,9.2,0,0,0,0,0.13342857142857142
1,0,3.52,25,,0,10.6,1.5,0,1,1,1,0.8936666666666665
1,0,8.21,22,0.08,0,55.3,2.6,0,0,0,0,0.0
1,0,2.9,21,0.0,0,1.8,0.2,0,0,1,1,1.0
1,1,0.51,13,1.46,0,22.1,1.8,0,0,1,0,0.2498809523809524
1,0,0.95,10,1.02,0,19.1,4.2,0,0,0,0,0.24566666666666667
1,0,4.27,0,,0,12.4,1.7,4,1,1,1,0.9878571428571428
1,0,2.03,18,0.0,0,20.8,1.6,0,0,1,1,1.0
1,0,0.33,15,1.05,0,0.0,0.0,0,0,1,1,0.99
1,0,1.41,26,0.45,0,75.7,8.6,0,0,0,0,0.21509523809523812
1,0,2.34,13,,0,0.0,0.0,0,1,1,1,1.0
0,0,2.09,28,,0,45.5,1.5,0,1,1,1,0.921
1,0,1.74,21,0.0,1,4.1,0.2,0,0,1,1,1.0
1,1,4.02,0,,0,0.0,0.0,0,1,1,1,0.9933333333333334
1,0,1.79,13,0.0,0,27.9,1.4,0,0,1,1,1.0
0,0,0.04,6,1.93,0,10.4,0.3,0,0,0,0,0.01
0,0,1.59,16,0.0,0,0.0,0.0,0,0,1,1,1.0
1,0,0.76,8,1.21,0,104.4,5.8,0,0,0,0,0.06457142857142857
1,0,2.33,22,,0,8.4,0.7,0,1,1,1,0.9975
1,1,7.39,24,0.89,0,80.8,4.2,0,0,0,0,0.09342857142857143
0,0,2.17,25,0.19,0,166.8,12.6,0,0,0,0,0.029119047619047617
1,0,0.44,12,0.8,0,38.5,0.8,0,0,0,0,0.22517857142857142
1,0,3.6,17,0.0,0,50.5,3.1,0,0,1,1,1.0
1,0,1.99,22,,0,1.4,0.1,0,1,1,1,1.0
1,0,2.13,21,,0,2.6,0.1,0,1,1,1,1.0
1,0,0.98,24,,0,93.5,4.3,0,1,0,1,0.7994880952380953
1,0,1.97,30,0.0,0,82.2,6.3,0,0,1,1,1.0
1,0,3.15,11,0.8,0,47.2,3.1,0,0,0,0,0.118
1,1,0.81,24,1.16,0,47.6,8.9,0,0,0,0,0.07578571428571429
1,0,2.17,19,,1,13.0,2.5,0,1,1,1,0.9536666666666668
1,0,3.07,12,0.87,0,57.5,5.7,0,0,0,0,0.01
1,0,0.17,21,1.8,1,38.5,3.2,0,0,0,0,0.016666666666666666
0,0,0.01,16,0.01,0,0.0,0.0,0,0,1,1,1.0
1,1,1.47,0,0.0,0,0.3,0.1,1,0,1,1,0.9845
1,0,6.23,26,,0,13.8,2.0,0,1,1,1,0.7756785714285713
1,0,4.2,14,0.0,0,6.8,1.2,0,0,1,1,1.0
1,0,6.0,13,,1,80.9,18.6,0,1,1,1,0.6845598845598845
1,0,2.26,27,,0,77.8,4.3,0,1,1,1,0.7986666666666666
0,0,0.56,22,0.0,0,0.0,0.0,0,0,1,1,1.0
1,1,0.13,15,1.84,0,88.4,4.6,0,0,0,0,0.009166666666666667
1,0,2.84,19,,0,0.0,0.0,3,1,1,1,1.0
1,0,5.34,32,,0,58.0,4.0,0,1,0,1,0.7654588744588746
1,1,2.82,20,1.9,0,1.0,0.1,0,0,0,0,0.07166666666666668
1,1,1.49,29,1.67,0,77.2,4.8,0,0,0,0,0.1371904761904762
0,0,2.32,21,,0,8.9,0.7,0,1,1,1,1.0
1,0,2.47,8,,0,3.4,0.4,0,1,1,1,0.8303809523809523
1,0,6.81,21,0.5,2,18.6,3.8,0,0,0,0,0.0175
1,0,3.05,12,0.88,0,24.9,1.3,0,0,0,0,0.00857142857142857
0,0,0.4,22,0.0,0,2.6,0.1,0,0,1,1,1.0
1,1,0.81,21,0.03,0,0.0,0.0,0,0,1,1,1.0
1,1,0.52,17,1.45,1,30.2,1.6,0,0,0,0,0.3781785714285714
1,0,1.83,12,0.76,2,76.7,4.5,0,0,0,0,0.12972222222222224
1,1,0.78,15,1.19,0,22.7,1.9,0,0,0,0,0.0075
0,0,5.56,25,,0,30.7,4.7,0,1,1,1,0.9015238095238095
1,1,2.79,23,0.0,0,2.2,0.1,0,0,1,1,1.0
1,0,7.6,12,1.05,0,34.2,2.5,0,0,0,0,0.0
1,1,2.82,147,0.35,1,201.0,17.8,0,0,0,0,0.12214285714285715
1,0,2.68,25,,0,84.5,4.2,0,1,1,1,0.8184761904761905
1,0,3.42,11,,0,15.8,2.0,0,1,1,1,0.958
1,0,0.01,1,0.0,0,2.5,0.1,0,0,1,1,1.0
1,0,2.08,15,,0,44.5,4.8,0,1,0,1,0.5419289321789322
0,0,2.22,24,,0,9.3,1.4,0,1,1,1,0.995
1,1,4.31,16,1.59,0,115.9,8.7,0,0,0,0,0.07761904761904762
1,0,2.25,0,,1,8.3,0.8,6,1,1,1,0.9966666666666667
1,0,5.68,21,0.0,0,22.5,1.4,0,0,1,1,1.0
1,1,3.4,17,0.0,2,13.1,0.5,0,0,1,1,1.0
1,0,3.51,22,0.42,0,45.8,2.8,0,0,1,0,0.23302380952380955
1,0,2.92,23,,0,11.6,1.3,0,1,1,1,1.0
1,0,1.98,18,,0,72.4,7.1,0,1,1,1,0.9458333333333333
1,0,0.21,18,1.76,0,27.4,2.9,0,0,0,0,0.0
1,0,1.22,14,0.75,0,40.8,1.6,0,0,0,0,0.0675
1,0,2.14,21,,0,4.3,0.5,0,1,1,1,1.0
0,0,2.34,21,,0,0.8,0.1,0,1,1,1,1.0
0,0,2.27,16,0.0,2,21.2,0.9,0,0,1,1,0.9890000000000001
0,0,1.98,26,,0,18.5,2.4,0,1,1,1,0.9892857142857143
0,0,0.14,25,1.83,0,21.1,1.7,0,0,0,0,0.014333333333333333
1,1,3.38,21,0.53,0,126.6,5.5,0,0,0,0,0.034583333333333334
1,0,1.59,22,1.74,0,75.0,5.7,0,0,0,0,0.03883333333333333
1,1,2.36,11,1.57,0,52.4,4.1,0,0,0,0,0.06719047619047619
1,1,0.0,0,1.97,0,,,0,0,0,0,0.0
1,1,2.2,16,1.73,0,40.1,2.3,0,0,0,0,0.021285714285714286
1,0,4.53,24,,0,8.8,0.4,0,1,1,1,0.9619166666666666
1,0,1.76,29,0.0,0,5.7,0.5,0,0,1,1,1.0
1,1,3.05,13,1.12,0,18.3,1.8,0,0,1,0,0.22371428571428573
1,0,2.9,22,,0,45.9,10.6,0,1,1,1,0.8315833333333335
1,1,0.05,4,1.93,0,32.4,1.9,0,0,0,0,0.026428571428571426
0,0,1.72,13,1.8,0,0.0,0.0,0,0,1,1,0.998
1,0,0.95,20,1.02,0,16.5,0.9,0,0,0,0,0.02166666666666667
1,0,0.59,16,1.38,0,117.9,7.1,0,0,0,0,0.24032539682539675
1,0,0.57,19,,0,0.5,0.0,0,1,1,1,0.9633333333333333
1,0,2.84,28,1.08,2,47.9,8.9,0,0,0,0,0.13699999999999998
1,0,0.99,13,0.0,0,42.0,7.6,0,0,1,1,1.0
1,0,1.04,12,0.97,0,44.1,3.1,0,0,0,0,0.2923690476190476
1,0,5.22,25,0.38,0,36.8,3.3,0,0,0,0,0.02926190476190476
1,0,1.31,14,0.01,0,32.9,1.1,0,0,0,0,0.27376190476190476
1,1,7.49,25,0.09,0,32.9,2.1,0,0,0,0,0.057845238095238095
1,0,1.92,22,0.02,0,24.3,2.0,0,0,0,0,0.0245
1,0,2.55,23,,1,6.0,1.9,0,1,1,1,1.0
1,1,0.97,21,0.95,1,49.4,3.5,0,0,1,0,0.22147619047619047
0,0,2.84,0,,0,0.0,0.0,0,1,1,1,1.0
1,1,0.93,30,1.05,0,57.1,14.2,0,0,0,0,0.19
1,0,2.74,22,1.21,0,43.4,1.2,0,0,0,0,0.07786904761904763
1,0,1.02,22,0.95,0,144.2,7.9,0,0,0,0,0.010833333333333332
1,0,0.98,26,0.0,1,26.5,1.0,0,0,1,1,1.0
0,0,2.26,13,,0,0.0,0.0,0,1,1,1,1.0
1,1,1.81,23,0.0,0,0.0,0.0,0,0,1,1,1.0
1,0,7.03,16,0.51,0,17.5,2.3,0,0,0,0,0.13530952380952382
1,1,5.88,12,0.18,1,25.2,2.9,0,0,1,0,0.03857142857142857
1,0,0.71,6,0.38,0,88.5,4.2,0,0,0,0,0.2898690476190476
1,1,3.4,0,,0,33.3,2.4,0,1,1,1,0.7560277777777777
1,1,0.64,15,1.34,2,39.4,2.3,0,0,0,0,0.01375
1,1,0.47,12,0.0,0,88.5,3.6,0,0,1,1,1.0
1,1,1.94,22,1.97,0,46.6,1.9,0,0,0,0,0.07333333333333333
0,0,0.65,18,0.0,0,3.2,0.3,0,0,1,1,1.0
1,1,4.11,18,1.79,0,13.5,1.2,0,0,0,0,0.0
0,0,1.99,40,,0,11.0,1.4,0,1,1,1,0.9228946608946608
1,1,2.58,22,0.0,0,35.3,2.8,0,0,1,1,0.9895
1,0,3.09,12,0.85,0,74.7,5.4,0,0,0,0,0.0025
1,0,1.77,0,0.01,0,0.0,0.0,5,0,1,1,1.0
1,1,4.65,12,0.58,1,119.2,15.6,0,0,1,0,0.0195
0,0,1.05,19,0.0,0,0.0,0.0,0,0,1,1,1.0
0,0,1.59,17,0.0,0,0.0,0.0,0,0,1,1,1.0
1,0,0.07,11,1.91,0,47.3,2.3,0,0,0,0,0.04583333333333334
1,0,1.42,8,1.21,0,4.0,1.5,0,0,0,0,0.21697619047619046
0,0,0.79,25,0.18,0,27.8,1.5,0,0,0,0,0.0695
1,1,2.5,21,,0,25.4,1.2,0,1,1,1,0.9854166666666667
1,0,1.04,20,0.93,0,30.5,3.3,0,0,0,0,0.17163095238095238
0,0,0.26,18,,1,20.3,2.7,0,1,1,1,0.9770238095238096
1,1,2.01,16,1.97,0,42.4,1.5,0,0,0,0,0.10245238095238098
1,0,2.85,13,0.0,1,112.6,8.9,0,0,1,1,0.99
1,0,1.62,21,0.0,0,60.2,3.5,0,0,1,1,1.0
1,0,2.21,21,0.36,0,131.9,6.4,0,0,0,0,0.027833333333333335
0,0,2.19,36,1.08,0,86.5,7.3,0,0,1,0,0.47026190476190477
1,1,6.82,10,1.14,0,44.7,4.4,0,0,0,0,0.0075
0,0,3.67,159,,0,241.3,48.0,0,1,1,1,0.5117521645021644
1,0,6.71,19,0.21,0,18.7,0.8,0,0,1,0,0.21739682539682537
1,0,0.44,9,0.0,0,9.5,0.4,0,0,1,1,1.0
1,1,2.44,13,1.71,0,97.8,8.6,0,0,0,0,0.0807142857142857
1,0,6.3,21,0.23,2,47.3,3.7,0,0,0,0,0.01
1,1,1.97,20,1.95,0,98.6,7.1,0,0,0,0,0.07945238095238094
1,1,6.41,26,0.0,0,100.9,4.4,0,0,1,1,0.871617216117216
1,0,0.33,30,,0,42.0,2.3,0,1,0,1,0.7117738095238094
1,1,0.96,22,1.01,1,97.5,8.0,0,0,0,0,0.06668253968253969
0,0,0.35,25,,0,47.3,3.4,0,1,1,1,0.8636666666666666
1,0,0.93,25,0.0,0,10.7,0.9,0,0,1,1,0.9803571428571428
1,0,1.82,21,0.09,0,314.6,7.7,0,0,0,0,0.07529761904761906
1,1,1.28,22,0.69,0,52.7,7.1,0,0,0,0,0.1587142857142857
0,0,3.33,13,,0,0.0,0.0,0,1,1,1,1.0
0,0,2.47,72,,1,137.9,16.5,0,1,1,1,0.9433333333333332
1,1,1.02,16,1.7,0,33.8,3.0,0,0,0,0,0.12128571428571427
1,0,5.59,20,0.0,0,23.0,1.9,0,0,1,1,0.9508333333333334
1,0,2.43,14,,0,7.7,0.6,0,1,1,1,0.9637142857142856
0,0,2.02,21,,2,0.0,0.0,0,1,1,1,1.0
1,0,0.95,14,0.0,0,68.6,3.5,0,0,1,1,1.0
0,0,1.07,48,0.0,0,0.0,0.0,0,0,1,1,1.0
1,1,1.8,12,0.1,0,125.1,15.0,0,0,0,0,0.0667857142857143
1,0,1.06,15,1.49,0,16.2,3.2,0,0,1,0,0.3439523809523809
1,0,1.62,12,0.31,0,24.3,2.2,0,0,0,1,0.5900753968253968
1,1,6.22,10,0.0,0,29.6,1.7,0,0,1,1,0.9723333333333334
1,1,5.11,22,1.04,0,30.6,1.7,0,0,0,0,0.11006349206349206
1,0,7.45,8,1.2,0,201.0,10.5,0,0,0,0,0.10853571428571429
1,0,1.47,20,0.0,0,59.2,3.0,0,0,1,1,1.0
1,1,2.96,24,0.56,0,70.9,7.0,0,0,0,0,0.08333333333333331
1,1,0.94,32,1.03,0,28.6,2.2,0,0,0,0,0.1210238095238095
0,0,0.47,8,1.51,0,0.0,0.0,0,0,1,1,1.0
1,0,1.0,14,0.97,0,43.1,4.9,0,0,0,0,0.005
0,0,2.59,0,,0,0.0,0.0,0,1,1,1,1.0
0,0,1.62,71,0.0,0,0.0,0.0,0,0,1,1,1.0
1,0,1.97,24,,0,24.4,5.3,0,1,1,1,0.8941666666666667
1,0,2.99,28,2.5,0,245.8,32.7,0,0,0,0,0.05969047619047619
0,0,4.9,22,,0,100.0,102.0,0,1,1,1,0.6446071428571427
0,0,1.83,11,,0,0.0,0.0,0,1,1,1,1.0
1,1,11.92,24,,0,0.1,0.0,0,1,0,1,0.6830714285714287
0,0,0.91,23,0.0,0,0.0,0.0,0,0,1,1,1.0
0,0,0.1,34,1.87,0,54.5,7.4,0,0,0,0,0.018095238095238095
1,1,0.13,14,1.85,0,106.1,3.4,0,0,0,0,0.037083333333333336
1,0,0.42,10,1.8,0,43.9,7.5,0,0,0,0,0.12669047619047621
1,0,8.18,24,,0,24.3,5.6,0,1,1,0,0.4774603174603175
1,1,0.65,15,1.33,1,82.7,9.1,0,0,0,0,0.01
1,0,0.0,0,0.0,0,0.0,0.0,0,0,1,1,1.0
1,0,3.22,22,0.72,0,38.4,1.9,0,0,0,0,0.045166666666666674
1,0,3.05,12,0.88,0,61.2,8.0,0,0,0,0,0.003333333333333333
1,1,0.02,0,0.54,0,,,0,0,0,0,0.033666666666666664
1,0,0.83,0,,0,13.1,2.4,0,1,1,1,0.9165833333333334
1,0,2.11,8,0.57,1,23.6,2.0,0,0,0,0,0.4678095238095238
1,1,0.44,11,0.0,0,0.0,0.0,0,0,1,1,1.0
1,1,2.55,15,1.36,0,82.3,4.4,0,0,0,0,0.0025
1,0,1.88,14,0.08,0,36.3,12.2,0,0,0,0,0.11076190476190478
1,0,3.97,40,,0,27.8,1.3,2,1,1,1,0.7205079365079365
1,1,5.27,0,,0,0.0,0.0,1,1,1,1,0.9966666666666666
0,0,0.62,21,2.07,0,0.0,0.0,0,0,1,1,0.9735555555555555
1,1,0.49,20,1.52,1,62.7,2.2,0,0,0,0,0.14785714285714285
1,0,4.41,10,,0,2.0,0.1,2,1,1,1,0.9916666666666666
1,1,2.95,23,,1,13.8,0.9,0,1,1,1,0.99
1,1,5.8,15,1.24,0,81.8,14.6,0,0,0,0,0.02272222222222222
1,0,2.54,39,,0,44.1,6.7,0,1,1,1,0.8422619047619047
1,0,2.36,24,,0,13.9,1.3,0,1,1,1,0.9804999999999999
1,0,0.72,22,0.0,0,3.4,0.2,0,0,1,1,1.0
1,0,2.64,20,1.3,0,38.3,2.5,0,0,0,0,0.1026904761904762
1,0,5.15,16,,0,18.6,1.3,0,1,1,1,0.9326666666666666
1,1,0.88,10,1.21,0,210.3,8.6,0,0,0,0,0.10166666666666666
1,0,1.76,21,0.18,0,100.4,9.8,0,0,0,0,0.033
1,0,1.97,19,1.95,0,51.2,3.3,0,0,0,0,0.14267857142857143
0,0,0.15,27,1.82,0,35.5,4.9,0,0,0,0,0.013333333333333332
1,0,2.9,12,1.02,0,93.8,17.6,0,0,0,0,0.0175
0,0,2.83,21,,0,0.0,0.0,0,1,1,1,1.0
1,1,6.74,0,,0,0.0,0.0,0,1,1,1,1.0
1,0,1.97,29,0.0,0,20.4,1.0,0,0,1,1,1.0
1,1,4.74,16,1.16,1,161.9,9.3,0,0,1,0,0.36650000000000005
1,0,0.34,18,1.63,0,20.2,0.7,0,0,0,0,0.045639194139194136
1,0,2.06,14,,0,10.7,1.0,0,1,0,1,0.9436666666666667
0,0,2.74,13,,0,0.0,0.0,0,1,1,1,1.0
1,1,3.42,7,0.45,0,18.8,1.8,0,0,0,0,0.402234126984127
1,1,2.68,21,0.0,0,3.4,0.2,0,0,1,1,1.0
1,0,3.71,24,,0,0.0,0.0,0,1,1,1,1.0
1,0,0.15,6,1.37,0,36.0,1.6,0,0,0,0,0.13846031746031748
1,1,3.4,15,0.51,0,34.3,1.1,0,0,1,0,0.3602619047619048
1,1,2.69,21,1.5,0,0.2,0.0,0,0,0,0,0.15966666666666665
1,0,0.95,20,1.02,0,83.5,3.6,0,0,0,0,0.026333333333333334
1,0,1.22,25,,1,81.1,23.4,0,1,1,1,0.883515873015873
1,0,3.01,12,,0,0.0,0.0,0,1,1,1,1.0
1,0,1.12,20,0.85,0,9.1,0.8,0,0,0,0,0.04833333333333333
1,1,1.06,20,0.92,0,117.2,5.6,0,0,0,0,0.13746428571428568
1,0,0.25,26,0.0,2,103.1,8.4,0,0,1,1,1.0
1,0,1.73,73,,0,46.3,5.0,0,1,0,1,0.7871904761904764
1,1,1.0,24,,0,3.1,0.3,0,1,1,1,0.993
1,1,2.0,17,1.92,0,64.3,3.8,0,0,0,0,0.0075
1,0,1.08,20,0.9,0,96.3,3.3,0,0,0,0,0.02385714285714285
1,1,6.83,25,0.38,0,100.7,8.1,0,0,0,0,0.04833333333333334
1,0,4.42,0,,0,0.0,0.0,0,1,1,1,1.0
0,0,2.12,0,,0,0.0,0.0,3,1,1,1,1.0
1,0,1.55,0,,0,0.0,0.0,0,1,1,1,1.0
1,1,0.32,15,1.65,0,25.4,5.3,0,0,0,0,0.05066666666666667
1,0,4.62,32,,0,38.3,1.2,0,1,1,1,0.8363412698412698
1,0,5.31,21,0.18,0,67.5,9.0,0,0,0,0,0.002
1,1,0.88,15,1.09,0,103.0,7.8,0,0,1,0,0.03635714285714286
1,1,0.55,15,1.43,0,6.4,0.2,0,0,0,0,0.1724523809523809
1,0,0.31,14,1.95,0,33.1,1.6,0,0,0,0,0.03102380952380952
0,0,0.42,12,,0,2.4,0.1,0,1,1,1,0.995
1,0,2.82,0,,0,5.0,0.7,3,1,1,1,0.9812857142857143
0,0,0.17,32,1.81,0,72.1,3.1,0,0,0,0,0.030833333333333334
1,0,9.21,19,1.53,0,30.5,2.4,0,0,1,0,0.3041547619047619
1,1,5.3,50,0.29,0,96.4,4.9,0,0,0,0,0.14416666666666667
1,0,1.26,30,0.71,0,97.3,7.5,0,0,0,0,0.03642857142857143
1,0,1.88,14,0.09,0,53.2,4.2,0,0,0,0,0.013999999999999999
1,0,2.8,0,,1,2.4,0.3,2,1,1,1,1.0
0,0,2.45,0,,0,0.0,0.0,0,1,1,1,1.0
1,1,2.75,15,1.17,0,44.3,2.1,0,0,0,0,0.08615476190476193
1,1,5.66,30,1.32,0,60.7,3.9,0,0,0,0,0.045
1,0,0.27,31,0.0,0,31.4,2.0,0,0,1,1,0.9786666666666668
1,0,1.52,19,1.91,1,33.5,2.0,0,0,0,0,0.013166666666666667
0,0,2.46,23,,2,10.3,0.6,0,1,1,1,1.0
1,0,3.25,20,0.69,0,46.8,2.6,0,0,0,0,0.03983333333333333
1,1,0.46,11,1.91,0,14.0,0.8,0,0,0,0,0.18505952380952378
1,1,0.87,19,1.11,3,58.5,5.6,0,0,0,0,0.2205
1,1,2.03,19,1.9,0,73.8,4.7,0,0,0,0,0.04783333333333333
1,0,0.68,26,0.0,0,11.5,0.9,0,0,1,1,1.0
1,1,2.12,0,,0,0.0,0.0,3,1,1,1,1.0
1,0,1.04,22,0.93,0,35.8,1.4,0,0,0,0,0.04267857142857143
1,0,0.38,18,0.02,0,0.0,0.0,0,0,1,1,1.0
1,0,1.77,13,0.19,0,23.9,0.7,0,0,0,0,0.06135714285714286
1,0,6.97,12,1.05,5,85.7,5.7,0,0,0,0,0.04347619047619048
1,1,2.21,110,,0,341.8,19.2,0,1,0,1,0.5495595238095238
1,0,3.14,30,0.89,0,127.2,8.1,0,0,0,0,0.10083333333333334
1,0,1.41,6,0.57,1,23.0,1.2,0,0,0,0,0.17383333333333334
1,1,2.04,21,,2,13.5,0.7,0,1,1,1,0.9705357142857143
1,0,1.06,22,0.0,0,0.0,0.0,0,0,1,1,1.0
1,0,2.2,24,,0,22.0,1.5,0,1,1,1,0.9641666666666667
1,0,3.03,12,0.91,0,58.8,4.7,0,0,0,0,0.0
1,1,4.07,8,,0,10.2,1.4,3,1,1,1,0.8513333333333333
0,0,1.61,22,0.0,1,0.0,0.0,0,0,1,1,1.0
1,0,2.34,22,,0,9.4,0.6,0,1,1,1,0.968
1,0,1.94,22,0.0,0,7.6,0.7,0,0,1,1,1.0
1,0,1.43,54,0.59,0,206.3,20.5,0,0,0,0,0.2645
1,0,1.24,22,0.74,0,58.1,6.0,0,0,0,0,0.01
1,0,0.22,15,1.75,0,9.8,1.0,0,0,0,0,0.03826190476190476
1,1,5.42,15,1.49,0,52.6,1.8,1,0,0,0,0.024428571428571424
1,1,6.13,2,0.0,1,0.6,0.0,0,0,1,1,0.9206746031746031
1,1,1.32,12,0.0,1,0.0,0.0,0,0,1,1,1.0
0,0,3.26,22,0.0,0,23.2,1.2,0,0,1,1,1.0
1,0,3.05,12,0.88,0,10.2,3.9,0,0,0,0,0.016666666666666666
0,0,0.15,29,,0,52.2,4.1,0,1,1,1,0.5355238095238096
1,1,1.58,37,0.38,0,41.1,3.5,0,0,0,0,0.15056565656565657
0,0,2.24,22,,0,9.0,0.8,0,1,1,1,1.0
1,1,0.61,15,1.36,0,63.8,2.9,0,0,0,0,0.0
0,0,1.99,18,,1,3.3,0.2,0,1,1,1,0.955
1,0,1.61,13,0.0,0,42.7,3.6,0,0,1,1,1.0
0,0,1.62,20,0.0,0,0.0,0.0,0,0,1,1,1.0
0,0,1.88,25,0.28,0,7.3,0.8,0,0,0,0,0.07529761904761904
1,1,1.57,12,0.0,0,62.6,16.0,0,0,1,1,1.0
1,0,0.49,8,0.0,0,5.1,0.3,0,0,1,1,1.0
1,0,0.88,18,0.57,0,82.7,3.6,0,0,1,0,0.27479761904761907
1,0,0.35,22,1.63,0,15.9,3.1,0,0,0,0,0.05916666666666667
0,0,4.58,24,,0,6.6,0.4,0,1,1,1,0.9326547619047618
1,0,1.99,10,,2,66.5,1.9,0,1,1,1,0.8224761904761907
0,0,0.12,21,1.85,0,60.3,7.8,0,0,0,0,0.01958333333333333
1,0,1.18,14,0.79,0,68.3,7.8,0,0,0,0,0.02238095238095238
1,0,3.14,20,0.0,1,68.5,6.0,0,0,1,1,0.99
1,0,0.28,14,1.22,0,62.9,2.5,0,0,0,0,0.10116666666666667
1,1,0.56,15,1.41,0,35.2,3.3,0,0,0,0,0.006666666666666666
1,1,2.59,10,1.25,3,38.7,8.0,0,0,0,0,0.05371428571428571
0,0,1.57,22,0.0,0,0.0,0.0,0,0,1,1,1.0
1,1,0.12,9,1.86,0,16.9,0.8,0,0,0,0,0.015
1,0,2.94,33,,0,20.5,7.8,0,1,1,1,0.8237380952380953
0,0,8.58,21,,2,9.4,1.7,0,1,0,1,0.9559761904761903
0,0,1.63,11,,0,0.0,0.0,0,1,1,1,1.0
1,1,4.64,25,0.04,0,14.1,6.9,0,0,0,0,0.08191666666666667
1,1,0.96,19,1.01,4,229.1,11.2,0,0,0,0,0.29914285714285715
1,0,4.42,20,,0,13.3,2.2,0,1,1,1,0.9318333333333334
1,1,4.17,19,1.78,0,148.8,11.0,0,0,0,0,0.053380952380952376
1,0,0.03,0,,0,10.2,0.4,0,1,1,1,0.9253492063492063
1,0,1.48,21,0.5,0,53.1,2.0,0,0,0,0,0.0215
1,0,0.64,8,1.34,0,4.9,1.9,0,0,0,0,0.07133333333333333
1,1,0.76,0,1.21,0,19.6,1.2,0,0,1,1,0.892
1,0,0.52,10,0.0,0,44.7,1.9,0,0,1,1,1.0
1,0,0.69,30,,0,10.4,0.4,0,1,1,1,0.9332380952380952
1,0,1.88,14,0.06,0,55.8,1.4,0,0,0,0,0.10607936507936508
0,0,2.98,19,,0,0.0,0.0,0,1,1,1,1.0
0,0,0.01,1,0.0,0,0.0,0.0,0,0,1,1,1.0
1,1,0.78,15,1.2,0,94.8,3.6,0,0,0,0,0.0
1,0,0.04,18,0.0,0,0.4,0.0,0,0,1,1,1.0
1,0,4.27,24,,0,12.9,0.8,0,1,1,1,0.9131984126984126
1,0,7.63,65,,2,141.6,5.6,0,1,0,0,0.39506349206349206
1,1,0.27,22,1.06,0,27.3,4.1,0,0,0,0,0.1705
1,1,7.08,12,0.44,1,48.7,1.6,0,0,0,0,0.03
1,0,1.88,22,0.09,0,122.6,7.2,0,0,0,0,0.09354761904761905
1,1,4.88,21,0.23,0,32.2,2.6,0,0,0,0,0.0
0,0,0.42,19,1.55,0,0.0,0.0,0,0,1,1,0.9796666666666667
1,1,5.1,24,,0,31.5,3.7,0,1,1,1,0.7108452380952381
1,0,0.97,21,0.0,1,56.5,2.6,0,0,1,1,1.0
1,1,3.86,18,1.79,0,57.2,5.8,0,0,0,0,0.009166666666666667
1,1,1.22,24,0.75,0,72.3,7.3,0,0,0,0,0.05372222222222222
0,0,0.01,3,0.01,0,0.0,0.0,0,0,1,1,1.0
0,0,2.58,0,1.4,0,0.0,0.0,5,0,1,1,1.0
1,0,1.5,13,0.44,1,49.1,4.1,0,0,0,0,0.032
1,1,2.6,24,0.96,0,16.1,0.8,0,0,0,0,0.07916666666666666
1,0,0.97,21,0.0,0,0.1,0.0,0,0,1,1,1.0
1,0,2.16,12,0.99,0,76.5,7.6,0,0,0,0,0.06370634920634921
1,1,7.7,17,1.7,0,210.4,10.7,0,0,0,0,0.06833333333333333
0,0,2.83,56,,1,0.0,0.0,0,1,1,1,1.0
1,0,6.67,12,0.98,0,67.9,3.1,0,0,0,0,0.0225
0,0,0.41,23,,0,0.0,0.0,0,1,1,1,1.0
1,0,0.07,9,1.9,0,7.2,0.4,0,0,0,0,0.021333333333333333
1,1,1.05,24,0.92,0,156.1,9.5,0,0,0,0,0.033452380952380956
1,1,2.01,18,,0,64.7,8.3,0,1,1,1,0.7440555555555554
1,0,0.93,14,1.05,0,53.6,18.1,0,0,0,0,0.032499999999999994
1,0,0.94,10,0.0,0,21.6,2.4,0,0,1,1,0.99
1,0,1.56,23,0.0,1,0.2,0.0,0,0,1,1,1.0
1,0,1.5,13,0.42,0,80.2,6.3,0,0,0,0,0.002857142857142857
1,0,2.43,19,1.53,0,13.9,1.5,0,0,0,0,0.4418412698412698
1,0,0.16,39,0.83,0,168.1,9.3,0,0,0,0,0.025666666666666664
1,0,0.55,35,0.0,0,0.0,0.0,0,0,1,1,1.0
1,1,5.2,18,1.79,0,6.3,0.9,0,0,0,0,0.0305
1,0,0.64,35,,0,14.0,0.9,0,1,1,1,0.7985833333333335
0,0,0.47,118,,1,0.0,0.0,0,1,1,1,0.9791666666666667
1,0,1.7,13,0.22,0,38.2,2.1,0,0,0,0,0.02428571428571429
1,0,0.59,13,0.0,0,9.7,0.3,0,0,1,1,1.0
0,0,0.9,21,0.0,2,0.0,0.0,0,0,1,1,1.0
1,0,2.5,22,0.0,2,35.8,1.3,0,0,1,1,1.0
1,0,4.28,14,,0,38.7,2.2,0,1,1,1,0.8302857142857143
1,0,3.75,21,0.0,0,15.8,0.9,0,0,1,1,1.0
1,1,2.91,24,1.01,0,87.9,5.4,0,0,0,0,0.098
0,0,2.86,0,,0,0.0,0.0,5,1,1,1,1.0
1,1,3.59,5,,0,16.6,1.1,0,1,1,1,0.7161785714285714
1,0,2.7,41,,0,10.9,1.2,0,1,0,1,0.7121547619047619
1,1,0.58,21,0.39,0,26.9,2.4,0,0,0,0,0.12616666666666668
1,1,2.17,21,,0,0.0,0.0,0,1,1,1,1.0
1,0,1.01,30,0.0,0,50.8,5.1,0,0,1,1,1.0
1,0,0.13,0,0.0,0,31.9,2.0,0,0,1,1,1.0
1,0,0.94,14,1.04,0,42.4,2.5,0,0,0,0,0.0
1,0,2.94,12,0.98,0,67.6,3.7,0,0,0,0,0.015
1,1,1.98,30,,7,58.9,3.1,0,1,1,1,0.9503333333333331
1,0,5.32,15,0.0,0,57.6,3.0,0,0,1,1,0.995
1,0,1.04,14,0.93,0,11.2,0.4,0,0,0,0,0.14780158730158732
1,0,0.6,23,,0,23.0,1.9,0,1,1,1,0.9649523809523808
0,0,0.92,15,0.0,5,2.4,0.4,0,0,1,1,1.0
1,1,5.78,22,0.09,0,58.7,2.9,0,0,0,0,0.0
1,0,2.59,19,,0,2.3,0.2,0,1,1,1,0.9384999999999999
1,1,2.27,14,1.68,0,136.3,7.6,0,0,0,0,0.1101309523809524
1,1,2.64,22,1.3,0,75.2,3.3,0,0,0,0,0.10433333333333333
0,0,1.0,22,0.0,0,0.0,0.0,0,0,1,1,1.0
1,1,0.44,20,0.24,0,66.6,3.5,0,0,0,0,0.05661111111111111
1,0,0.45,18,0.0,1,2.3,0.4,0,0,1,1,0.9985714285714287
1,0,4.53,20,,1,28.7,1.2,0,1,1,1,0.998
1,1,3.03,0,0.89,0,83.7,8.2,0,0,1,1,0.9135952380952381
1,0,0.08,0,0.0,0,0.0,0.0,0,0,1,1,1.0
1,1,3.11,40,0.83,2,226.6,10.8,0,0,0,0,0.055
0,0,2.07,24,,0,11.7,0.7,0,1,1,1,1.0
1,1,2.01,0,,0,0.0,0.0,4,1,1,1,1.0
0,0,0.52,21,,0,0.0,0.0,0,1,1,1,1.0
1,0,0.84,24,0.0,0,21.6,2.4,0,0,1,1,1.0
1,0,0.13,21,,0,15.5,0.6,0,1,1,1,0.8372777777777778
1,0,1.95,22,0.0,0,37.2,2.0,0,0,1,1,0.9515
1,0,1.1,20,0.88,0,24.3,1.7,0,0,0,0,0.08305555555555555
1,0,1.99,22,,0,5.4,0.4,0,1,1,1,1.0
1,0,0.82,16,0.0,0,43.5,1.3,0,0,1,1,1.0
1,0,1.13,14,0.84,0,21.3,2.4,0,0,0,0,0.0
0,0,1.28,61,,0,0.0,0.0,0,1,1,1,1.0
1,1,1.08,28,1.14,0,89.9,5.0,0,0,0,0,0.02333333333333333
1,0,1.62,30,0.0,0,41.7,1.5,0,0,1,1,1.0
1,0,7.4,25,0.16,0,47.5,1.8,0,0,0,0,0.03083333333333333
1,0,4.77,21,,0,27.8,0.8,0,1,1,1,0.9667460317460315
0,0,0.76,19,0.0,0,0.0,0.0,0,0,1,1,1.0
1,0,0.26,0,1.96,0,23.3,1.2,0,0,0,0,0.1779285714285714
0,0,11.93,24,,0,,,0,1,0,0,0.005
1,0,0.47,18,0.0,0,41.1,5.0,0,0,1,1,1.0
1,0,1.67,7,0.3,0,50.8,1.7,0,0,1,0,0.37848015873015883
1,1,1.73,16,0.19,0,120.6,11.4,0,0,0,0,0.10892857142857146
1,0,1.65,47,0.0,0,183.3,10.1,0,0,1,1,1.0
0,0,2.93,13,,0,2.4,0.5,0,1,1,1,0.9781428571428572
1,0,0.63,10,1.34,0,28.6,2.9,0,0,1,0,0.2774365079365079
1,0,6.97,12,1.04,0,33.4,2.3,0,0,0,0,0.004285714285714285
1,0,3.93,21,0.21,0,12.5,1.0,0,0,0,0,0.033888888888888885
1,1,9.94,22,0.9,0,13.2,1.9,0,0,1,0,0.08146825396825397
0,0,1.71,37,0.0,0,778.5,58.9,0,0,1,1,0.9358333333333334
0,0,0.22,15,0.0,0,63.7,5.3,0,0,1,1,0.995
1,1,2.26,27,,0,72.6,3.8,0,1,0,1,0.7423571428571428
1,1,2.4,0,,0,0.0,0.0,5,1,1,1,1.0
0,0,6.07,24,0.0,0,6.9,0.6,0,0,1,1,0.9433333333333332
1,0,0.73,14,1.24,0,26.3,4.0,0,0,0,0,0.035
0,0,2.2,0,,0,0.0,0.0,0,1,1,1,1.0
1,0,0.02,0,1.95,0,,,0,0,0,0,0.0
1,1,2.09,13,1.83,0,136.9,15.1,0,0,0,0,0.0635
1,0,0.01,7,0.0,0,0.0,0.0,0,0,1,1,1.0
1,0,0.96,14,1.01,0,52.7,4.3,0,0,0,0,0.01583333333333333
1,1,2.39,27,,0,44.9,11.5,0,1,1,1,0.7987738095238096
1,0,0.17,28,,5,41.9,1.4,0,1,1,1,0.846452380952381
0,0,2.3,24,,0,11.4,1.6,0,1,1,1,0.9796666666666667
1,0,9.4,20,1.13,0,77.4,3.3,0,0,0,0,0.14022619047619048
0,0,0.74,0,1.24,1,0.3,0.0,7,0,1,1,0.8170595238095237
1,1,7.73,15,1.17,0,89.2,6.9,0,0,0,0,0.02033333333333333
1,0,2.68,22,1.26,0,75.9,5.7,0,0,0,0,0.025555555555555554
1,0,2.4,16,,0,107.0,7.7,0,1,1,0,0.49048881673881667
1,0,2.02,21,,0,1.5,0.1,0,1,1,1,1.0
0,0,2.92,40,,0,96.9,36.7,0,1,1,1,0.8059047619047619
1,0,0.75,22,0.0,1,3.9,0.5,0,0,1,1,1.0
1,0,2.39,16,1.57,0,62.5,2.4,0,0,0,0,0.2715833333333333
1,1,1.1,10,0.0,0,100.6,5.4,0,0,1,1,0.9966666666666667
0,0,1.98,0,,0,23.1,1.2,4,1,1,1,0.9740000000000001
0,0,0.85,21,0.0,0,0.0,0.0,0,0,1,1,1.0
0,0,0.99,0,0.0,0,0.0,0.0,3,0,1,1,1.0
1,0,2.47,13,0.0,0,4.3,0.2,0,0,1,1,0.9925
1,1,1.47,39,0.75,0,25.1,1.9,0,0,0,0,0.3059047619047619
1,0,1.98,22,,0,99.6,13.5,0,1,1,1,0.9840000000000001
1,0,0.95,14,1.02,0,13.8,0.5,0,0,0,0,0.06812121212121211
1,0,2.18,22,0.0,0,87.0,54.7,0,0,1,1,0.9793333333333334
1,0,1.45,22,0.0,0,0.5,0.0,0,0,1,1,1.0
0,0,2.9,21,,1,0.0,0.0,0,1,1,1,1.0
1,0,3.0,12,0.93,0,26.1,1.8,0,0,0,0,0.0225
1,0,1.65,13,0.32,0,63.5,2.3,0,0,0,0,0.0175
0,0,2.41,22,,1,0.0,0.0,0,1,1,1,1.0
1,0,3.13,12,0.82,0,72.2,3.6,0,0,0,0,0.004
1,1,0.64,46,1.89,0,485.9,70.2,0,0,0,0,0.13477380952380952
1,1,6.47,21,0.41,0,,,0,0,0,0,0.016666666666666666
0,0,0.73,0,,0,0.0,0.0,2,1,1,1,1.0
0,0,0.96,17,0.0,0,0.0,0.0,0,0,1,1,1.0
1,1,0.91,38,0.56,0,253.6,26.3,0,0,1,0,0.06509523809523808
1,1,0.83,15,1.14,0,29.7,3.2,0,0,0,0,0.041333333333333326
1,1,6.45,22,0.98,0,94.4,14.8,0,0,0,0,0.04642857142857142
1,1,2.9,0,,0,0.0,0.0,1,1,1,1,1.0
1,0,6.35,20,0.88,0,52.3,4.9,0,0,0,0,0.0225
1,1,2.91,30,0.56,0,76.1,9.0,0,0,0,0,0.09101587301587301
1,0,0.7,20,1.28,0,31.9,2.5,0,0,0,0,0.21333730158730155
1,1,0.53,9,0.0,1,78.2,7.9,0,0,1,1,0.99
1,0,1.71,29,0.0,0,32.2,5.3,0,0,1,1,1.0
1,1,4.72,20,1.52,0,121.5,9.8,0,0,0,0,0.10983333333333334
1,0,1.18,19,0.0,1,37.1,1.3,0,0,1,1,1.0
1,1,8.44,15,1.15,0,57.2,4.0,0,0,0,0,0.04083333333333334
1,0,6.75,12,,0,0.8,0.0,2,1,1,1,0.6916309523809524
1,0,1.48,21,0.44,0,57.1,3.1,0,0,0,0,0.04833333333333333
0,0,0.2,19,,0,29.8,1.3,0,1,1,1,0.9407142857142858
1,0,1.96,13,0.0,0,23.5,2.8,0,0,1,1,1.0
1,0,1.89,19,0.08,0,64.1,3.7,0,0,1,1,0.6182698412698412
1,1,0.58,27,0.0,0,63.5,1.6,0,0,1,1,0.9875
1,0,0.62,17,0.0,0,54.6,2.1,0,0,1,1,0.9933333333333333
0,0,0.72,0,0.0,0,6.3,0.7,5,0,1,1,1.0
0,0,0.49,3,1.48,0,0.0,0.0,0,0,1,1,1.0
1,0,7.52,16,1.62,0,115.3,45.7,0,0,1,0,0.08033333333333333
1,0,2.12,20,1.8,0,54.8,4.8,0,0,0,0,0.02333333333333333
1,0,3.66,13,0.0,0,11.2,0.9,0,0,1,1,0.9875
1,1,6.37,15,1.32,0,80.5,5.1,0,0,0,0,0.01
1,0,3.18,14,0.76,1,22.0,1.3,0,0,0,0,0.2108452380952381
1,0,1.13,24,0.81,0,13.8,0.9,0,0,0,0,0.2975497835497835
1,0,2.13,26,0.0,0,73.1,4.4,0,0,1,1,0.995
1,0,2.95,20,,0,7.6,0.5,0,1,1,1,1.0
1,1,2.09,23,,1,0.0,0.0,0,1,1,1,1.0
0,0,0.95,22,1.56,0,0.0,0.0,0,0,1,1,1.0
1,0,0.79,17,0.0,0,31.0,3.4,0,0,1,1,1.0
1,0,2.15,7,,0,28.1,3.8,0,1,1,1,0.5995039682539682
0,0,0.83,24,,4,0.0,0.0,0,1,1,1,1.0
1,1,0.76,15,1.22,0,70.6,6.1,0,0,0,0,0.005
1,1,3.35,12,0.48,0,24.9,7.2,0,0,0,0,0.12066666666666666
0,0,1.02,16,,0,0.0,0.0,0,1,1,1,1.0
1,1,0.72,14,0.0,3,69.2,4.2,0,0,1,1,0.9975
1,1,2.51,18,1.58,0,18.8,1.0,0,0,1,0,0.21689285714285714
0,0,2.39,20,,0,6.3,0.4,0,1,1,1,0.9476666666666667
1,1,3.13,15,1.3,0,179.3,12.1,0,0,0,0,0.08126190476190477
1,1,1.0,32,0.0,0,52.2,2.4,0,0,1,1,1.0
1,0,1.54,13,0.39,0,19.8,0.7,0,0,0,0,0.10166666666666668
1,0,1.14,14,0.83,1,97.8,7.7,0,0,0,0,0.026666666666666665
1,1,0.33,26,1.92,0,175.5,13.4,0,0,0,0,0.04428571428571429
1,0,1.4,11,,0,66.6,1.6,0,1,1,1,0.9168253968253969
1,0,1.06,14,0.91,0,58.0,5.4,0,0,0,0,0.005
0,0,2.52,19,,0,17.0,0.8,0,1,1,1,0.9825
1,1,1.92,44,0.05,0,66.7,7.1,0,0,0,0,0.09666666666666668
1,0,0.3,17,0.0,0,36.7,2.6,0,0,1,1,0.975
1,0,5.94,20,1.58,2,148.4,8.1,0,0,0,0,0.045619047619047615
0,0,2.66,24,,0,10.8,0.5,0,1,1,1,0.9758571428571429
1,1,1.73,17,,0,7.1,0.3,0,1,1,1,0.9891666666666665
1,0,5.93,21,1.67,0,6.6,0.6,0,0,0,0,0.031369047619047616
0,0,2.01,28,,0,45.4,3.6,0,1,1,1,0.8733333333333333
1,1,3.06,24,0.0,0,22.3,0.7,0,0,1,1,0.988
0,0,1.07,21,0.0,0,0.0,0.0,0,0,1,1,1.0
1,0,0.43,11,1.79,0,28.3,1.3,0,0,0,0,0.33096428571428566
1,0,1.83,13,0.15,0,49.1,2.7,0,0,0,0,0.01
0,0,1.98,26,,0,30.1,1.3,0,1,1,1,0.9893333333333334
1,0,7.18,21,0.38,0,101.8,7.3,0,0,0,0,0.048130952380952385
1,0,1.07,14,0.0,0,24.8,3.7,0,0,1,1,0.99
1,1,0.75,23,0.02,0,0.0,0.0,0,0,1,1,1.0
1,1,1.52,12,0.45,0,41.6,9.8,0,0,0,0,0.05652380952380952
1,0,1.37,23,,0,42.7,4.9,0,1,1,1,0.9273809523809523
1,1,6.33,28,1.42,0,56.6,6.7,0,0,0,0,0.05337301587301587
0,0,2.7,18,,0,15.4,1.1,0,1,1,1,0.9895833333333333
1,0,0.33,13,0.91,0,56.4,2.8,0,0,0,0,0.06192857142857143
0,0,5.93,24,0.0,0,22.5,1.3,0,0,1,1,0.9717857142857143
1,1,1.12,22,0.85,0,57.9,4.0,0,0,0,0,0.07183333333333333
1,1,7.87,17,1.95,1,155.7,15.8,0,0,0,0,0.015
0,0,4.91,24,,2,0.0,0.0,0,1,1,1,0.9727777777777775
1,1,2.95,21,1.94,0,34.0,2.2,0,0,0,0,0.03133333333333334
1,0,3.15,12,0.8,0,10.3,0.3,0,0,0,0,0.0185
1,1,0.93,18,1.04,1,15.2,1.0,0,0,0,0,0.30897619047619046
1,0,3.22,12,0.76,1,32.5,2.3,0,0,0,0,0.02333333333333333
1,0,1.52,13,0.0,0,79.0,2.8,0,0,1,1,1.0
1,1,3.79,18,0.0,2,15.6,1.3,0,0,1,1,1.0
0,0,0.39,32,1.58,1,130.7,5.4,0,0,0,0,0.09535714285714285
0,0,0.87,22,0.0,0,0.0,0.0,0,0,1,1,1.0
1,0,1.33,0,,1,6.1,0.6,6,1,1,1,1.0
1,0,1.42,13,0.49,0,28.4,1.0,0,0,0,0,0.008333333333333333
1,0,5.59,14,,0,12.9,0.8,0,1,1,1,0.9300000000000002
0,0,0.79,22,,0,1.6,0.1,0,1,1,1,1.0
1,0,1.59,13,0.0,0,32.9,2.6,0,0,1,1,1.0
0,0,6.6,1,,0,0.0,0.0,0,1,1,1,1.0
0,0,5.3,32,,0,1.8,0.2,0,1,1,1,0.8157063492063493
1,0,1.13,18,0.84,0,74.1,2.8,0,0,0,0,0.4077976190476191
1,0,2.58,24,,1,6.7,0.3,0,1,1,1,0.99625
0,0,1.99,21,,0,8.8,0.3,0,1,1,1,0.9983333333333334
1,0,0.24,17,,0,30.0,2.9,0,1,1,1,0.9216428571428571
1,0,0.29,11,0.73,0,20.6,1.9,0,0,0,0,0.23429761904761906
1,0,2.88,15,1.04,0,42.2,2.1,0,0,0,0,0.21289285714285713
1,0,3.15,12,0.8,0,11.0,0.6,0,0,0,0,0.0
1,1,0.55,13,0.0,0,66.5,4.7,0,0,1,1,1.0
1,0,1.85,24,0.0,0,17.3,1.5,0,0,1,1,1.0
1,0,1.04,12,0.94,0,36.0,2.8,0,0,0,0,0.25889285714285715
1,0,2.01,37,,0,0.0,0.0,0,1,1,1,1.0
1,1,1.4,27,1.82,1,195.5,10.0,0,0,0,0,0.0375
1,0,1.61,19,0.0,0,79.9,3.6,0,0,1,1,1.0
1,1,7.63,16,,0,,,0,1,0,0,0.3409047619047619
0,0,2.14,0,,0,0.0,0.0,0,1,1,1,1.0
0,0,4.08,10,,0,2.3,0.2,3,1,1,1,0.98
1,0,1.98,24,,0,6.3,0.5,0,1,1,1,1.0
1,0,2.9,26,0.0,0,16.5,1.4,0,0,1,1,1.0
1,0,3.61,32,,0,235.4,28.9,0,1,1,1,0.7829285714285714
1,1,1.21,24,0.62,0,13.2,2.1,0,0,0,0,0.08173809523809523
1,1,2.36,21,,0,2.8,0.2,0,1,1,1,0.8630952380952379
1,1,5.98,17,1.64,0,97.9,5.4,0,0,0,0,0.06333333333333334
1,1,5.98,22,0.97,0,46.2,7.8,0,0,0,0,0.0025
1,1,1.19,22,0.78,0,63.4,11.9,0,0,0,0,0.17006349206349206
1,0,1.98,0,,0,3.6,0.2,7,1,1,1,1.0
1,1,2.33,17,1.91,0,45.2,1.9,0,0,0,0,0.025833333333333333
0,0,5.49,24,,0,0.0,0.0,0,1,1,1,0.954111111111111
0,0,0.1,42,1.87,0,164.0,6.6,0,0,0,0,0.03625
0,0,2.68,24,,0,51.7,3.8,0,1,1,1,0.8584444444444445
1,1,0.11,15,1.86,0,18.9,1.6,0,0,0,0,0.06819047619047619
1,0,2.34,24,,0,0.0,0.0,0,1,1,1,1.0
1,1,4.52,20,0.13,1,83.9,8.0,0,0,0,0,0.006999999999999999
1,1,1.56,21,0.0,0,42.1,3.3,0,0,0,1,0.9954999999999999
1,1,2.65,25,0.23,0,12.3,0.9,0,0,0,0,0.019928571428571427
0,0,2.21,14,,0,14.6,1.5,0,1,1,1,0.958530303030303
1,1,8.44,24,1.09,0,143.1,11.8,0,0,0,0,0.10066269841269841
1,1,4.9,22,1.15,0,25.0,1.7,0,0,0,0,0.053111111111111116
0,0,0.17,22,,1,0.0,0.0,0,1,1,1,1.0
1,0,4.47,21,0.27,0,56.8,4.6,0,0,0,0,0.013333333333333332
1,0,1.23,21,0.0,0,0.0,0.0,0,0,1,1,1.0
1,1,3.06,10,1.28,0,14.1,0.5,0,0,0,0,0.05953968253968253
1,1,4.05,20,,1,113.9,7.3,0,1,0,1,0.8022142857142854
1,1,1.09,24,0.88,0,20.8,1.2,0,0,0,0,0.03988095238095238
1,1,6.62,21,1.35,0,46.9,3.0,0,0,1,0,0.08333333333333331
0,0,1.98,28,,0,109.4,6.4,0,1,1,1,0.8301468253968253
0,0,2.41,24,0.9,0,46.1,2.8,0,0,0,0,0.2611190476190476
0,0,0.0,1,,0,0.0,0.0,0,1,1,1,1.0
1,0,0.21,10,,0,6.9,0.5,0,1,1,1,0.8721111111111113
1,0,2.87,24,0.0,2,49.4,3.9,0,0,1,1,0.9866666666666667
1,1,4.68,11,0.19,0,56.0,5.3,0,0,0,0,0.4716547619047619
1,0,2.08,10,,0,12.4,0.5,0,1,1,1,0.8812777777777776
1,1,0.58,22,1.4,1,33.1,1.7,0,0,0,0,0.032630952380952385
0,0,0.44,16,0.0,0,11.0,0.7,0,0,1,1,1.0
1,1,0.9,15,1.07,0,41.7,2.5,0,0,0,0,0.03683333333333333
1,0,1.99,22,,0,4.6,0.6,0,1,1,1,1.0
1,0,0.65,14,1.32,0,44.5,7.5,0,0,0,0,0.01619047619047619
1,0,1.11,20,0.86,1,14.7,2.4,0,0,0,0,0.05792857142857143
1,1,1.71,20,0.21,0,141.9,25.4,0,0,0,0,0.07411904761904763
1,1,2.1,17,,2,40.0,4.1,0,1,1,1,0.8327499999999998
1,0,5.07,21,0.21,0,85.7,2.9,0,0,0,0,0.013333333333333332
1,1,0.71,24,1.26,0,157.9,13.6,0,0,0,0,0.006
1,0,5.01,17,,0,2.5,0.2,0,1,1,1,0.9435000000000001
1,1,0.74,12,1.13,0,83.6,3.1,0,0,1,0,0.10908333333333331
0,0,0.01,5,0.0,0,0.0,0.0,0,0,1,1,1.0
1,1,0.17,16,0.0,0,5.4,0.7,0,0,1,1,0.9946666666666667
0,0,4.76,20,,0,10.9,0.4,0,1,1,1,0.93
0,0,0.52,35,1.46,3,112.2,12.1,0,0,0,1,0.5172142857142857
1,0,2.75,21,1.28,0,172.5,5.5,0,0,1,0,0.2054285714285714
0,0,1.14,10,,0,0.0,0.0,0,1,1,1,1.0
1,1,2.59,22,1.33,0,187.8,22.0,0,0,0,0,0.03141666666666667
1,0,6.67,20,0.99,2,8.1,1.0,0,0,0,0,0.021904761904761903
0,0,0.96,22,,0,2.6,0.3,0,1,1,1,1.0
1,1,7.81,25,0.14,0,13.5,1.8,0,0,0,0,0.021666666666666664
1,1,3.59,36,1.86,0,113.4,8.5,0,0,0,0,0.07214285714285713
1,0,3.19,0,,0,0.8,0.1,2,1,1,1,1.0
1,0,0.61,15,0.0,1,68.9,31.7,0,0,1,1,1.0
1,1,4.53,10,0.0,1,9.5,0.7,0,0,1,1,1.0
1,0,5.1,29,0.0,2,44.4,2.1,0,0,1,1,1.0
0,0,6.79,24,,0,45.2,12.5,0,1,0,0,0.3843571428571429
1,0,1.92,10,0.0,0,6.7,0.6,0,0,1,1,0.99
1,0,1.1,14,0.87,0,40.3,3.5,0,0,0,0,0.013666666666666667
1,1,5.95,16,1.7,0,5.6,0.7,0,0,0,0,0.06928571428571428
0,0,0.61,13,0.0,0,0.0,0.0,0,0,1,1,1.0
0,0,3.18,24,,0,176.0,42.3,0,1,1,0,0.46252380952380945
1,1,2.99,24,1.94,0,170.9,11.4,0,0,0,0,0.013333333333333332
1,1,1.08,15,1.83,0,82.4,7.5,0,0,0,0,0.05452380952380952
1,1,2.23,23,,0,0.0,0.0,0,1,1,1,1.0
1,0,1.91,18,,0,0.0,0.0,0,1,1,1,1.0
1,0,2.22,0,0.0,0,2.1,0.2,0,0,1,1,1.0
0,0,1.04,20,0.0,0,0.0,0.0,0,0,1,1,1.0
1,1,6.13,24,0.79,0,77.1,7.5,0,0,0,0,0.0125
1,0,0.1,26,1.87,0,60.6,5.9,0,0,0,0,0.0125
1,0,1.97,22,0.0,1,5.4,0.4,0,0,1,1,1.0
1,1,7.81,22,,0,25.0,1.1,0,1,1,1,0.5051388888888888
1,1,5.25,3,0.01,0,15.0,1.0,0,0,1,1,0.7597857142857143
1,0,1.56,22,0.0,0,32.6,2.1,0,0,1,1,1.0
1,0,3.1,22,0.0,4,0.0,0.0,0,0,1,1,1.0
1,1,3.93,23,1.96,1,73.7,5.9,0,0,0,0,0.032
1,1,0.79,15,1.18,0,59.9,25.5,0,0,0,0,0.0025
1,0,1.75,0,0.0,0,0.0,0.0,0,0,1,1,1.0
1,0,3.53,23,,0,2.1,0.2,0,1,1,1,1.0
1,1,3.57,12,0.46,0,32.9,2.2,0,0,0,0,0.022666666666666665
1,0,0.01,0,1.96,0,,,0,0,0,0,0.0
1,0,2.55,33,,0,24.9,0.9,0,1,1,1,0.8921666666666666
0,0,1.33,14,0.0,0,38.9,2.1,0,0,1,1,1.0
1,1,2.18,20,1.76,1,124.5,9.7,0,0,0,0,0.051666666666666666
1,0,2.58,22,1.3,0,36.4,3.7,0,0,0,0,0.09507142857142858
1,1,0.75,15,1.22,0,37.5,1.8,0,0,0,0,0.0
1,0,1.03,12,0.0,0,60.9,18.6,0,0,1,1,0.98
0,0,2.43,17,,1,8.6,1.3,0,1,1,1,0.99
1,1,0.78,15,1.44,0,40.7,2.5,0,0,0,0,0.026666666666666665
1,1,2.4,30,1.52,0,111.1,13.0,0,0,1,0,0.03361904761904762
1,0,1.99,10,,0,7.9,3.0,0,1,1,1,0.8683095238095236
1,0,0.76,14,1.21,0,28.7,2.1,0,0,0,0,0.0
1,1,0.95,28,1.27,0,44.9,5.3,0,0,0,0,0.0385
0,0,2.77,23,,0,0.0,0.0,0,1,1,1,1.0
1,0,1.44,25,0.31,0,33.3,3.9,0,0,0,0,0.1115952380952381
1,0,1.53,30,0.0,0,104.1,5.8,0,0,1,1,1.0
1,1,0.24,20,1.73,0,30.4,2.2,0,0,0,0,0.004
1,0,1.76,12,0.21,0,33.1,2.2,0,0,1,1,0.5551507936507936
0,0,1.13,18,,0,5.1,0.2,0,1,1,1,0.9975
1,1,1.7,41,,0,52.0,3.9,0,1,1,1,0.7185562770562771
1,1,1.24,22,0.73,0,194.5,6.8,0,0,0,0,0.08116666666666666
1,1,3.83,6,0.1,0,37.3,6.3,0,0,1,1,0.8598946886446884
0,0,1.89,17,0.0,0,0.0,0.0,0,0,1,1,1.0
1,0,1.34,0,0.0,0,0.0,0.0,0,0,1,1,1.0
1,0,3.19,22,,0,8.9,0.8,0,1,1,1,0.9966666666666667
1,0,4.9,21,0.12,0,11.9,0.6,0,0,0,0,0.0
0,0,2.44,19,,0,0.0,0.0,0,1,1,1,1.0
1,0,0.24,37,,0,143.6,17.1,0,1,1,1,0.6934285714285714
1,0,2.01,8,,1,7.3,1.6,0,1,1,1,0.9118333333333334
1,1,4.8,16,0.0,0,25.9,2.1,0,0,1,1,0.988
1,0,7.64,25,0.08,0,157.4,9.4,0,0,0,0,0.008
1,1,5.62,12,,0,2.3,0.4,6,1,1,1,0.7987380952380952
1,1,0.83,32,1.14,3,142.1,12.3,0,0,0,0,0.07066666666666667
0,0,0.84,26,0.0,2,49.5,3.1,0,0,1,1,1.0
1,0,5.2,32,,0,146.6,9.5,0,1,0,1,0.5200238095238096
1,1,1.68,21,0.3,0,6.3,0.2,0,0,0,0,0.052333333333333336
0,0,1.2,32,,0,61.6,2.7,0,1,1,1,0.8720476190476191
0,0,1.98,23,,0,0.0,0.0,0,1,1,1,1.0
1,1,7.8,21,0.39,0,91.0,3.6,0,0,0,0,0.022333333333333334
1,0,0.45,29,0.54,1,37.1,6.6,2,0,0,0,0.04869047619047619
1,0,9.31,23,,0,20.4,1.0,0,1,1,1,0.6703571428571427
1,1,2.36,10,1.62,2,37.2,4.9,0,0,0,0,0.14716666666666667
1,0,2.47,21,,1,1.3,0.1,0,1,1,1,0.998
1,0,0.59,33,1.39,0,28.9,2.8,0,0,0,0,0.1959880952380953
1,0,6.87,25,0.31,0,109.9,5.5,0,0,0,0,0.008666666666666666
1,0,3.86,21,0.21,1,39.2,3.2,0,0,0,0,0.014666666666666668
1,0,5.13,27,,1,112.1,12.8,0,1,1,1,0.8809365079365079
1,0,0.91,8,1.06,0,8.6,0.5,0,0,0,0,0.11899999999999998
1,1,5.44,10,0.0,0,0.8,0.1,1,0,1,1,1.0
0,0,1.25,23,0.94,0,0.0,0.0,0,0,1,1,0.99
1,0,2.83,24,,0,0.0,0.0,0,1,1,1,1.0
1,1,1.88,22,1.26,0,8.1,1.2,0,0,0,0,0.15711111111111112
1,1,6.39,16,1.84,0,93.3,6.3,0,0,0,0,0.05922222222222222
1,0,0.45,28,1.53,0,96.4,4.6,1,0,0,0,0.03333333333333333
1,0,1.47,21,0.0,0,0.0,0.0,0,0,1,1,1.0
1,0,3.15,12,0.79,0,9.1,0.5,0,0,0,0,0.0
1,0,1.02,20,0.95,0,23.2,3.7,0,0,0,0,0.0245
0,0,1.01,80,,0,123.1,7.5,0,1,1,1,0.922
1,1,0.1,14,1.72,0,35.9,2.3,0,0,0,0,0.07166666666666667
1,1,0.29,12,,0,5.6,0.9,3,1,1,1,0.8384642857142858
1,0,4.09,22,0.0,0,6.4,0.6,0,0,1,1,0.99
1,1,0.69,9,0.35,0,24.2,2.5,0,0,1,0,0.41785714285714276
1,0,0.25,18,0.58,0,31.7,7.8,0,0,0,0,0.08719047619047618
1,1,6.96,30,0.95,0,31.6,0.8,0,0,0,0,0.15557142857142858
1,1,4.2,24,,0,24.7,1.2,0,1,1,1,0.8389722222222222
1,1,0.74,10,1.44,0,126.6,6.1,0,0,0,0,0.08558333333333333
1,0,0.97,20,1.0,2,44.0,6.5,0,0,0,0,0.057
1,0,1.98,29,,1,79.7,6.0,0,1,1,1,0.9645
1,0,0.13,13,1.84,0,16.6,2.8,0,0,0,0,0.0650952380952381
1,1,7.63,15,1.28,0,23.9,1.5,0,0,0,0,0.016666666666666666
0,0,1.69,0,0.78,5,0.0,0.0,6,0,1,1,1.0
1,1,3.98,17,1.73,0,14.6,1.2,0,0,0,0,0.003611111111111111
1,0,0.29,19,0.0,1,15.1,0.7,0,0,1,1,1.0
1,1,0.75,15,1.22,0,59.2,5.3,0,0,0,0,0.01
0,0,0.79,25,0.15,0,58.7,2.1,0,0,0,0,0.057714285714285704
1,0,4.57,24,,0,47.5,1.8,0,1,1,1,0.8089047619047619
1,1,5.97,24,1.94,0,74.4,6.8,0,0,0,0,0.013222222222222222
1,1,0.3,14,1.67,0,61.6,4.5,0,0,0,0,0.025
0,0,1.43,51,,0,38.8,2.4,0,1,1,1,0.9810714285714286
1,1,1.47,23,,2,0.0,0.0,0,1,1,1,1.0
1,1,1.49,17,0.52,1,74.4,50.4,0,0,0,0,0.21726190476190474
1,0,7.58,21,0.39,0,113.9,10.4,0,0,0,0,0.0045000000000000005
1,0,1.31,12,0.0,0,0.1,0.0,0,0,1,1,0.9833333333333333
1,1,1.24,25,0.0,0,72.8,5.5,0,0,1,1,1.0
1,1,4.91,29,0.15,0,97.2,60.9,0,0,0,0,0.07866666666666666
1,0,0.65,18,0.0,0,0.0,0.0,0,0,1,1,1.0
1,0,1.98,30,,0,13.1,0.4,0,1,1,1,0.955
1,1,0.53,11,1.68,0,40.6,1.8,0,0,0,0,0.2469285714285714
1,0,1.98,20,,0,1.8,0.1,0,1,1,1,1.0
1,1,0.58,15,1.4,0,22.4,1.2,0,0,0,0,0.005
1,1,0.68,30,1.3,0,142.8,13.4,0,0,0,0,0.0605
1,0,0.26,9,,0,42.2,3.4,0,1,1,1,0.6185995670995671
1,0,3.19,12,0.76,0,13.4,1.7,0,0,0,0,0.03816666666666667
1,0,3.82,35,,0,20.6,2.6,0,1,1,1,0.8463333333333333
1,0,1.74,13,0.18,1,224.1,11.6,0,0,0,0,0.027999999999999997
1,1,0.51,21,0.0,0,116.9,10.2,0,0,1,1,1.0
1,0,10.05,19,1.84,0,48.4,1.5,0,0,0,0,0.08483333333333333
1,0,1.44,21,0.47,1,34.4,2.8,0,0,0,0,0.0481904761904762
1,1,2.54,18,1.4,0,2.5,0.3,0,0,1,0,0.30123809523809525
0,0,1.7,21,0.0,0,7.8,0.7,0,0,1,1,1.0
1,1,0.96,21,0.31,0,34.9,3.4,0,0,0,0,0.12472619047619046
1,0,0.62,13,0.0,0,45.8,1.6,0,0,1,1,1.0
1,1,4.28,15,1.61,0,80.3,7.0,0,0,0,0,0.041761904761904764
1,0,2.09,14,1.84,1,85.5,8.4,0,0,0,0,0.0589047619047619
1,0,3.12,21,1.76,0,43.4,1.7,0,0,0,0,0.07516666666666666
1,1,4.07,10,,0,0.1,0.0,0,1,1,1,0.9203333333333333
1,0,1.68,13,0.29,0,19.2,1.8,0,0,0,0,0.008214285714285714
1,1,0.0,0,1.97,0,,,0,0,0,0,0.0
1,1,0.25,24,1.72,2,45.0,4.0,0,0,0,0,0.052642857142857144
0,0,2.16,22,,2,10.4,1.1,0,1,1,1,1.0
1,1,5.4,20,0.47,0,40.0,2.1,0,0,0,0,0.06425
1,0,1.88,27,0.0,0,125.7,22.8,0,0,1,1,1.0
1,1,3.35,20,0.0,0,39.7,3.7,0,0,1,1,0.8436428571428572
1,0,0.08,11,0.0,0,5.2,0.2,0,0,1,1,1.0
1,1,0.07,8,1.91,0,17.3,0.9,0,0,0,0,0.02714285714285714
1,1,3.05,21,0.11,0,44.7,6.5,0,0,0,0,0.08297619047619048
1,0,3.25,33,,0,159.1,23.9,0,1,1,1,0.7259761904761904
0,0,3.8,19,,0,18.5,0.8,0,1,1,1,0.9740000000000001
1,1,2.85,15,1.65,0,20.8,5.0,0,0,0,0,0.10052777777777777
1,0,3.12,16,,0,3.1,0.2,5,1,0,1,0.9885714285714284
1,0,2.94,12,1.01,0,14.4,0.9,0,0,0,0,0.0014285714285714286
1,0,6.96,20,1.03,0,102.0,21.1,0,0,0,0,0.0235
1,1,0.57,15,1.4,0,73.0,5.0,0,0,0,0,0.026666666666666665
1,0,5.73,30,0.0,0,69.6,15.9,0,0,1,1,0.9515476190476191
1,1,0.49,15,1.48,0,102.4,5.2,0,0,1,0,0.17709523809523808
0,0,3.47,10,,0,5.1,0.5,2,1,1,1,0.97875
1,0,1.73,12,0.95,0,31.8,2.3,0,0,0,0,0.06033333333333333
0,0,1.35,0,,0,0.0,0.0,0,1,1,1,1.0
1,0,2.54,22,,0,12.9,1.0,0,1,1,1,1.0
1,1,6.36,29,2.53,1,116.3,6.7,0,0,0,0,0.05777380952380952
1,1,1.89,20,0.05,0,22.9,2.0,0,0,0,0,0.038
1,1,6.12,14,1.57,1,98.4,5.0,0,0,0,0,0.03783333333333334
1,0,6.83,21,0.31,0,75.4,5.2,0,0,0,0,0.01
0,0,4.51,19,,0,8.1,1.4,0,1,1,1,0.9919047619047621
0,0,0.79,0,0.0,0,0.0,0.0,7,0,1,1,1.0
0,0,5.89,12,,0,9.7,0.8,3,1,0,1,0.6513809523809525
1,0,5.54,34,0.0,0,72.6,3.1,0,0,1,1,1.0
1,0,1.13,22,0.84,0,47.5,1.2,0,0,0,0,0.03947619047619048
1,1,0.1,21,0.78,0,50.4,2.2,0,0,0,0,0.20232142857142862
1,1,0.95,24,1.02,0,68.5,4.7,0,0,0,0,0.03816666666666666
1,0,2.39,27,,0,65.5,2.4,0,1,1,1,0.6972023809523809
1,0,0.99,22,0.99,0,56.1,2.5,0,0,0,0,0.0
0,0,1.25,31,0.0,0,49.9,5.1,1,0,1,1,1.0
0,0,0.92,18,0.0,0,3.5,0.3,0,0,1,1,1.0
1,0,1.25,20,0.0,3,59.0,7.4,0,0,1,1,0.9761666666666666
0,0,0.24,24,,0,225.6,14.4,0,1,1,1,0.7155
1,1,2.5,15,1.41,0,53.4,4.8,0,0,0,0,0.02019047619047619
1,0,0.21,10,1.35,0,31.3,5.5,0,0,0,0,0.08752380952380952
1,0,6.62,24,,0,13.4,0.7,0,1,0,1,0.6332261904761904
0,0,4.39,56,,0,99.1,5.5,0,1,1,1,0.8226507936507936
1,1,0.84,13,1.13,0,51.4,2.7,0,0,0,0,0.11875
1,0,1.15,19,0.0,0,20.0,2.0,0,0,1,1,1.0
1,1,4.04,21,,0,23.8,2.3,0,1,1,1,0.8735000000000003
1,1,0.29,16,0.53,0,50.0,2.5,0,0,0,0,0.13292460317460317
1,0,5.77,24,,0,99.6,11.0,0,1,0,0,0.3947738095238095
1,1,2.1,20,1.81,0,109.1,4.8,0,0,0,0,0.02333333333333333
1,0,5.37,21,0.14,0,147.7,7.2,0,0,0,0,0.018333333333333333
1,0,1.02,14,0.95,0,150.8,5.0,0,0,0,0,0.0
0,0,1.0,63,,0,48.1,3.4,0,1,1,1,0.9170000000000001
1,1,2.57,21,,0,0.0,0.0,0,1,1,1,1.0
0,0,2.9,24,,2,0.0,0.0,0,1,1,1,1.0
0,0,2.2,24,,0,50.0,2.5,0,1,1,1,0.8922142857142857
1,0,9.87,20,1.12,0,49.6,3.4,0,0,0,0,0.11872619047619049
1,0,5.43,23,0.0,2,19.8,1.2,0,0,1,1,1.0
1,1,0.72,20,1.72,0,52.8,3.9,0,0,0,0,0.14295238095238097
1,1,0.84,24,1.13,0,61.2,6.3,0,0,0,0,0.09483333333333333
1,1,3.4,17,1.62,0,11.9,0.9,0,0,0,0,0.044083333333333335
1,0,2.72,13,,0,120.9,4.3,0,1,1,1,0.7198373015873015
1,1,0.71,30,0.56,0,74.6,18.0,0,0,0,0,0.26336904761904756
1,0,1.98,22,,0,0.0,0.0,0,1,1,1,1.0
1,0,1.03,22,0.94,0,37.1,6.1,0,0,0,0,0.06016666666666667
1,0,1.97,30,0.0,0,45.1,3.1,0,0,1,1,0.9941666666666668
0,0,2.45,14,,0,3.9,0.6,0,1,1,1,0.9808333333333333
1,1,3.68,26,0.26,1,135.5,14.2,0,0,0,0,0.069
1,1,1.12,32,0.85,0,84.2,5.4,0,0,0,0,0.10205555555555555
1,0,4.91,10,,0,2.3,1.0,5,1,1,1,0.9128571428571429
0,0,2.55,49,,1,279.6,13.4,0,1,1,1,0.6030476190476189
1,0,1.63,21,0.0,0,9.3,0.8,0,0,1,1,1.0
1,0,3.15,22,1.19,0,49.8,2.4,0,0,0,0,0.12525
0,0,4.21,0,,0,0.0,0.0,0,1,1,1,1.0
1,1,1.03,23,0.94,1,60.6,5.9,0,0,1,0,0.04483333333333332
1,0,3.02,20,0.92,0,113.3,8.2,0,0,0,0,0.005
1,1,3.1,0,,0,0.0,0.0,3,1,1,1,1.0
0,0,3.24,24,,0,20.8,1.5,0,1,1,1,0.9560714285714286
1,1,2.72,32,1.2,1,202.5,23.6,0,0,0,0,0.04916666666666667
0,0,2.01,21,,0,0.7,0.0,0,1,1,1,1.0
0,0,0.96,0,0.0,0,0.0,0.0,0,0,1,1,1.0
1,1,1.1,14,0.88,0,45.8,2.2,0,0,0,0,0.44187301587301575
1,0,2.76,20,1.19,0,39.3,3.5,0,0,0,0,0.11149999999999999
1,1,0.28,17,1.01,0,103.9,5.6,0,0,0,0,0.11199999999999999
1,0,3.48,21,0.0,0,30.1,4.4,0,0,1,1,1.0
1,1,2.9,0,,0,0.0,0.0,7,1,1,1,1.0
1,0,1.17,23,0.0,0,0.0,0.0,0,0,1,1,1.0
1,1,0.78,15,1.19,0,30.3,1.5,0,0,0,0,0.011428571428571429
0,0,0.76,23,,0,0.0,0.0,0,1,1,1,1.0
1,1,0.96,20,0.0,0,0.0,0.0,0,0,1,1,1.0
1,1,1.81,11,0.16,1,89.1,3.5,0,0,0,0,0.2289285714285714
1,0,0.52,25,1.45,1,45.2,4.4,2,0,0,0,0.06149999999999999
0,0,1.87,0,,0,0.0,0.0,1,1,1,1,1.0
1,0,2.81,0,,0,2.1,0.2,6,1,1,1,1.0
1,0,1.47,18,,1,86.4,22.9,0,1,1,1,0.8296349206349205
1,1,0.54,15,1.43,0,98.5,4.6,0,0,0,0,0.005357142857142857
1,0,3.57,23,0.0,0,37.1,7.0,0,0,1,1,0.99
1,1,2.18,23,,0,0.0,0.0,0,1,1,1,1.0
1,0,7.64,12,1.03,0,5.6,1.4,0,0,0,0,0.024345238095238093
1,1,10.7,28,0.08,0,58.3,34.7,0,0,0,0,0.09585714285714285
1,1,1.14,16,1.8,0,16.7,1.7,0,0,0,0,0.04861111111111112
1,0,4.27,18,1.6,0,40.0,4.8,0,0,1,0,0.13847619047619047
1,0,3.2,20,0.74,0,53.6,4.8,0,0,0,0,0.02319047619047619
1,1,2.19,18,1.81,0,25.8,2.0,0,0,0,0,0.02438095238095238
1,0,0.91,14,1.06,1,67.0,2.6,0,0,0,0,0.006999999999999999
0,0,1.4,21,0.0,0,0.0,0.0,0,0,1,1,1.0
1,0,0.36,20,,0,0.0,0.0,0,1,1,1,1.0
1,1,3.26,38,0.61,0,65.0,3.7,0,0,0,0,0.12494444444444446
1,1,4.29,16,1.61,0,156.0,16.4,0,0,0,0,0.0075
1,0,6.18,20,1.58,2,98.8,14.3,0,0,0,0,0.04607142857142857
0,0,2.58,24,,0,8.2,0.4,0,1,1,1,0.9195714285714286
1,0,1.0,13,0.0,0,11.8,0.5,0,0,1,1,1.0
1,0,1.84,13,0.1,0,3.3,0.6,0,0,0,0,0.07058333333333333
1,1,6.52,7,0.0,0,30.5,3.3,0,0,1,1,0.9424761904761904
0,0,1.88,20,,0,0.0,0.0,0,1,1,1,1.0
1,0,0.42,20,0.83,0,40.4,1.7,0,0,0,0,0.1881190476190476
1,1,5.29,12,0.98,0,73.5,7.7,0,0,0,0,0.095
1,1,1.59,15,1.32,0,46.5,8.3,0,0,0,0,0.11599999999999999
1,0,1.52,57,0.0,4,159.2,5.4,0,0,1,1,0.9393571428571428
1,0,1.26,30,0.0,0,73.2,3.7,0,0,1,1,1.0
1,0,1.21,14,0.0,0,32.5,2.2,0,0,1,1,1.0
1,0,4.01,22,,0,0.0,0.0,0,1,1,1,1.0
0,0,1.98,0,,0,0.0,0.0,6,1,1,1,1.0
1,0,4.32,16,0.0,0,7.6,0.4,0,0,1,1,1.0
1,0,0.92,14,1.05,0,42.2,1.9,0,0,0,0,0.0
1,0,0.14,13,1.83,0,5.0,0.8,0,0,0,0,0.027083333333333338
1,1,0.12,13,1.85,0,15.5,1.1,0,0,0,0,0.0175
0,0,0.08,21,1.9,0,48.6,4.7,0,0,0,0,0.015
0,0,0.05,9,1.93,1,16.7,0.6,0,0,0,0,0.11476190476190475
1,1,0.07,11,0.0,1,27.5,1.7,0,0,1,1,0.9566666666666666
1,1,2.33,15,1.59,0,29.1,1.7,0,0,1,0,0.17719047619047618
1,1,1.0,18,1.78,0,5.0,0.2,0,0,0,0,0.05408333333333333
1,1,3.01,36,1.22,8,300.9,15.1,0,0,0,0,0.1375
1,0,1.12,13,0.86,0,25.7,1.5,0,0,0,0,0.18529761904761904
1,1,7.8,20,1.95,1,95.2,4.4,0,0,0,0,0.013666666666666667
1,1,8.63,15,1.54,0,144.3,5.2,0,0,1,0,0.11100000000000002
1,1,0.35,12,0.54,0,54.5,12.2,0,0,0,0,0.04902380952380952
0,0,6.12,21,,0,34.6,2.7,0,1,1,1,0.8704047619047618
1,0,3.97,21,0.28,0,71.1,2.7,0,0,0,0,0.026166666666666668
0,0,3.65,14,,0,0.0,0.0,0,1,1,1,1.0
1,1,6.81,24,1.34,1,128.1,8.8,0,0,0,0,0.030833333333333334
1,0,1.88,12,0.09,0,14.2,7.0,0,0,1,0,0.32518253968253963
1,1,3.26,9,0.63,0,44.4,3.7,0,0,1,0,0.48988095238095236
1,0,6.81,21,0.15,0,70.5,3.0,0,0,0,0,0.0
1,1,2.27,14,1.7,0,57.1,5.8,0,0,0,0,0.15308333333333335
0,0,0.52,69,0.0,0,101.2,3.7,0,0,1,1,0.9833333333333333
1,1,1.99,19,1.93,0,67.1,4.9,0,0,0,0,0.05250000000000001
0,0,1.63,22,,0,0.0,0.0,0,1,1,1,1.0
1,1,0.22,13,1.76,0,31.2,3.9,0,0,0,0,0.04821428571428571
0,0,6.47,20,,0,74.1,7.9,0,1,1,1,0.6124166666666667
1,0,1.16,73,,0,54.1,16.2,0,1,1,1,0.8636666666666667
1,0,2.03,12,,0,83.7,7.4,0,1,1,1,0.619702380952381
1,1,1.89,13,0.0,0,40.5,1.7,0,0,1,1,0.9908333333333335
1,1,11.93,40,1.1,0,446.2,8.9,0,0,0,0,0.11225
1,0,6.11,20,,0,12.5,1.0,0,1,1,1,0.9815833333333334
1,0,0.72,17,0.0,1,16.8,0.5,0,0,1,1,1.0
1,0,0.15,24,0.84,0,48.7,4.1,0,0,0,0,0.06667857142857143
1,1,4.7,15,1.32,1,29.4,7.1,0,0,0,0,0.04833333333333333
1,0,0.97,54,,0,45.4,9.7,0,1,1,1,0.9073333333333333
1,1,3.66,37,,0,59.9,3.6,0,1,1,1,0.9197777777777779
1,0,0.24,18,0.0,0,40.9,1.1,0,0,1,1,0.9983333333333334
1,0,1.04,13,0.0,0,23.9,0.9,0,0,1,1,1.0
0,0,4.09,0,,1,0.7,0.1,1,1,1,1,0.9615714285714286
1,0,0.89,14,1.08,0,0.4,0.5,0,0,0,0,0.13480555555555554
0,0,0.72,21,,0,0.0,0.0,0,1,1,1,1.0
1,0,6.35,23,1.93,0,55.3,4.9,0,0,0,0,0.036000000000000004
0,0,0.7,26,0.0,0,39.5,1.9,0,0,1,1,1.0
1,0,0.21,17,0.0,0,46.9,3.6,0,0,1,1,0.99
0,0,1.97,24,0.11,0,0.0,0.0,0,0,1,1,1.0
0,0,0.37,40,,4,29.3,5.3,0,1,1,1,0.9092857142857143
1,1,0.25,11,1.72,0,43.1,3.3,0,0,1,0,0.21022619047619048
1,1,2.01,21,,2,49.4,3.7,0,1,1,1,0.835579365079365
0,0,0.75,19,0.0,0,0.0,0.0,0,0,1,1,1.0
1,1,1.57,21,0.48,0,29.0,1.7,0,0,0,0,0.3170714285714286
1,0,1.02,39,0.48,0,56.4,6.9,0,0,1,0,0.10127777777777776
1,1,2.15,16,1.76,0,3.7,0.3,0,0,0,0,0.11303571428571431
1,0,0.9,26,0.0,0,28.9,1.3,0,0,1,1,1.0
1,1,0.41,20,0.88,0,29.2,7.9,0,0,0,0,0.1691825396825397
1,0,3.65,19,,0,10.9,1.1,0,1,1,1,0.9520714285714285
0,0,0.99,0,,0,0.0,0.0,3,1,1,1,1.0
1,1,3.97,17,1.92,1,58.8,5.0,0,0,0,0,0.003333333333333333
0,0,0.6,35,0.0,2,0.0,0.0,0,0,1,1,1.0
1,0,5.25,22,0.0,0,38.0,1.7,0,0,1,1,0.9985714285714287
1,0,0.07,8,1.91,0,29.2,3.5,0,0,1,0,0.0
1,0,2.5,14,0.0,0,8.6,0.5,0,0,1,1,1.0
1,0,0.68,14,0.0,0,42.0,4.1,0,0,1,1,0.9966666666666666
1,1,7.23,21,0.16,0,16.7,2.3,0,0,0,0,0.013333333333333334
1,0,0.02,0,0.61,0,,,0,0,0,0,0.015
1,1,1.2,40,0.0,0,0.0,0.0,0,0,1,1,1.0
1,0,1.64,13,0.3,0,23.1,1.0,0,0,0,0,0.028833333333333332
1,1,3.13,18,1.76,0,50.8,7.4,0,0,0,0,0.042083333333333334
1,1,0.95,28,1.27,0,28.5,2.8,0,0,0,0,0.03891666666666667
0,0,0.97,24,,0,70.8,4.1,0,1,1,1,0.7956666666666667
1,0,0.58,29,0.0,0,3.1,0.7,0,0,1,1,1.0
1,0,3.9,21,0.0,1,54.5,45.4,0,0,1,1,0.9529285714285715
1,1,2.07,22,,0,0.0,0.0,0,1,1,1,1.0
1,1,1.83,6,0.14,0,16.6,1.0,0,0,1,1,0.5729444444444445
1,1,0.8,21,0.48,1,46.0,3.0,0,0,0,0,0.11001190476190477
1,0,4.2,26,,1,69.5,3.9,0,1,1,1,0.8702222222222222
1,1,2.79,27,,0,0.0,0.0,0,1,1,1,1.0
1,1,2.06,17,1.87,0,60.6,4.5,0,0,0,0,0.012
0,0,0.43,20,,2,0.0,0.0,0,1,1,1,1.0
1,0,1.67,13,0.28,0,31.3,4.8,0,0,0,0,0.009166666666666667
1,0,2.17,13,1.74,0,27.4,1.5,0,0,1,0,0.17617857142857143
1,1,0.75,20,0.56,0,38.2,1.7,0,0,0,0,0.22440476190476194
1,1,1.46,18,1.85,0,55.1,5.8,0,0,0,0,0.021261904761904763
1,0,5.75,21,0.51,0,22.4,1.4,0,0,0,0,0.011833333333333331
1,0,8.96,24,,0,119.0,11.0,0,1,0,1,0.5159722222222222
1,1,5.15,28,,0,111.3,17.6,0,1,0,1,0.9034047619047618
1,1,3.72,20,0.17,0,195.8,9.2,0,0,0,0,0.03642857142857143
1,1,4.14,18,,0,148.1,6.8,0,1,0,1,0.598702380952381
1,1,2.63,24,1.23,0,59.2,3.8,0,0,0,0,0.10047619047619047
1,0,0.54,22,0.0,0,10.6,0.5,0,0,1,1,0.99
1,0,2.94,12,0.98,0,46.9,2.9,0,0,0,0,0.0
0,0,0.5,22,0.0,3,39.5,2.1,0,0,1,1,0.995
1,1,0.33,23,0.0,0,1.8,0.2,0,0,1,1,0.995
0,0,0.69,0,1.94,0,0.0,0.0,6,0,1,1,0.9581666666666666
1,1,1.46,23,,1,0.0,0.0,0,1,1,1,1.0
1,0,0.12,15,0.0,0,4.3,0.5,0,0,1,1,0.99
0,0,7.69,12,,0,,,0,1,0,0,0.041107142857142856
1,0,2.89,12,1.03,0,32.0,2.5,0,0,0,0,0.0
1,0,1.11,22,0.86,0,18.6,0.8,0,0,0,0,0.04321428571428571
1,0,7.15,22,0.0,0,46.0,5.4,0,0,1,1,0.9799999999999999
1,0,5.72,19,0.0,0,65.4,2.2,0,0,1,1,0.9524999999999999
1,0,1.53,21,,0,18.5,2.0,0,1,1,1,0.97625
1,0,4.81,25,,0,33.7,1.2,0,1,1,1,0.9389166666666666
1,1,3.4,15,0.49,0,9.4,0.2,0,0,1,0,0.1850396825396825
1,0,3.25,26,0.0,1,88.3,4.0,0,0,1,1,0.985
1,0,0.87,20,1.1,0,30.0,1.2,0,0,0,0,0.02783333333333333
1,1,8.76,14,1.47,1,26.9,4.1,0,0,1,0,0.217
0,0,1.14,23,,0,68.1,3.2,0,1,1,1,0.8420000000000001
1,1,2.62,25,1.3,2,57.3,4.5,0,0,1,0,0.11492857142857142
1,0,3.86,22,0.0,0,38.5,3.0,0,0,1,1,1.0
1,0,0.89,14,1.08,0,77.1,5.1,0,0,0,0,0.01
1,0,1.62,11,0.0,0,39.3,4.3,0,0,1,1,0.99
1,0,0.54,14,0.0,0,28.4,12.2,0,0,1,1,0.9756666666666667
1,1,2.53,0,,0,0.0,0.0,7,1,1,1,1.0
0,0,2.07,26,,0,55.7,4.9,0,1,1,1,0.943452380952381
1,1,0.76,15,1.22,0,88.2,3.0,0,0,0,0,0.0275
1,1,0.82,15,1.15,0,38.2,5.1,0,0,0,0,0.014666666666666668
1,1,4.39,22,0.0,0,6.3,0.3,0,0,1,1,0.9940000000000001
1,1,2.82,10,1.11,0,82.6,3.3,0,0,0,0,0.0363015873015873
1,1,0.18,18,1.79,0,48.1,3.5,0,0,0,0,0.03983333333333333
1,1,2.4,13,1.51,0,101.4,15.1,0,0,0,0,0.02109523809523809
0,0,1.7,73,,0,174.0,31.0,0,1,0,0,0.4952023809523809
1,0,0.87,20,0.0,0,0.0,0.0,0,0,1,1,1.0
0,0,0.98,31,0.99,0,0.0,0.0,0,0,1,1,0.98
1,1,4.01,22,,0,23.3,1.1,0,1,1,1,0.7181071428571425
1,0,1.21,21,0.0,0,43.1,3.8,0,0,1,1,0.995
1,1,1.18,0,,0,0.0,0.0,5,1,1,1,1.0
1,0,0.71,14,0.67,0,57.8,12.3,0,0,0,0,0.22669047619047616
1,1,3.96,17,1.93,2,69.8,3.1,0,0,0,0,0.022666666666666665
0,0,3.31,24,,6,20.4,2.0,0,1,1,1,0.9558333333333333
1,0,0.96,14,1.01,1,66.6,6.0,0,0,0,0,0.011666666666666665
1,0,2.07,24,,0,0.0,0.0,0,1,1,1,1.0
1,0,3.6,21,,0,79.3,6.1,0,1,1,1,0.5613690476190476
1,1,3.13,7,,0,1.8,0.2,0,1,1,1,0.938
1,0,3.84,0,,1,3.8,0.9,7,1,1,1,1.0
1,0,0.87,12,0.0,0,24.2,1.1,0,0,1,1,1.0
0,0,0.42,26,1.55,0,75.3,5.7,0,0,0,0,0.06052380952380952
0,0,0.73,15,0.0,1,45.6,5.9,0,0,1,1,1.0
1,1,1.84,13,0.1,0,47.8,3.9,0,0,0,0,0.015
1,1,5.89,20,0.01,0,110.4,9.7,0,0,0,0,0.0075
0,0,5.28,10,,0,6.1,0.6,0,1,1,1,0.9764285714285714
1,0,3.13,20,0.82,0,82.0,4.0,0,0,0,0,0.009000000000000001
1,0,6.3,24,1.63,1,58.9,1.4,0,0,0,0,0.15452380952380954
0,0,2.32,56,,2,1.8,0.5,0,1,1,1,0.9454166666666666
1,0,0.91,14,1.06,0,39.4,3.3,0,0,0,0,0.013333333333333332
1,1,0.32,15,1.66,0,73.4,6.4,0,0,0,0,0.019555555555555555
1,1,3.91,21,,0,4.8,1.9,0,1,1,1,0.9076666666666666
1,1,7.48,16,1.62,0,14.5,1.5,0,0,0,0,0.08561111111111112
1,0,1.46,14,0.0,1,9.5,0.4,0,0,1,1,1.0
0,0,4.86,41,0.0,0,179.1,6.2,0,0,1,1,0.8635476190476191
1,0,0.09,16,1.88,0,32.9,1.7,0,0,0,0,0.01
1,0,1.99,23,,3,61.9,3.4,0,1,1,1,0.9161666666666668
0,0,2.61,25,0.33,0,58.0,4.2,0,0,0,0,0.013047619047619047
1,0,5.33,33,,0,5.4,0.8,0,1,1,1,0.7644126984126985
1,0,1.59,14,,0,6.2,0.9,0,1,1,1,0.9487857142857143
1,1,2.19,16,1.83,0,34.9,1.9,0,0,1,0,0.022083333333333333
1,1,6.97,28,,0,74.2,5.2,0,1,0,1,0.6429563492063493
1,0,1.83,13,0.11,0,54.1,5.3,0,0,0,0,0.010833333333333332
1,0,0.75,8,1.22,0,19.6,1.5,0,0,0,0,0.09702380952380953
1,0,0.41,15,0.0,0,12.5,1.7,0,0,1,1,1.0
1,1,7.22,22,,0,292.1,24.6,0,1,1,1,0.7533888888888888
0,0,2.6,38,,0,40.3,1.3,0,1,1,1,0.8838809523809524
1,0,0.62,23,,0,10.9,0.6,0,1,1,1,0.988
1,1,1.33,25,0.0,0,63.4,4.6,0,0,1,1,1.0
1,0,1.96,8,0.0,0,0.0,0.0,0,0,1,1,1.0
1,0,2.87,12,1.08,0,17.1,1.7,0,0,0,0,0.02075
1,1,1.48,22,0.0,1,0.0,0.0,0,0,1,1,1.0
1,0,4.25,20,1.7,0,150.2,6.3,0,0,0,0,0.06416666666666666
1,0,7.3,20,0.99,0,260.2,11.6,0,0,0,0,0.025249999999999998
1,0,2.17,28,,0,55.5,16.0,0,1,1,1,0.94475
1,1,2.26,12,1.64,0,16.2,0.7,0,0,0,0,0.012916666666666665
1,0,0.12,10,1.85,0,5.5,1.1,0,0,0,0,0.07539285714285714
1,0,2.59,20,1.4,0,169.8,10.9,0,0,0,0,0.1000952380952381
1,0,2.01,6,,1,47.4,3.3,0,1,1,1,0.6562698412698412
1,0,3.13,17,,0,85.2,4.7,0,1,1,1,0.875
1,1,0.73,15,1.24,0,26.7,0.5,0,0,0,0,0.12470238095238095
1,0,5.94,34,,0,41.5,7.2,0,1,1,1,0.6326547619047619
1,1,6.57,10,1.13,1,87.0,5.8,0,0,0,0,0.015
1,1,11.6,21,0.44,0,44.3,3.1,0,0,0,0,0.0325
0,0,2.47,29,,0,25.9,1.6,0,1,1,1,0.8416161616161617
1,0,0.83,12,0.0,0,115.3,13.5,0,0,1,1,0.991
1,1,2.93,14,0.0,1,10.2,0.4,0,0,1,1,0.995
0,0,0.41,60,0.58,3,74.2,8.2,0,0,0,0,0.09616666666666668
1,0,4.56,24,0.0,0,61.5,4.6,0,0,1,1,0.9914285714285714
1,1,2.19,16,1.73,0,51.0,3.4,0,0,0,0,0.029857142857142856
0,0,3.47,26,,0,38.6,1.8,0,1,0,1,0.9476666666666667
1,0,1.0,26,,0,5.7,0.2,0,1,1,1,0.9754999999999998
1,0,3.23,23,,1,6.0,0.5,0,1,1,1,1.0
1,0,2.57,21,,1,8.7,1.2,0,1,1,1,1.0
0,0,2.52,0,,0,0.0,0.0,6,1,1,1,1.0
0,0,0.21,27,0.0,0,27.7,0.7,0,0,1,1,0.975
1,0,1.01,26,,0,12.1,2.3,0,1,1,1,0.9773214285714286
1,1,6.51,15,1.21,0,59.6,5.7,0,0,0,0,0.0
1,1,2.67,15,1.26,0,16.9,2.2,0,0,0,0,0.009166666666666667
1,1,3.05,72,,0,96.4,115.3,0,1,1,1,0.83475
1,1,0.66,15,1.31,0,92.0,4.6,0,0,0,0,0.013357142857142859
1,0,3.97,21,0.4,0,43.0,3.6,0,0,0,0,0.03133333333333333
1,1,2.5,40,1.41,0,219.4,38.4,0,0,0,0,0.07483333333333332
1,0,8.95,42,0.0,0,37.6,5.6,0,0,1,1,0.9367222222222221
1,1,0.91,28,1.31,2,40.8,7.5,0,0,0,0,0.08309523809523808
1,1,7.0,21,0.42,0,114.1,5.8,0,0,0,0,0.021666666666666664
1,1,2.52,22,,0,4.6,0.4,0,1,1,1,0.9933333333333333
0,0,3.23,21,,0,6.9,0.8,0,1,1,1,1.0
1,1,6.78,16,1.63,0,55.8,3.3,0,0,0,0,0.03333333333333333
0,0,4.21,24,0.0,0,36.9,1.4,0,0,1,1,1.0
1,1,0.81,15,1.16,0,34.4,4.3,0,0,0,0,0.008388888888888888
1,0,1.97,13,0.0,0,69.8,7.7,0,0,1,1,1.0
1,0,2.9,12,0.87,0,101.8,6.5,0,0,0,0,0.0
1,0,3.97,21,0.44,0,77.4,5.2,0,0,0,0,0.018928571428571427
1,0,0.73,133,,0,485.9,72.3,0,1,0,1,0.5242023809523808
1,0,1.98,22,,2,70.3,2.5,0,1,1,1,0.8485238095238096
0,0,1.54,24,0.0,4,37.4,2.5,0,0,1,1,0.99
1,1,3.01,10,1.12,0,10.5,8.0,0,0,0,0,0.065
1,1,4.05,18,1.84,1,49.2,3.8,0,0,0,0,0.003333333333333333
1,1,1.33,28,0.89,0,39.5,5.1,0,0,0,0,0.15008333333333332
1,0,3.01,12,0.96,0,54.8,4.7,0,0,0,0,0.0
1,1,3.22,20,,1,22.5,0.9,0,1,1,1,0.97
1,0,0.05,7,1.92,0,6.1,0.4,0,0,0,0,0.007333333333333334
1,0,0.01,3,0.0,0,0.0,0.0,0,0,1,1,1.0
1,0,2.66,0,,0,0.0,0.0,0,1,1,1,1.0
1,1,3.29,28,0.55,0,144.9,6.0,0,0,0,0,0.06904761904761905
1,0,2.05,31,0.0,0,79.2,10.7,0,0,1,1,1.0
1,0,2.92,12,1.0,0,7.6,0.3,0,0,0,0,0.014166666666666666
1,0,1.09,22,0.88,0,41.2,2.2,0,0,0,0,0.014500000000000002
1,1,2.0,7,,0,28.2,2.9,0,1,1,1,0.5854404761904761
0,0,5.69,13,,0,0.0,0.0,0,1,1,1,1.0
1,1,2.47,22,1.44,0,86.6,7.1,0,0,0,0,0.1025
1,1,2.55,22,,0,46.0,2.1,0,1,1,1,0.8398333333333333
1,1,0.59,24,0.0,0,60.4,3.7,0,0,1,1,1.0
1,1,1.01,16,0.0,0,0.0,0.0,0,0,1,1,1.0
1,1,2.32,15,1.05,0,46.6,3.0,0,0,1,0,0.2146428571428571
1,0,4.07,19,1.82,4,25.5,1.8,0,0,0,0,0.039285714285714285
1,0,4.33,16,0.0,0,35.0,0.6,0,0,1,1,1.0
0,0,1.45,0,,0,0.0,0.0,0,1,1,1,1.0
1,1,0.18,31,1.24,0,145.3,3.3,0,0,0,0,0.1817738095238095
0,0,4.35,35,,0,12.2,0.3,0,1,1,1,0.9300000000000002
1,0,0.06,8,1.92,0,25.4,2.2,0,0,0,0,0.004583333333333333
1,0,1.58,13,0.35,0,4.5,0.2,0,0,0,0,0.014047619047619047
1,0,0.66,14,1.31,0,45.5,1.4,0,0,0,0,0.07416666666666667
1,1,2.21,17,1.72,0,50.7,2.4,0,0,0,0,0.06069047619047619
1,0,0.95,22,1.02,0,16.0,1.4,0,0,0,0,0.026000000000000002
1,0,0.01,2,0.0,0,0.0,0.0,0,0,1,1,1.0
1,0,0.72,14,1.26,0,30.0,6.7,0,0,0,0,0.016666666666666666
1,0,2.31,24,0.0,0,62.2,7.4,0,0,1,1,0.98
1,0,3.06,12,0.88,0,106.4,7.9,0,0,0,0,0.0
1,0,4.01,16,,0,13.3,1.5,0,1,1,1,0.8463333333333334
0,0,3.28,16,,1,90.5,4.6,0,1,1,1,0.8583571428571429
1,0,2.75,25,0.16,0,110.8,10.9,0,0,0,0,0.04033333333333333
1,0,1.37,13,0.61,0,59.3,4.8,0,0,0,0,0.16898412698412696
1,1,0.14,15,1.12,1,8.1,0.7,0,0,0,0,0.06454761904761903
0,0,1.26,19,,0,57.1,11.4,0,1,1,1,0.9059999999999998
1,0,1.2,14,0.77,0,21.9,1.3,0,0,0,0,0.0315
1,0,2.37,21,0.12,0,5.3,0.7,0,0,0,0,0.1134047619047619
0,0,1.74,13,,0,0.0,0.0,0,1,1,1,1.0
1,1,6.27,18,1.84,0,18.0,2.7,0,0,0,0,0.006666666666666666
1,1,3.93,17,1.15,0,40.0,5.7,0,0,1,1,0.5142380952380952
1,0,1.07,15,0.0,1,14.0,1.3,0,0,1,1,0.99
0,0,7.67,34,0.0,0,94.8,7.7,0,0,1,1,0.9708571428571428
1,0,2.01,22,,7,2.1,0.6,0,1,1,1,1.0
1,1,7.84,20,1.57,0,193.7,15.7,0,0,0,0,0.0325
0,0,0.0,0,,0,0.0,0.0,0,1,1,1,1.0
1,1,2.98,20,,0,0.0,0.0,0,1,1,1,1.0
1,1,3.28,27,0.0,3,20.5,3.4,0,0,1,1,0.995
0,0,1.95,24,,0,71.2,5.6,0,1,1,1,0.7892857142857143
1,0,0.14,16,,0,19.5,1.6,0,1,0,1,0.8563253968253965
0,0,1.98,24,,0,0.0,0.0,0,1,1,1,1.0
1,0,2.43,25,0.0,1,26.4,1.8,0,0,1,1,1.0
1,0,1.47,21,0.46,2,67.6,3.5,0,0,0,0,0.08958333333333333
0,0,0.28,26,0.7,0,32.1,2.6,0,0,0,0,0.2944166666666667
0,0,1.12,23,,0,36.7,5.0,0,1,1,1,0.9373809523809524
1,0,1.74,21,0.17,0,50.7,3.5,0,0,0,0,0.01
1,0,0.87,24,1.11,0,107.3,6.8,0,0,0,0,0.2825952380952381
1,1,0.96,20,0.0,3,0.0,0.0,0,0,1,1,1.0
1,1,6.16,10,1.24,0,38.1,2.4,0,0,0,0,0.0
1,1,4.69,15,1.2,0,69.8,5.9,0,0,0,0,0.003333333333333333
0,0,2.0,0,,0,0.2,0.0,0,1,1,1,0.995
1,1,10.85,15,1.34,0,18.2,1.1,0,0,0,0,0.10343939393939394
1,0,2.19,14,1.99,0,75.7,4.7,0,0,0,0,0.0435
0,0,1.02,21,,1,46.7,5.6,0,1,1,1,0.8927676767676767
1,0,2.11,16,,0,87.0,5.7,0,1,0,0,0.4795476190476191
0,0,2.01,22,,0,0.0,0.0,0,1,1,1,1.0
1,0,3.24,12,0.9,0,34.9,1.2,0,0,0,0,0.035111111111111114
0,0,0.96,0,0.0,3,0.0,0.0,5,0,1,1,1.0
1,1,7.12,10,1.36,0,152.7,6.6,0,0,0,0,0.026666666666666665
1,1,1.62,12,0.36,0,87.5,3.3,0,0,0,0,0.04458333333333333
1,0,2.08,19,1.84,0,26.5,1.4,0,0,0,0,0.09308333333333334
1,0,1.08,20,0.89,0,161.3,8.3,0,0,0,0,0.012
1,1,2.28,17,0.0,0,2.9,0.1,0,0,1,1,0.99
1,0,0.14,4,0.57,1,50.5,5.7,0,0,0,0,0.25914285714285723
1,0,1.25,14,0.72,0,45.1,5.3,0,0,0,0,0.06221428571428571
1,0,6.58,20,0.99,0,91.8,9.7,0,0,0,0,0.005333333333333333
1,1,1.45,0,,0,1.7,0.2,3,1,1,1,1.0
1,1,2.52,35,,0,100.1,8.3,0,1,1,1,0.6649841269841269
1,1,5.02,21,0.38,0,125.2,8.0,0,0,0,0,0.027000000000000003
1,0,3.17,21,,0,48.6,2.1,0,1,1,1,0.9402619047619047
1,0,0.82,16,0.0,0,10.1,0.7,0,0,1,1,1.0
1,1,3.06,37,0.0,2,184.2,73.5,0,0,1,1,0.9709166666666667
1,0,1.52,22,0.79,0,115.4,5.9,0,0,0,0,0.06833333333333333
1,1,2.1,22,1.85,0,69.0,7.9,0,0,0,0,0.018333333333333333
1,1,4.2,21,,1,0.2,0.0,0,1,1,1,0.9671428571428574
1,0,3.06,22,,0,0.0,0.0,0,1,1,1,1.0
0,0,1.11,16,0.0,1,0.0,0.0,0,0,1,1,1.0
1,1,3.78,21,0.22,0,28.5,1.8,0,0,0,0,0.012
1,0,1.98,24,,0,8.0,0.7,0,1,1,1,0.9975
1,0,0.36,16,0.0,0,25.2,2.1,0,0,1,1,1.0
1,0,0.1,16,1.88,0,34.2,2.7,0,0,0,0,0.002
1,0,7.11,21,0.38,0,23.7,1.3,0,0,0,0,0.0125
0,0,0.7,137,,1,37.9,3.8,0,1,1,1,0.8290634920634921
1,0,2.12,21,,0,0.0,0.0,0,1,1,1,1.0
1,1,3.2,17,,0,7.8,1.0,4,1,1,1,0.9631666666666666
1,1,3.67,12,0.22,0,42.7,2.8,0,0,0,0,0.005833333333333333
1,1,3.01,38,,2,1706.2,116.4,0,1,1,0,0.49780952380952376
1,1,0.78,15,1.19,0,100.7,6.2,0,0,0,0,0.0
1,0,0.62,14,1.36,0,34.5,1.9,0,0,0,0,0.013333333333333332
1,1,7.81,15,1.78,0,15.1,0.6,0,0,0,0,0.0365
1,0,1.04,143,0.4,0,81.6,46.9,0,0,0,0,0.18152380952380953
1,0,1.18,20,0.8,0,192.2,23.4,0,0,0,0,0.024999999999999994
1,0,4.11,15,1.8,0,44.5,3.2,0,0,0,0,0.03404761904761904
1,1,1.47,18,,0,0.0,0.0,0,1,1,1,1.0
0,0,0.96,25,0.02,0,97.1,7.0,0,0,0,0,0.0921904761904762
1,1,0.49,14,1.48,0,42.4,4.3,0,0,1,0,0.40988888888888897
1,1,2.7,15,1.22,0,21.3,0.9,0,0,0,0,0.014880952380952382
0,0,3.78,32,0.0,2,51.1,13.6,0,0,1,1,0.9852380952380951
0,0,9.19,20,,0,0.0,0.0,0,1,1,1,0.9508333333333333
1,1,2.27,38,,1,48.3,10.1,0,1,1,1,0.875404761904762
1,0,7.4,22,1.07,0,21.9,1.6,0,0,0,0,0.0825
1,1,2.39,18,1.49,0,58.9,5.2,0,0,0,0,0.4275833333333333
1,0,2.84,8,0.0,0,0.0,0.0,0,0,1,1,1.0
1,1,1.24,16,1.64,0,76.5,9.3,0,0,0,0,0.07527777777777778
1,1,0.74,41,1.25,1,174.0,10.4,0,0,0,0,0.05492857142857143
1,0,1.17,15,0.0,0,31.5,4.2,0,0,1,1,1.0
1,0,0.92,22,1.05,0,69.0,10.0,0,0,0,0,0.04445238095238095
1,1,2.32,11,1.59,0,36.0,2.6,0,0,0,0,0.1103452380952381
1,0,1.1,0,0.0,0,3.1,0.2,0,0,1,1,1.0
0,0,5.62,24,,0,48.9,2.3,0,1,1,1,0.6434761904761905
1,1,0.12,9,1.89,1,30.0,2.0,0,0,0,0,0.06842857142857144
1,0,8.12,22,0.03,0,43.1,3.1,0,0,0,0,0.01
1,0,2.89,22,1.06,0,24.8,2.2,0,0,0,0,0.01
1,0,1.6,23,0.0,0,3.3,0.5,0,0,1,1,1.0
1,0,2.85,24,,0,8.4,2.5,0,1,1,1,0.907079365079365
1,1,0.73,30,1.24,0,111.6,12.7,0,0,0,0,0.01
1,1,0.63,16,1.35,0,118.3,6.3,0,0,0,0,0.1351309523809524
1,0,0.92,13,0.0,0,38.0,5.6,0,0,1,1,1.0
1,1,2.21,0,,0,0.0,0.0,7,1,1,1,1.0
1,1,3.82,21,0.16,1,84.7,4.5,0,0,0,0,0.003333333333333333
0,0,9.15,12,,0,6.0,3.2,6,1,0,0,0.33625
0,0,1.71,0,,0,0.0,0.0,0,1,1,1,1.0
1,1,1.36,27,0.72,0,17.4,3.4,0,0,0,0,0.18936904761904763
1,0,6.45,21,0.19,0,20.2,1.4,0,0,0,0,0.0025
1,1,8.82,21,0.0,0,132.0,11.8,0,0,1,1,0.9566666666666667
0,0,2.86,13,,0,0.0,0.0,0,1,1,1,1.0
0,0,1.17,10,,0,0.0,0.0,0,1,1,1,1.0
1,0,3.23,11,0.76,0,16.1,1.9,0,0,0,0,0.2979285714285714
1,0,0.69,21,0.42,0,40.5,2.3,0,0,0,0,0.138
1,0,1.5,31,0.0,1,0.0,0.0,0,0,1,1,1.0
1,0,1.25,17,,0,24.1,1.6,0,1,1,1,0.8493055555555558
1,1,6.12,19,1.68,0,45.2,1.6,0,0,1,0,0.01369047619047619
0,0,1.64,22,0.04,0,0.0,0.0,0,0,1,1,0.9985714285714287
1,0,4.36,32,,0,152.2,19.2,0,1,1,1,0.6291904761904763
1,0,0.32,21,1.65,0,45.7,13.8,0,0,0,0,0.09273809523809526
1,0,3.98,22,0.02,0,165.7,14.8,0,0,0,0,0.01375
1,0,2.07,14,,0,71.0,7.1,0,1,1,0,0.45898412698412694
1,0,5.0,10,,0,1.9,0.1,4,1,1,1,0.9816666666666666
1,1,5.83,15,1.08,0,48.5,1.6,0,0,0,0,0.04242857142857143
1,0,0.2,15,1.01,0,5.4,2.4,0,0,0,0,0.22373809523809524
1,1,2.28,16,1.67,1,38.2,3.3,0,0,0,0,0.054412698412698406
0,0,3.42,21,,0,9.5,0.4,0,1,1,1,0.9921666666666666
1,0,0.08,0,,0,0.0,0.0,0,1,1,1,1.0
1,0,0.76,19,,5,1.1,1.1,0,1,1,1,0.9863095238095237
1,0,2.01,22,,1,34.2,1.3,0,1,1,1,0.9919999999999999
0,0,2.01,38,,0,9.8,0.6,0,1,1,1,0.9866666666666667
1,0,2.97,20,0.0,0,20.6,1.0,0,0,1,1,1.0
1,0,0.27,0,1.95,0,9.6,0.7,0,0,0,0,0.18518398268398267
1,1,5.28,17,1.66,0,138.8,8.6,0,0,0,0,0.03183333333333333
1,1,0.35,23,0.0,0,101.5,6.8,0,0,1,1,1.0
1,0,2.34,21,,0,50.7,5.0,0,1,1,1,0.6512380952380953
1,0,1.36,18,0.0,0,8.2,0.6,0,0,1,1,1.0
1,1,3.38,12,0.48,0,38.4,0.9,0,0,0,0,0.0845
0,0,2.5,24,,0,5.5,0.3,0,1,1,1,0.9691666666666667
0,0,0.68,26,0.0,0,6.9,2.2,0,0,1,1,0.9916666666666667
1,0,2.07,20,,0,2.8,0.4,0,1,1,1,1.0
0,0,0.27,19,0.0,0,0.0,0.0,0,0,1,1,1.0
1,1,3.63,16,1.67,0,3.5,0.8,0,0,0,0,0.06819047619047619
1,1,0.14,15,1.83,0,56.3,3.2,0,0,0,0,0.0
1,0,4.61,20,0.0,0,45.2,5.3,0,0,1,1,0.995
1,0,1.78,20,0.14,0,48.0,4.6,0,0,0,0,0.3388809523809524
1,1,2.01,23,,0,17.2,1.0,0,1,1,1,0.9554404761904762
1,0,0.92,0,0.0,1,5.5,0.6,0,0,1,1,1.0
1,1,7.1,21,0.26,0,27.7,1.7,0,0,0,0,0.003333333333333333
1,0,7.0,12,,0,6.4,2.0,6,1,0,0,0.3961230158730158
0,0,1.65,24,0.0,0,5.0,0.2,0,0,1,1,0.9983333333333333
1,0,3.86,22,0.0,0,37.1,3.3,0,0,1,1,1.0
0,0,2.15,22,,0,5.7,0.4,0,1,1,1,1.0
1,1,1.14,14,1.83,4,19.9,3.5,0,0,0,0,0.11544047619047618
0,0,3.99,23,0.0,4,76.3,3.4,0,0,1,1,0.9644230769230769
1,1,2.07,21,,0,0.0,0.0,0,1,1,1,1.0
1,1,0.58,23,0.0,1,0.0,0.0,0,0,1,1,1.0
0,0,1.51,14,0.0,0,0.0,0.0,0,0,1,1,1.0
1,1,2.62,15,1.26,0,17.8,3.1,0,0,0,0,0.009166666666666665
1,0,1.97,14,0.0,0,142.6,5.9,0,0,1,1,0.8956666666666665
1,0,0.65,14,0.0,0,82.8,6.1,0,0,1,1,1.0
1,0,1.42,23,,0,17.3,5.0,0,1,1,1,0.9646666666666667
0,0,1.76,18,0.0,0,1.6,0.2,0,0,1,1,1.0
1,0,3.09,19,,1,7.3,0.5,0,1,1,1,1.0
1,0,3.78,0,,0,0.4,0.0,1,1,1,1,0.995
0,0,2.02,0,,0,0.0,0.0,0,1,1,1,1.0
1,1,0.89,24,1.08,0,62.7,5.1,0,0,0,0,0.034595238095238096
1,0,1.94,14,0.03,0,40.8,1.3,0,0,1,0,0.06246031746031745
1,1,2.17,17,1.76,0,138.8,8.6,0,0,0,0,0.018928571428571427
0,0,0.88,21,,0,36.0,1.0,0,1,1,1,0.9690317460317459
1,0,0.13,56,0.01,0,0.0,0.0,0,0,1,1,0.9966666666666667
1,1,1.99,0,,1,0.2,0.0,0,1,1,1,0.995
1,0,2.01,24,,0,0.9,0.1,0,1,1,1,1.0
1,0,6.32,21,0.34,0,92.1,9.7,0,0,0,0,0.005333333333333333
0,0,2.96,24,,0,16.7,2.6,0,1,0,1,0.985
1,0,0.93,14,1.05,0,46.7,7.0,0,0,0,0,0.006666666666666666
1,0,6.21,21,0.19,0,9.3,1.0,0,0,0,0,0.015
1,0,3.06,12,0.88,0,11.1,0.7,0,0,0,0,0.003333333333333333
1,1,7.74,24,1.85,0,118.9,9.3,0,0,0,0,0.03416666666666666
1,0,1.97,23,0.0,0,8.2,0.4,0,0,1,1,1.0
1,0,2.12,24,,0,15.8,3.2,0,1,1,1,0.9825
1,0,0.33,12,0.56,0,101.3,3.6,0,0,0,0,0.05536111111111111
1,0,0.46,14,1.52,0,7.7,0.3,0,0,0,0,0.2734404761904761
1,1,1.99,22,,0,2.1,0.1,0,1,1,1,1.0
1,1,6.5,23,1.05,0,178.6,8.7,0,0,0,0,0.13533333333333336
1,1,2.6,15,1.31,1,151.8,15.9,0,0,0,0,0.013333333333333332
1,0,1.97,29,0.0,0,43.9,2.5,0,0,1,1,0.9954166666666667
1,0,1.19,14,0.78,1,5.3,0.2,0,0,0,0,0.08966666666666664
1,0,0.0,0,0.0,0,0.0,0.0,0,0,1,1,1.0
0,0,1.84,41,,0,99.2,4.4,0,1,1,1,0.5764206349206349
1,0,4.9,13,0.0,3,17.0,1.2,0,0,1,1,1.0
1,0,2.31,33,,0,0.0,0.0,0,1,1,1,1.0
1,0,5.08,21,0.19,0,49.9,2.4,0,0,0,0,0.0
1,1,1.4,12,0.51,0,47.3,4.7,0,0,0,0,0.0016666666666666666
0,0,2.14,17,,1,4.8,0.3,0,1,1,1,0.9951428571428571
1,0,0.97,28,0.22,0,62.4,6.6,0,0,1,0,0.23187698412698413
1,0,2.27,42,,0,0.0,0.0,0,1,1,1,1.0
1,1,3.36,20,0.61,0,73.8,3.2,0,0,0,0,0.08804761904761904
1,0,1.0,14,0.97,0,27.4,1.9,0,0,0,0,0.024285714285714285
1,1,1.97,30,0.0,0,59.9,6.3,0,0,1,1,1.0
0,0,1.41,35,0.0,0,79.6,4.2,0,0,1,1,0.9847619047619048
1,0,2.18,13,,0,177.5,5.2,0,1,1,1,0.5019285714285715
0,0,3.76,56,,0,0.0,0.0,0,1,1,1,1.0
1,0,2.08,22,,1,21.0,1.2,0,1,1,1,0.9933333333333333
1,0,1.18,14,0.03,0,122.8,12.5,0,0,0,0,0.1588015873015873
1,0,3.04,12,0.9,0,16.8,1.0,0,0,0,0,0.005
1,0,5.68,29,0.0,0,12.6,1.2,0,0,1,1,0.9816666666666667
1,1,2.79,15,1.13,0,2.8,0.1,0,0,0,0,0.1519761904761905
0,0,1.74,21,,0,0.0,0.0,0,1,1,1,1.0
1,0,1.51,13,,0,0.0,0.0,0,1,1,1,1.0
1,0,0.7,13,1.12,2,55.1,4.8,0,0,0,0,0.22247619047619047
1,0,3.75,26,,0,33.5,1.9,0,1,1,1,0.9722857142857143
1,0,2.9,12,1.01,0,2.9,0.5,0,0,0,0,0.0
1,1,2.79,13,,0,0.0,0.0,0,1,1,1,1.0
1,1,4.2,23,1.7,0,125.6,7.5,0,0,0,0,0.06366666666666666
1,1,1.39,17,1.61,0,22.1,1.0,0,0,1,0,0.13607142857142857
1,0,1.47,198,0.0,1,429.4,28.1,0,0,1,1,0.8165277777777777
1,0,0.36,12,0.92,0,32.3,2.0,0,0,0,0,0.09535714285714286
1,1,7.72,17,1.95,0,21.2,2.3,0,0,0,0,0.044500000000000005
0,0,0.07,27,0.0,0,0.0,0.0,0,0,1,1,0.9933333333333334
1,0,2.64,14,0.0,0,88.2,8.1,0,0,1,1,0.98
1,1,5.93,21,0.47,0,36.5,2.9,0,0,0,0,0.034
1,1,2.11,24,,0,9.0,1.2,0,1,1,1,0.9529761904761904
1,1,2.13,22,,0,14.3,1.6,0,1,1,1,0.8850714285714285
1,0,2.55,21,0.0,2,84.7,7.1,0,0,1,1,0.9985714285714287
1,0,1.88,14,0.06,0,98.4,7.5,0,0,0,0,0.015214285714285713
1,0,2.5,21,,0,40.3,2.0,0,1,1,1,0.922845238095238
1,1,1.67,22,,0,0.0,0.0,0,1,1,1,1.0
1,1,1.65,12,0.27,0,12.9,2.1,0,0,0,0,0.10602380952380953
1,0,2.4,0,,0,0.5,0.1,1,1,1,1,0.9813333333333333
1,0,2.06,21,1.84,0,7.3,0.6,0,0,0,0,0.06829761904761904
1,0,1.7,23,,0,18.3,1.1,0,1,1,1,0.99
1,0,0.28,19,,2,0.0,0.0,0,1,1,1,1.0
1,1,3.22,20,1.69,0,54.6,3.2,0,0,0,0,0.06178571428571429
1,1,1.25,0,0.76,0,37.7,1.8,0,0,1,1,0.875142857142857
0,0,0.76,17,0.0,0,19.3,1.1,0,0,1,1,1.0
0,0,3.74,32,0.0,0,15.4,0.3,0,0,1,1,0.9833333333333334
1,0,1.02,14,0.95,1,56.6,10.6,0,0,0,0,0.030619047619047615
1,1,4.53,24,,0,27.8,1.1,0,1,1,1,0.8801865079365079
1,1,6.08,18,1.58,0,5.5,0.5,0,0,0,0,0.12235714285714286
1,1,2.28,15,1.68,0,37.2,1.6,0,0,0,0,0.10495238095238094
1,0,0.78,30,0.0,0,3.7,0.1,0,0,1,1,1.0
1,1,2.84,15,1.08,0,108.2,4.7,0,0,0,0,0.19377777777777777
1,0,4.91,24,,0,15.4,0.7,0,1,0,1,0.90275
1,1,2.47,23,,0,3.6,1.7,0,1,1,1,0.9933333333333333
1,0,3.57,12,0.36,0,15.2,1.9,0,0,1,1,0.5123809523809524
1,0,6.0,30,0.0,3,24.0,1.9,0,0,1,1,0.97
1,0,0.62,24,0.0,2,60.4,6.3,0,0,1,1,0.9865714285714285
1,1,2.22,20,0.55,0,55.1,3.2,0,0,0,0,0.15083333333333335
1,1,2.08,16,,0,46.0,4.8,0,1,1,1,0.6240515873015873
1,0,0.21,30,1.76,0,41.1,5.2,0,0,0,0,0.07626190476190477
1,0,7.52,25,0.1,0,39.0,3.3,0,0,0,0,0.03635714285714286
1,1,2.78,21,,0,4.4,0.3,0,1,1,1,0.9895833333333335
1,0,4.45,23,,0,15.4,0.7,0,1,1,1,0.9733333333333333
1,0,2.53,20,1.41,0,237.5,15.0,0,0,0,0,0.07366666666666666
0,0,2.5,28,,0,31.8,1.4,0,1,1,1,0.9476666666666668
1,1,1.88,14,0.08,0,3.4,0.2,0,0,0,0,0.1184047619047619
1,1,4.29,24,0.71,0,44.6,4.9,0,0,0,0,0.0275
0,0,0.95,0,,0,0.0,0.0,0,1,1,1,1.0
0,0,3.82,20,,0,3.3,0.2,0,1,1,1,0.9814285714285714
1,0,4.45,24,,0,5.2,0.4,0,1,1,1,0.9816666666666666
1,1,0.56,16,1.67,0,22.6,1.2,0,0,0,0,0.1407738095238095
1,0,0.96,23,0.0,0,7.2,0.4,0,0,1,1,1.0
0,0,2.41,10,,0,0.0,0.0,0,1,1,1,1.0
0,0,2.24,36,,1,11.3,1.3,0,1,1,1,0.9810714285714285
1,1,6.53,15,1.86,0,39.7,1.9,0,0,0,0,0.019833333333333335
1,0,2.87,12,1.05,0,17.2,1.1,0,0,0,0,0.0
1,1,4.3,98,,0,0.0,0.0,0,1,1,1,0.958
1,0,5.15,23,1.51,0,116.3,13.9,0,0,0,0,0.059833333333333336
1,1,2.68,17,,0,0.8,0.2,0,1,1,1,0.9833333333333333
1,1,3.13,24,,0,106.0,12.4,0,1,1,1,0.5880238095238096
1,0,0.06,9,1.91,0,3.4,0.2,0,0,0,0,0.030238095238095238
1,1,5.14,15,1.49,0,68.0,6.3,1,0,0,0,0.002
1,0,4.9,10,,0,0.5,0.0,0,1,1,1,0.9421666666666667
1,1,2.82,10,1.1,1,18.1,1.9,0,0,0,0,0.03777777777777778
1,0,0.24,0,1.98,1,55.2,4.6,0,0,0,0,0.031952380952380954
1,0,0.99,21,0.98,0,61.2,4.1,0,0,0,0,0.07683333333333334
1,0,0.56,0,,0,0.0,0.0,7,1,1,1,1.0
1,0,1.2,23,0.0,0,0.0,0.0,0,0,1,1,1.0
1,0,1.81,24,0.0,0,49.7,5.6,0,0,1,1,1.0
1,0,1.68,21,0.28,0,149.3,21.9,0,0,0,0,0.1111904761904762
1,0,2.87,15,0.0,0,131.8,5.3,0,0,1,1,0.99
1,1,1.98,24,,0,62.2,2.7,0,1,1,1,0.9105
1,1,2.28,23,,0,0.0,0.0,0,1,1,1,1.0
0,0,6.19,53,,2,0.0,0.0,0,1,1,1,0.9258333333333333
1,0,1.92,14,0.03,0,9.8,0.5,0,0,0,0,0.04133333333333334
1,0,6.19,24,,0,17.4,0.7,0,1,1,1,0.6366269841269839
0,0,2.21,0,,0,0.0,0.0,0,1,1,1,1.0
1,0,0.39,17,1.59,0,24.6,3.6,0,0,0,0,0.04676190476190476
1,1,1.27,17,1.67,2,48.7,3.7,0,0,0,0,0.15194444444444444
1,0,4.03,21,,0,23.3,1.5,0,1,1,1,0.868
0,0,2.45,32,,0,26.0,2.8,0,1,1,1,0.9248809523809522
1,0,1.01,13,0.96,2,45.5,1.3,0,0,1,0,0.258547619047619
1,0,1.62,24,0.0,0,39.6,1.6,0,0,1,1,0.9966666666666666
1,0,2.18,24,,0,25.8,1.6,0,1,1,1,0.8779166666666667
1,0,6.45,10,0.62,0,28.6,4.6,0,0,1,0,0.4274285714285715
1,1,0.74,30,1.24,0,35.9,1.8,0,0,0,0,0.03983333333333333
1,0,3.83,0,,0,2.3,0.5,5,1,1,1,1.0
1,0,1.15,12,0.0,1,29.6,3.8,0,0,1,1,0.99
1,0,1.31,22,0.0,0,0.0,0.0,0,0,1,1,1.0
1,0,1.52,0,,0,0.0,0.0,7,1,1,1,1.0
1,0,1.88,14,0.09,0,116.1,8.6,0,0,0,0,0.013500000000000002
1,0,2.48,13,0.0,0,16.1,0.5,0,0,1,1,0.9933333333333333
0,0,4.41,20,,0,24.8,1.7,0,1,1,1,0.9733333333333334
1,0,2.88,22,0.0,0,16.8,0.8,0,0,1,1,1.0
0,0,1.21,24,0.0,0,9.5,0.9,0,0,1,1,0.996
0,0,4.82,23,0.0,0,112.8,6.1,0,0,1,1,0.99
1,0,4.81,25,0.07,0,62.3,5.5,0,0,0,0,0.0
1,1,7.28,15,1.11,1,16.0,1.5,0,0,0,0,0.05716666666666666
0,0,4.5,0,,0,0.0,0.0,6,1,1,1,1.0
1,1,0.1,21,1.87,0,93.1,2.7,0,0,0,0,0.002
1,0,1.97,25,0.0,0,51.6,2.8,0,0,1,1,1.0
0,0,0.01,0,1.16,0,0.0,0.0,0,0,1,1,0.9975
0,0,1.45,21,0.0,0,0.0,0.0,0,0,1,1,1.0
0,0,2.04,21,,0,0.0,0.0,0,1,1,1,1.0
1,1,2.82,24,1.06,2,106.7,4.0,0,0,0,0,0.16934920634920636
1,1,2.59,0,,0,0.0,0.0,6,1,1,1,1.0
0,0,0.58,23,0.0,0,9.9,0.8,0,0,1,1,1.0
1,1,3.49,19,,0,10.5,0.6,0,1,1,1,0.9941666666666668
1,1,4.88,24,1.01,3,45.9,28.6,0,0,0,0,0.15156709956709957
1,0,1.49,33,,0,66.3,7.4,0,1,0,1,0.5722857142857142
1,0,1.98,21,,0,4.3,0.6,0,1,1,1,0.9985714285714287
1,0,4.56,40,,2,85.2,25.2,0,1,1,1,0.8843333333333334
1,0,1.9,23,0.95,1,39.2,39.8,0,0,1,0,0.2559047619047619
0,0,0.93,22,1.73,0,0.0,0.0,0,0,1,1,1.0
1,1,0.04,0,0.0,0,0.0,0.0,0,0,1,1,1.0
1,1,2.74,10,1.18,0,62.1,10.5,0,0,0,0,0.036904761904761905
1,0,0.21,11,0.0,0,34.7,1.8,0,0,1,1,0.991
1,0,1.84,22,,0,0.0,0.0,0,1,1,1,1.0
1,0,0.84,14,1.13,0,27.8,1.0,0,0,0,0,0.008
0,0,1.76,23,,1,0.0,0.0,0,1,1,1,1.0
1,0,0.21,17,0.0,0,17.8,2.9,0,0,1,1,1.0
1,1,4.11,16,,4,15.9,3.1,0,1,1,1,0.7514880952380952
1,1,0.25,10,1.72,0,18.5,2.9,0,0,0,0,0.264281746031746
0,0,0.85,26,0.0,1,110.0,10.1,0,0,1,1,0.99
1,1,1.11,31,0.86,0,59.8,6.2,0,0,0,0,0.11533333333333333
1,1,1.01,21,0.0,0,0.0,0.0,0,0,1,1,1.0
1,1,1.27,22,0.03,0,82.8,4.2,0,0,0,0,0.09483333333333334
1,0,1.82,14,0.03,0,38.0,2.5,0,0,0,0,0.047
0,0,0.6,21,0.0,1,0.0,0.0,0,0,1,1,1.0
1,0,2.29,13,0.0,0,93.6,22.0,0,0,1,1,0.9641666666666667
1,0,2.8,21,0.0,3,58.6,4.0,0,0,1,1,0.9966666666666667
1,1,9.42,24,,2,5.6,0.4,0,1,0,1,0.6550714285714285
1,0,6.88,17,1.59,0,3.9,0.7,2,0,0,0,0.21694444444444444
1,0,2.25,16,,0,0.8,0.1,0,1,1,1,0.9916666666666666
1,0,0.85,9,0.0,1,31.2,0.9,0,0,1,1,1.0
1,1,0.86,15,1.12,0,29.1,2.3,0,0,0,0,0.11171428571428571
1,0,0.09,16,1.88,0,71.7,3.6,0,0,0,0,0.022000000000000002
1,0,3.04,19,1.8,0,103.0,12.4,0,0,0,0,0.035833333333333335
1,0,6.06,24,,0,6.0,0.2,0,1,0,1,0.6906067821067821
0,0,0.38,12,0.0,0,20.1,2.3,0,0,1,1,1.0
0,0,1.84,0,0.0,0,0.0,0.0,1,0,1,1,1.0
1,0,1.74,29,0.0,0,28.2,3.4,0,0,1,1,1.0
1,1,0.54,24,1.43,0,65.0,4.9,0,0,0,0,0.04916666666666667
1,0,0.98,13,0.99,0,59.5,7.9,0,0,1,0,0.10708333333333332
1,0,6.92,17,1.87,1,28.4,6.6,0,0,0,0,0.05566666666666666
1,0,1.15,0,,0,14.3,2.2,0,1,1,1,0.9022500000000001
1,0,0.32,3,0.0,0,7.3,0.2,0,0,1,1,1.0
1,0,3.16,32,,0,71.5,8.7,0,1,1,1,0.9323809523809524
0,0,1.2,24,,0,46.1,1.6,0,1,1,1,0.9164761904761906
1,0,1.01,14,0.0,0,13.3,2.3,0,0,1,1,1.0
1,1,0.17,20,1.81,0,74.3,4.7,0,0,0,0,0.01
0,0,0.75,25,0.24,0,93.0,5.9,0,0,0,0,0.025333333333333333
1,1,2.01,12,1.92,0,44.5,4.2,0,0,0,0,0.05333333333333334
0,0,3.14,24,,0,10.6,0.9,0,1,1,1,0.9946666666666667
1,1,5.87,21,0.12,2,80.0,5.7,0,0,0,0,0.0025
1,0,2.08,0,,0,0.0,0.0,0,1,1,1,1.0
1,0,2.38,10,1.8,1,96.0,6.5,0,0,0,0,0.17182142857142857
1,1,0.64,13,1.82,0,73.7,7.1,0,0,0,0,0.04552380952380952
1,0,1.53,13,,0,154.7,24.2,0,1,1,1,0.7004603174603174
1,0,1.73,14,,0,0.0,0.0,0,1,1,1,1.0
1,1,1.0,30,0.61,0,58.6,12.0,0,0,1,0,0.42115476190476187
1,0,2.97,12,1.07,0,72.7,3.3,0,0,0,0,0.004
1,1,4.62,10,1.32,0,2.6,0.2,0,0,0,0,0.006666666666666666
1,0,0.51,20,,1,6.7,1.1,0,1,1,1,0.99
1,0,3.58,20,,0,7.8,1.3,0,1,1,1,0.9933333333333333
0,0,2.94,23,,0,33.5,6.4,0,1,1,1,0.9685714285714286
1,0,0.24,9,0.0,0,6.8,0.3,0,0,1,1,1.0
0,0,1.98,21,,2,11.5,1.1,0,1,1,1,1.0
1,0,1.31,37,0.66,0,120.1,7.1,0,0,0,0,0.045
1,0,0.39,17,1.58,0,49.5,3.5,0,0,0,0,0.0325
1,1,0.27,12,0.0,0,34.0,7.0,0,0,1,1,0.99
1,1,0.86,38,1.11,0,152.7,8.9,0,0,0,0,0.09604761904761905
0,0,0.31,6,0.0,0,2.6,0.1,0,0,1,1,1.0
1,1,0.12,13,1.85,0,17.2,1.4,0,0,0,0,0.004
1,1,5.92,12,,0,0.0,0.0,0,1,1,1,0.9915
1,0,0.11,7,0.41,2,10.0,4.1,0,0,0,0,0.25178968253968254
1,0,2.92,30,1.01,0,99.0,6.7,0,0,0,0,0.08171428571428571
1,0,4.41,19,1.92,0,41.7,1.4,0,0,0,0,0.02283333333333333
1,1,2.36,0,,0,0.0,0.0,0,1,1,1,1.0
1,1,2.09,0,,0,0.0,0.0,0,1,1,1,1.0
1,0,1.35,13,0.55,0,19.5,0.9,0,0,0,0,0.15372222222222218
1,1,3.25,13,,0,0.0,0.0,0,1,1,1,1.0
1,1,1.19,20,0.79,0,88.4,6.9,0,0,0,0,0.24683333333333338
0,0,5.2,0,,0,0.0,0.0,1,1,1,1,1.0
1,1,6.14,20,1.72,0,4.4,0.8,0,0,0,0,0.05152380952380952
1,1,10.57,10,1.3,0,12.3,1.5,0,0,0,0,0.0215
1,1,1.5,19,0.0,0,0.0,0.0,0,0,1,1,1.0
1,0,0.23,17,0.4,0,32.5,1.9,0,0,0,0,0.2931944444444444
1,0,2.96,20,0.99,0,87.7,6.8,0,0,0,0,0.0
1,0,0.01,3,0.0,0,0.0,0.0,0,0,1,1,1.0
1,1,8.28,20,1.78,0,78.5,5.0,0,0,0,0,0.096
1,1,2.0,22,0.0,0,0.0,0.0,0,0,1,1,1.0
1,1,6.18,28,,0,18.0,0.4,0,1,0,1,0.6585277777777777
1,1,4.82,10,1.1,0,17.9,1.2,0,0,0,0,0.022857142857142857
1,0,1.34,12,0.85,0,50.5,2.4,0,0,0,0,0.06886363636363636
1,0,2.77,18,,0,0.0,0.0,0,1,1,1,1.0
1,1,0.62,28,1.35,0,39.0,1.9,0,0,0,0,0.09491666666666668
1,0,4.16,20,1.74,0,42.2,2.7,0,0,0,0,0.03066666666666667
0,0,1.97,23,0.1,0,37.0,1.0,0,0,1,0,0.30766666666666664
0,0,2.25,23,,0,10.8,0.7,0,1,1,1,1.0
1,0,0.61,21,0.0,0,0.0,0.0,0,0,1,1,1.0
0,0,3.3,22,,1,0.0,0.0,0,1,1,1,1.0
1,0,4.72,21,0.41,0,60.9,1.5,0,0,0,0,0.037000000000000005
0,0,0.1,10,1.88,0,48.4,3.7,0,0,1,0,0.13416666666666668
1,0,2.01,26,,1,46.3,2.0,0,1,1,1,0.9594999999999999
1,0,2.39,35,,0,34.8,7.2,0,1,1,1,0.8740714285714287
1,0,3.16,0,,0,2.3,0.4,4,1,1,1,1.0
1,0,2.75,0,,0,18.4,2.3,7,1,1,1,0.9597142857142856
1,1,0.65,22,1.33,1,149.4,36.3,0,0,1,0,0.01875
1,1,2.7,15,0.0,0,55.4,4.2,0,0,1,1,1.0
0,0,0.66,0,,0,0.1,0.0,0,1,1,1,1.0
1,1,3.34,9,0.0,2,35.9,3.1,3,0,1,1,0.9726666666666667
1,0,3.7,23,,0,27.9,2.3,0,1,1,1,0.972388888888889
0,0,0.46,21,1.51,0,0.0,0.0,0,0,1,1,1.0
1,1,1.65,12,0.27,0,37.2,3.1,0,0,0,0,0.015666666666666666
1,0,3.98,22,,0,22.2,4.6,0,1,1,1,0.8217857142857143
1,1,0.46,15,1.51,2,11.5,1.1,0,0,0,0,0.27526190476190476
1,0,2.18,7,,0,10.4,0.6,0,1,0,1,0.7658571428571428
1,1,6.16,21,0.45,0,3.3,0.4,0,0,0,0,0.01
1,1,4.67,26,,0,26.6,6.6,0,1,1,1,0.9280595238095237
1,1,0.42,14,0.0,0,34.0,1.6,0,0,1,1,0.9883333333333333
1,0,0.55,22,1.43,0,55.6,5.2,0,0,0,0,0.04
0,0,1.82,36,1.12,0,26.0,2.4,0,0,1,1,0.6677380952380951
1,1,3.4,15,1.08,0,97.9,5.0,0,0,0,0,0.17235714285714288
0,0,0.89,23,0.0,0,4.1,0.6,0,0,1,1,1.0
1,0,4.2,19,0.0,5,98.6,3.8,0,0,1,1,0.9858333333333335
1,0,0.61,22,0.0,1,0.0,0.0,0,0,1,1,1.0
1,0,2.04,20,,1,10.6,0.7,0,1,1,1,1.0
1,0,0.7,16,0.0,0,0.0,0.0,0,0,1,1,1.0
1,0,0.88,22,1.1,0,48.5,6.0,0,0,0,0,0.042
1,0,3.6,11,0.32,0,166.2,15.2,0,0,1,1,0.6231309523809524
1,1,1.27,24,0.7,0,154.5,6.5,0,0,0,0,0.05014285714285714
1,0,6.49,21,0.4,0,13.0,1.3,0,0,0,0,0.006
0,0,0.27,18,0.0,1,5.7,7.0,0,0,1,1,0.9866666666666667
1,0,0.41,18,1.56,0,91.2,7.5,0,0,0,0,0.07328571428571429
1,0,1.06,23,0.0,1,0.0,0.0,0,0,1,1,1.0
1,1,0.08,10,1.89,0,61.7,1.0,0,0,0,0,0.1252063492063492
1,1,5.93,16,1.69,0,12.2,2.0,0,0,0,0,0.015178571428571428
1,1,2.98,0,,1,0.0,0.0,5,1,1,1,1.0
1,0,2.67,22,,3,7.0,1.2,0,1,1,1,1.0
1,0,0.73,0,0.0,0,6.9,0.4,0,0,1,1,1.0
1,0,3.3,25,0.0,0,75.4,29.9,0,0,1,1,0.99375
1,0,1.01,19,,0,2.7,0.3,0,1,1,1,1.0
0,0,0.92,16,0.0,0,0.0,0.0,0,0,1,1,1.0
1,1,0.18,17,0.0,0,0.0,0.0,0,0,1,1,1.0
1,0,3.09,12,0.85,0,98.5,4.2,0,0,0,0,0.0
1,0,2.06,23,,0,1.9,0.3,0,1,1,1,0.9884999999999999
1,1,1.02,28,1.19,0,175.2,9.7,0,0,0,0,0.020388888888888887
0,0,2.1,22,,0,14.8,0.9,0,1,1,1,1.0
1,0,3.9,10,0.05,0,33.8,1.5,0,0,0,1,0.5277976190476191
1,0,2.95,12,0.99,0,23.8,3.0,0,0,0,0,0.005
1,1,1.08,22,0.89,0,75.4,5.3,0,0,0,0,0.05075
1,0,2.25,12,0.92,0,69.1,4.6,0,0,0,0,0.009523809523809523
0,0,0.47,23,0.0,3,54.5,5.2,0,0,1,1,0.9775
1,0,0.39,19,0.0,0,22.7,3.2,0,0,1,1,1.0
1,0,3.12,12,0.84,0,39.5,1.8,0,0,0,0,0.01
1,0,0.77,7,1.2,0,9.1,0.6,0,0,0,0,0.17911904761904757
1,0,1.91,6,0.0,0,0.0,0.0,0,0,1,1,1.0
1,0,2.2,0,,0,2.0,0.6,5,1,1,1,1.0
1,1,0.77,13,1.63,0,17.7,1.8,0,0,0,0,0.11354761904761905
1,1,4.61,24,1.03,0,67.6,6.3,0,0,0,0,0.10544444444444442
1,0,2.13,14,,0,4.8,0.5,0,1,1,1,0.9639047619047618
1,0,0.28,29,0.0,1,49.8,6.6,0,0,1,1,0.9946666666666667
1,0,2.58,28,1.5,0,33.8,1.0,0,0,0,0,0.12532539682539684
1,0,1.92,22,,0,0.0,0.0,0,1,1,1,1.0
1,0,0.79,20,0.03,1,0.0,0.0,0,0,1,1,1.0
1,1,2.92,17,1.01,0,80.0,6.6,0,0,1,0,0.4889404761904762
1,0,0.31,25,0.0,0,36.8,2.5,0,0,1,1,0.9603333333333335
1,1,0.57,15,1.4,2,54.1,4.0,0,0,0,0,0.025
0,0,2.3,37,,0,0.0,0.0,0,1,1,1,1.0
1,0,2.37,21,,0,29.8,3.6,0,1,1,1,0.96
1,0,2.38,13,,0,0.0,0.0,0,1,1,1,1.0
0,0,0.13,22,1.84,0,69.6,3.7,0,0,0,0,0.005
1,0,4.91,32,,0,10.8,1.2,0,1,1,1,0.8633214285714285
1,0,1.48,7,0.83,0,105.5,10.9,0,0,0,0,0.1806547619047619
1,0,1.95,22,,0,64.6,3.7,0,1,1,1,0.9309841269841269
1,1,0.59,15,1.38,3,38.6,1.7,0,0,0,0,0.044404761904761905
1,0,7.73,22,1.1,0,100.6,4.2,0,0,0,0,0.0830238095238095
1,1,4.78,21,0.41,0,60.8,24.7,0,0,0,0,0.0455
1,0,2.98,12,0.96,0,61.9,8.4,0,0,0,0,0.003333333333333333
1,1,1.18,17,1.82,0,67.6,2.1,0,0,0,0,0.08866666666666666
0,0,0.79,14,,0,0.0,0.0,0,1,1,1,1.0
1,1,0.72,20,0.01,0,131.3,10.2,0,0,0,0,0.09076190476190477
1,0,1.73,12,0.98,0,72.9,4.4,0,0,0,0,0.03833333333333334
0,0,1.76,17,,0,0.0,0.0,5,1,1,1,1.0
1,0,0.93,20,1.04,0,54.4,5.9,0,0,0,0,0.0025
1,1,5.46,15,0.0,0,16.5,1.5,0,0,1,1,0.995
1,0,2.99,12,0.0,0,0.6,0.1,0,0,1,1,0.99
1,0,0.94,20,0.0,1,0.0,0.0,0,0,1,1,1.0
1,1,7.27,26,0.38,0,45.5,2.4,0,0,0,0,0.0430952380952381
0,0,5.61,0,,0,0.0,0.0,0,1,1,1,1.0
1,1,5.6,18,1.73,0,50.2,3.7,0,0,0,0,0.044833333333333336
0,0,1.29,0,1.21,1,0.0,0.0,4,0,1,1,1.0
1,0,0.32,14,0.0,2,20.7,0.8,0,0,1,1,1.0
1,0,5.85,22,0.08,0,99.9,4.7,0,0,0,0,0.0025
1,1,2.0,27,,1,43.5,2.8,0,1,0,1,0.7933492063492062
1,0,1.88,21,0.0,0,49.3,1.8,0,0,1,1,1.0
1,1,4.82,24,0.0,0,5.5,0.7,0,0,1,1,0.981
1,0,1.59,21,0.0,0,102.6,11.7,0,0,1,1,1.0
1,0,2.01,12,,0,93.5,7.7,0,1,0,1,0.7646904761904763
1,1,1.05,16,1.74,0,14.3,0.8,0,0,0,0,0.046571428571428576
1,0,0.46,29,1.52,0,245.8,15.9,0,0,0,0,0.06404761904761905
0,0,5.53,14,,0,0.0,0.0,0,1,1,1,1.0
1,1,0.56,12,1.66,0,75.3,6.3,0,0,0,0,0.02372222222222222
0,0,2.86,22,,0,0.0,0.0,0,1,1,1,1.0
1,0,3.35,22,0.07,0,75.6,5.8,0,0,0,0,0.050916666666666666
1,1,3.25,24,0.7,0,40.5,4.0,0,0,0,0,0.030000000000000006
1,1,3.87,20,0.06,0,12.2,2.4,0,0,0,0,0.029761904761904757
1,1,6.42,14,1.58,0,47.7,4.4,0,0,0,0,0.0125
1,0,0.84,14,0.0,0,21.9,1.8,0,0,1,1,1.0
1,0,0.22,0,2.0,0,77.0,1.3,0,0,0,0,0.18708730158730158
1,1,1.08,0,,0,0.0,0.0,2,1,1,1,1.0
0,0,6.46,0,,0,0.0,0.0,0,1,1,1,1.0
1,0,1.1,14,0.88,0,107.5,9.4,0,0,0,0,0.004
1,0,1.33,5,0.01,0,2.6,0.1,0,0,1,1,0.751547619047619
0,0,1.47,21,,0,4.7,0.3,0,1,1,1,1.0
1,1,0.73,8,1.24,0,44.1,4.1,0,0,0,0,0.014333333333333333
1,0,1.51,13,0.46,0,21.0,2.6,0,0,0,0,0.02583333333333333
0,0,2.46,32,,0,13.5,1.1,1,1,1,1,0.9925
1,0,1.98,24,,0,25.6,2.2,0,1,1,1,0.9652222222222221
1,0,11.17,33,,0,0.0,0.0,0,1,1,1,0.9065833333333333
1,0,0.69,23,0.0,1,0.0,0.0,0,0,1,1,1.0
0,0,2.99,21,,0,5.1,0.3,0,1,1,1,1.0
1,1,1.05,23,,0,35.6,6.9,0,1,0,1,0.9449642857142858
1,0,0.92,20,1.06,0,39.0,4.7,0,0,0,0,0.006000000000000001
1,1,4.76,2,0.0,0,0.0,0.0,0,0,1,1,0.99
1,0,2.98,12,0.96,0,44.1,5.7,0,0,0,0,0.0
1,0,7.62,8,1.13,0,10.0,1.2,0,0,0,0,0.11569444444444445
1,0,0.57,18,0.0,0,0.0,0.0,0,0,1,1,1.0
